Date,Open,High,Low,Close,Volume,Change
1997-07-24,543756,555399,543756,555399,20280,
1997-07-25,555399,567043,550742,550741,58500,-0.00838676338992328
1997-07-26,551906,564714,551906,564713,29870,0.025369456786402234
1997-07-28,564714,582179,558892,568207,71120,0.006187213681994264
1997-07-29,568207,568207,560057,565878,69680,-0.004098858338598466
1997-07-30,565878,565878,548413,549577,58140,-0.028806562545283576
1997-07-31,549577,549577,535605,536769,123710,-0.023305196542067863
1997-08-01,541427,541427,528619,535605,43130,-0.0021685305969606494
1997-08-02,535605,544920,535605,535605,58850,0.0
1997-08-04,536769,541427,535605,536769,38680,0.0021732433416417063
1997-08-05,536769,547249,529783,547248,83310,0.01952236436903032
1997-08-06,546084,547249,529783,547248,154210,0.0
1997-08-07,546084,546084,532112,532111,164470,-0.027660219863754665
1997-08-08,532112,541427,532112,534440,103280,0.004376906322177243
1997-08-09,540262,558892,540262,546084,27780,0.02178729137040647
1997-08-11,546084,547249,541427,544919,81190,-0.0021333714227115275
1997-08-12,543756,543756,529783,529783,146030,-0.027776605330333548
1997-08-13,529783,536769,518140,518139,93680,-0.021978810192097464
1997-08-14,518140,520468,483209,489030,203210,-0.05617990539218243
1997-08-16,489031,494852,483209,493688,44200,0.009524978017708463
1997-08-18,500674,503003,496017,496016,23360,0.004715528836025884
1997-08-19,496017,509989,489031,509989,68230,0.028170462243153338
1997-08-20,509989,509989,491359,497181,111900,-0.025114267170468385
1997-08-21,506496,506496,492524,494852,70820,-0.004684410707569309
1997-08-22,496017,500674,486702,489030,130410,-0.011765133817787987
1997-08-23,492524,492524,485538,487866,24920,-0.0023802220722655143
1997-08-25,487866,494852,484373,485537,87760,-0.004773851836364917
1997-08-26,485538,494852,473894,483208,83590,-0.004796750814047179
1997-08-27,483209,489031,483209,483208,27370,0.0
1997-08-28,483209,483209,454100,454099,135400,-0.060241138391748494
1997-08-29,454100,456429,418005,418004,117900,-0.0794870722023171
1997-08-30,407526,407526,385403,385402,163370,-0.07799446895245021
1997-09-01,385403,395882,385403,391224,91370,0.015106304585861041
1997-09-02,397046,401704,393553,395881,66740,0.011903666441731575
1997-09-03,401704,427320,401704,419169,74210,0.05882575824553338
1997-09-04,419169,430813,407526,409854,117490,-0.02222254031190285
1997-09-05,415676,421498,411019,419169,38870,0.022727605439985865
1997-09-06,424991,428484,419169,427319,36500,0.019443231727537036
1997-09-08,428484,434306,420334,429648,279690,0.00545026081218003
1997-09-09,429648,429648,415676,419169,21900,-0.02438973299072733
1997-09-10,419169,424991,416840,424990,20370,0.013887000231410207
1997-09-11,421498,454100,401704,454099,45450,0.06849337631473684
1997-09-12,430813,441292,424991,431977,31160,-0.04871624909986594
1997-09-13,430813,435470,424991,430812,10010,-0.0026969028443644127
1997-09-18,430813,436635,424991,424990,17430,-0.013514015394185841
1997-09-19,419169,419169,395882,406361,35840,-0.0438339725640603
1997-09-20,406361,406361,391225,401703,15330,-0.011462714187631229
1997-09-22,399375,407526,395882,401703,20100,0.0
1997-09-23,397046,397046,385403,395881,14930,-0.014493294797400025
1997-09-24,393553,402868,385403,401703,33330,0.0147064395613834
1997-09-25,402868,407526,370266,378416,22510,-0.057970689788226615
1997-09-26,372595,372595,351636,351636,42470,-0.07076867785717311
1997-09-27,351636,351636,323692,324856,52210,-0.07615830006028956
1997-09-29,320199,331842,314377,324856,81140,0.0
1997-09-30,330678,350472,330678,350471,58010,0.07885032137316217
1997-10-01,360951,378417,356294,378416,149700,0.07973555586624848
1997-10-02,378417,384238,348143,360951,122160,-0.04615291108198383
1997-10-04,356294,365609,350472,363279,17560,0.006449628896997073
1997-10-06,364444,370266,362116,362115,44340,-0.003204148877309132
1997-10-07,364444,366773,356294,356293,17330,-0.01607776535078631
1997-10-08,356294,358622,331842,337664,32420,-0.05228561885863603
1997-10-09,337664,349308,333007,339992,32860,0.006894427596664032
1997-10-10,348143,360951,345815,349307,86040,0.027397703475375845
1997-10-11,359787,366773,355129,363279,8970,0.03999919841285737
1997-10-13,360951,360951,351636,351636,18250,-0.03204974688875495
1997-10-14,359787,363280,356294,358622,21310,0.01986713533312856
1997-10-15,358622,359787,352801,358622,50630,0.0
1997-10-16,353965,353965,330678,330677,54270,-0.07792327297265644
1997-10-17,337664,337664,309719,309719,170570,-0.06337906779122826
1997-10-18,319034,326020,316706,324856,44210,0.048873333570107036
1997-10-20,326020,330678,317870,322527,64320,-0.007169330411012864
1997-10-21,309719,343486,309719,326020,61350,0.010830101045803842
1997-10-22,331842,343486,326020,335335,105810,0.028571866756640807
1997-10-23,341157,342321,320199,333006,63170,-0.006945293512457651
1997-10-24,326020,326020,309719,314376,45500,-0.05594493792904631
1997-10-25,308555,312048,289925,289925,43180,-0.07777629335572689
1997-10-27,279446,291090,267803,267802,64900,-0.07630594119168754
1997-10-28,267803,267803,246844,246844,526720,-0.07825931098348782
1997-10-29,246844,261981,235200,242186,129190,-0.018870217627327435
1997-10-30,232872,238694,223557,223556,138800,-0.07692434740240972
1997-10-31,221228,232872,206091,232871,127520,0.04166741219202352
1997-11-01,227050,251501,227050,251501,46860,0.08000137415135411
1997-11-03,251501,271296,232872,271295,165920,0.07870346439974396
1997-11-04,274789,292254,271296,292254,192760,0.0772553862032106
1997-11-05,308555,315541,296911,308555,241590,0.055776824269299974
1997-11-06,306226,312048,291090,302733,153190,-0.018868597170682677
1997-11-07,302733,302733,279446,279446,63580,-0.07692256873218317
1997-11-08,257323,273624,257323,273624,115210,-0.020834078856022287
1997-11-10,281775,294583,267803,294582,86220,0.07659415840715722
1997-11-11,292254,301569,271296,288760,52980,-0.019763597232689056
1997-11-12,285268,285268,266638,266638,234880,-0.07661033384125226
1997-11-13,266638,278282,248008,250337,367490,-0.06113532204712002
1997-11-14,256159,260816,243351,256158,173990,0.023252655420493262
1997-11-15,256159,260816,252666,254994,85730,-0.00454407045651517
1997-11-17,249173,261981,238694,246844,115540,-0.031961536349874864
1997-11-18,237529,254995,232872,254994,478250,0.03301680413540531
1997-11-19,258488,259652,244515,257323,93200,0.00913354824035073
1997-11-20,257323,267803,241022,267802,138040,0.04072313784620896
1997-11-21,265474,275953,253830,273624,238520,0.021739942196100204
1997-11-22,273624,273624,252666,252665,79900,-0.07659781305733415
1997-11-24,244515,271296,232872,271295,170240,0.07373399560683125
1997-11-25,250337,266638,250337,266638,337910,-0.01716581580935883
1997-11-26,256159,265474,250337,263145,102650,-0.013100158267013717
1997-11-27,263145,263145,251501,260816,187680,-0.008850633681050324
1997-11-28,253830,253830,244515,251501,110420,-0.03571483344580084
1997-11-29,232872,249173,232872,244515,57530,-0.027777225537870653
1997-12-01,245680,251501,239858,239857,68460,-0.019049956035417037
1997-12-02,232872,232872,221228,221228,296530,-0.07766710998636683
1997-12-03,203763,203763,203763,203762,38630,-0.07895022329903989
1997-12-04,220064,220064,211913,220063,1270460,0.0800001963074568
1997-12-05,237529,237529,237529,237529,5520,0.07936818093000642
1997-12-06,256159,256159,237529,237529,415620,0.0
1997-12-08,249173,256159,228214,232871,181990,-0.019610237065789904
1997-12-09,221228,229379,214242,214242,567210,-0.07999707992837235
1997-12-10,230543,230543,216571,218899,165210,0.021737101035277817
1997-12-11,221228,232872,208420,232871,167870,0.06382852365702907
1997-12-12,214242,215406,214242,214242,29170,-0.07999707992837235
1997-12-13,197941,221228,197941,220063,203440,0.027170209389382194
1997-12-15,225886,237529,225886,237529,247820,0.07936818093000642
1997-12-16,256159,256159,237529,256158,228600,0.07842831822640606
1997-12-17,256159,265474,246844,256158,214170,0.0
1997-12-19,256159,256159,236365,236364,193140,-0.07727262080434727
1997-12-20,225886,244515,218899,244515,75360,0.034484946946235384
1997-12-22,244515,248008,232872,244515,134380,0.0
1997-12-23,242187,242187,225886,225885,72950,-0.07619164468437523
1997-12-24,208420,242187,208420,242186,194730,0.07216503973260724
1997-12-26,260816,260816,251501,258487,385940,0.06730777171265068
1997-12-27,238694,250337,238694,250337,157150,-0.03152963205112824
1998-01-03,236365,254995,236365,248008,99300,-0.009303458937352405
1998-01-05,251501,259652,248008,248008,114980,0.0
1998-01-06,249173,250337,238694,245679,94270,-0.009390826102383842
1998-01-07,245680,254995,237529,237529,138900,-0.03317336850117425
1998-01-08,237529,248008,232872,243350,152150,0.024506481313860684
1998-01-09,238694,241022,228214,241022,126710,-0.009566468050133503
1998-01-10,244515,258488,243351,251501,291350,0.043477358913294184
1998-01-12,265474,271296,252666,271295,716570,0.07870346439974396
1998-01-13,279446,292254,271296,292254,1044980,0.0772553862032106
1998-01-14,298076,313213,274789,292254,881480,0.0
1998-01-15,292254,315541,287597,315541,1019770,0.07968068871598
1998-01-16,339993,339993,293418,298075,867490,-0.05535255323396959
1998-01-17,321363,321363,306226,321363,438060,0.07812798792250275
1998-01-19,346979,346979,341157,346978,1034930,0.07970737141487971
1998-01-20,371430,373759,350472,373759,1089150,0.07718356783427183
1998-01-21,372595,372595,344650,344650,414150,-0.07788173662707787
1998-01-22,334171,337664,317870,317869,611580,-0.0777049180327869
1998-01-23,317870,317870,293418,313212,479680,-0.014650689434955955
1998-01-24,313213,323692,307391,319034,352460,0.01858804898918298
1998-01-26,314377,324856,305062,306226,384710,-0.040146191315032276
1998-01-30,330678,330678,330678,330677,159590,0.07984625733935058
1998-01-31,356294,356294,337664,350471,730720,0.05985901650250858
1998-02-02,322527,344650,322527,342321,617160,-0.023254420479868476
1998-02-03,351636,365609,337664,349307,685740,0.020407745946056544
1998-02-04,351636,353965,326020,326020,321200,-0.06666628495850357
1998-02-05,326020,331842,303898,307390,329840,-0.05714373351328139
1998-02-06,309719,331842,309719,324856,597320,0.05682032597026576
1998-02-07,327185,328349,314377,315541,190530,-0.028674243357056706
1998-02-09,317870,331842,317870,321363,315100,0.018450851077989938
1998-02-10,323692,335335,323692,323691,288390,0.007244144472138947
1998-02-11,326020,326020,298076,301568,241710,-0.06834604607480588
1998-02-12,301569,303898,279446,298075,393300,-0.011582793930390523
1998-02-13,302733,312048,300405,300404,286410,0.007813469764321068
1998-02-14,300405,300405,277117,277117,246010,-0.07751894115923885
1998-02-16,287597,287597,279446,279446,145020,0.008404392368566382
1998-02-17,281775,285268,261981,274788,222250,-0.016668694488380598
1998-02-18,277117,291090,274789,287596,239790,0.04661047789568684
1998-02-19,285268,309719,285268,309719,326610,0.07692387933072786
1998-02-20,314377,334171,310884,334170,489820,0.07894575405448157
1998-02-21,331842,331842,321363,323691,157640,-0.03135829069036722
1998-02-23,331842,341157,320199,328349,259180,0.01439026726106074
1998-02-24,323692,324856,312048,320198,130450,-0.02482419620586629
1998-02-25,312048,319034,294583,294582,170040,-0.08000049969081635
1998-02-26,280610,303898,280610,299240,125280,0.015812235642367778
1998-02-27,299240,322527,299240,322527,240030,0.07782047854564889
1998-02-28,322527,331842,319034,326020,209540,0.010830101045803842
1998-03-02,326020,326020,316706,317869,129520,-0.025001533648242424
1998-03-03,316706,346979,309719,327184,324390,0.029304524819973032
1998-03-04,324856,343486,322527,331842,294050,0.014236637488385773
1998-03-05,306226,317870,292254,292254,122860,-0.11929773808017063
1998-03-06,285268,294583,278282,285267,257270,-0.023907286127820337
1998-03-07,291090,296911,287597,296911,127200,0.040817900423112397
1998-03-09,294583,302733,282939,289925,115330,-0.023528936280568957
1998-03-10,284104,296911,280610,296911,125140,0.02409588686729336
1998-03-11,286432,305062,286432,302733,117980,0.01960856957135304
1998-03-12,313213,313213,302733,307390,74090,0.015383192450112881
1998-03-13,307391,307391,285268,298075,83390,-0.030303523211555383
1998-03-14,298076,303898,294583,300404,29920,0.007813469764321068
1998-03-16,300405,312048,300405,305061,79920,0.015502456691655286
1998-03-17,302733,302733,272460,275953,127920,-0.09541698217733507
1998-03-18,271296,278282,264309,271295,109070,-0.016879686033491215
1998-03-19,267803,278282,266638,268966,82540,-0.008584750916898587
1998-03-20,275953,278282,265474,268966,96320,0.0
1998-03-21,267803,267803,257323,263727,30600,-0.019478298372284986
1998-03-23,264892,270131,259652,261980,58900,-0.006624274344303016
1998-03-24,261981,261981,253830,256158,48780,-0.022223070463394112
1998-03-25,253830,254995,243351,251501,91700,-0.01818018566665891
1998-03-26,252666,260816,244515,260816,83770,0.037037626092937925
1998-03-27,251501,261981,249173,261980,104570,0.004462916385497895
1998-03-28,257323,264309,253830,253830,169490,-0.031109244980532913
1998-03-30,254995,254995,231707,253830,114040,0.0
1998-03-31,248008,251501,243351,244515,135280,-0.03669778985935468
1998-04-01,245680,245680,235200,244515,75230,0.0
1998-04-02,241022,243351,215406,228214,140230,-0.06666666666666665
1998-04-03,217735,229379,200852,229378,123930,0.0051004758691404195
1998-04-04,221228,229379,213078,229378,63410,0.0
1998-04-06,217735,227050,217735,218899,79600,-0.045684416116628435
1998-04-07,221228,225886,220064,223556,102700,0.021274651780044618
1998-04-08,223557,231707,215989,215988,130040,-0.0338528154019575
1998-04-09,222393,237529,221228,232871,169950,0.07816637961368222
1998-04-10,232872,235200,225886,225885,57990,-0.029999441751012323
1998-04-11,229379,252666,229379,252665,868250,0.11855590233968605
1998-04-13,266638,271296,256159,256158,244660,0.013824629450062353
1998-04-14,260816,264309,248008,256158,254330,0.0
1998-04-15,257323,259652,247426,254994,106420,-0.00454407045651517
1998-04-16,249173,249173,238694,244515,82370,-0.041095084590225706
1998-04-17,239858,245680,237529,239275,52990,-0.02143017810768255
1998-04-18,240440,243351,232872,238693,41450,-0.0024323477170619112
1998-04-20,238694,239858,231707,232871,71510,-0.024391163544804417
1998-04-21,231707,235200,224139,228796,173730,-0.017498958650926877
1998-04-22,231707,238694,227050,227049,95470,-0.007635623000402103
1998-04-23,223557,225886,215406,216570,45460,-0.04615303304573026
1998-04-24,217735,229379,215406,226467,104930,0.045698850256268075
1998-04-25,224721,228214,217735,220063,17520,-0.02827785063607502
1998-04-27,220064,221228,215406,220063,22510,0.0
1998-04-28,220064,223557,217735,221228,291920,0.005293938553959654
1998-04-29,221228,229379,215989,221228,84470,0.0
1998-04-30,227050,232872,223557,228214,379000,0.0315782812302241
1998-05-02,224721,224721,216571,224721,37170,-0.015305809459542408
1998-05-04,222393,224721,211913,222974,72460,-0.007774084308987628
1998-05-06,215406,217735,210167,212495,296230,-0.04699651080395029
1998-05-07,212495,218899,203763,211913,124370,-0.0027388879738347027
1998-05-08,211913,211913,202598,203762,124540,-0.03846389792037297
1998-05-09,203143,204382,194473,201285,42400,-0.012156339258546756
1998-05-11,194473,201905,193234,194472,59650,-0.03384752962217752
1998-05-12,185802,196950,185802,193234,90890,-0.006365954996091938
1998-05-13,191995,196950,187041,193234,55050,0.0
1998-05-14,191995,205621,188279,199427,73470,0.03204922529161536
1998-05-15,198808,200666,191995,194472,90300,-0.024846184318071285
1998-05-16,187041,198189,187041,192614,13350,-0.009554074622567743
1998-05-18,198189,198189,191995,196330,50790,0.01929247095226727
1998-05-19,190757,198189,190757,193234,157730,-0.015769367900983045
1998-05-20,199427,216150,198189,216149,117730,0.11858679114441562
1998-05-21,213053,215530,199427,199427,142050,-0.0773633003159857
1998-05-22,199427,199427,190757,191995,59540,-0.03726676929402739
1998-05-23,198189,199427,191995,193853,42040,0.009677335347274774
1998-05-25,191995,193853,179609,183324,32040,-0.054314351596312704
1998-05-26,178370,205001,169699,205001,75600,0.11824420152298654
1998-05-27,183325,205001,180847,205001,607220,0.0
1998-05-28,199427,210576,196950,203143,472220,-0.009063370422583317
1998-05-29,200666,227298,198189,227297,602260,0.11890146350108055
1998-05-30,224201,235349,213672,227917,174160,0.002727708680712926
1998-06-01,227917,248975,221724,248974,248250,0.09238889595773903
1998-06-02,241543,241543,232872,235349,475550,-0.054724589716195315
1998-06-03,224201,245259,224201,239065,471770,0.01578931714177667
1998-06-05,230394,245259,230394,241542,279740,0.010361198837136376
1998-06-08,241543,251452,237826,250213,539820,0.035898518684121195
1998-06-09,245259,272509,239065,272509,359020,0.08910807991591163
1998-06-10,266316,271271,253929,267554,259030,-0.018182885702857532
1998-06-11,261361,286135,258884,278702,240830,0.04166635520306183
1998-06-12,267555,291090,267555,291089,364140,0.04444532152621794
1998-06-13,282419,293567,279942,292328,145800,0.004256430163970482
1998-06-15,292328,308431,287374,297283,252270,0.016950138200924947
1998-06-16,288612,296044,284277,286134,377270,-0.03750298537084196
1998-06-17,284896,303476,283658,299760,285940,0.047621044685357106
1998-06-18,299760,328250,298522,319579,270260,0.06611622631438485
1998-06-19,312147,331966,310909,331966,120920,0.03876036911061109
1998-06-20,334443,343114,331966,343114,70750,0.0335817523481321
1998-06-22,346830,362314,338160,356739,120360,0.03970983404932471
1998-06-23,356740,367888,353024,359217,177110,0.006946254824956144
1998-06-24,359217,369746,356740,366029,115580,0.01896346776461022
1998-06-25,366030,366030,354262,364171,297900,-0.005076100527553806
1998-06-26,359217,362933,351785,362933,294270,-0.003399501882357492
1998-06-27,359217,371604,354262,371603,1934680,0.023888706730994524
1998-06-29,364172,396377,362933,396377,663800,0.06666792248717046
1998-06-30,390184,393900,379036,386468,226030,-0.024998927788443814
1998-07-01,340637,346830,340637,340636,302710,-0.11859196621712531
1998-07-02,299760,299760,299760,299760,126980,-0.1199990605807959
1998-07-03,263839,263839,263839,263838,37370,-0.119835868694956
1998-07-04,232252,248975,232252,237826,1671180,-0.09859080193148828
1998-07-06,244020,252691,239065,241542,597720,0.015624868601414432
1998-07-07,240304,252691,229156,242781,472210,0.005129542688228073
1998-07-08,242781,260123,237826,252071,531260,0.03826493836008593
1998-07-09,248975,264458,248975,253929,442330,0.007370939140162847
1998-07-10,253929,258884,252691,255167,276900,0.004875378550697196
1998-07-11,253929,263839,252691,262600,171180,0.0291299423514797
1998-07-13,260123,276226,260123,274986,225820,0.04716679360243714
1998-07-14,278703,294806,277464,292328,314750,0.06306502876510067
1998-07-15,298522,302238,286135,294805,225080,0.008473358692975053
1998-07-16,294806,297283,291090,293567,186040,-0.004199386034836605
1998-07-18,293567,309670,293567,303476,227110,0.03375379385285138
1998-07-20,303476,314625,302238,312147,187300,0.028572275896611155
1998-07-21,313386,339398,312147,331966,233360,0.06349252115189308
1998-07-22,334443,344353,329489,329488,124560,-0.007464619870709677
1998-07-23,333824,339398,327011,330108,140790,0.001881707376292896
1998-07-24,329489,335682,327631,329488,240230,-0.0018781732039211407
1998-07-25,325773,330727,324534,324534,134920,-0.015035448938959806
1998-07-27,324534,328250,318341,325772,220960,0.0038147004628175107
1998-07-28,325773,359217,325773,359217,338350,0.10266382623429893
1998-07-29,352404,360456,349308,360455,775690,0.00344638477577619
1998-07-30,357978,360456,351785,360455,582390,0.0
1998-07-31,354262,359217,353024,353023,101260,-0.020618385096613956
1998-08-01,351785,356740,348069,356739,88470,0.010526226336527555
1998-08-03,350546,355501,349308,355501,87770,-0.0034703242426535885
1998-08-04,353024,355501,349308,355501,45740,0.0
1998-08-05,356740,356740,346830,355501,90750,0.0
1998-08-06,350546,353024,348069,353023,62210,-0.00697044452758222
1998-08-07,351785,359217,348069,359217,63320,0.0175455990119624
1998-08-08,355501,355501,350546,351784,13300,-0.020692227817725728
1998-08-10,348069,351785,347450,347449,30790,-0.01232290269028724
1998-08-11,349308,359217,347450,348068,70300,0.0017815564298644393
1998-08-12,340637,344353,306573,336920,48480,-0.032028224369950675
1998-08-13,334443,336921,328250,328250,69830,-0.025733111717915258
1998-08-14,322057,322057,297283,305953,73560,-0.06792688499619193
1998-08-17,294806,307193,291090,307192,33760,0.004049641611620025
1998-08-18,284896,312147,284896,307192,27740,0.0
1998-08-19,307193,315863,305954,313385,63190,0.02016003020912005
1998-08-20,315863,315863,307193,308431,90580,-0.015808031654354848
1998-08-21,309670,312147,307812,309669,78110,0.00401386371668222
1998-08-22,304715,317102,304715,310908,26950,0.0040010462784456635
1998-08-24,307193,327011,304715,318959,18650,0.02589512009983652
1998-08-25,315863,334443,313386,327011,30070,0.02524462391718063
1998-08-26,327011,345592,327011,345591,38060,0.05681766056799309
1998-08-27,346830,349308,344353,346210,37610,0.0017911346070933476
1998-08-28,333205,350546,333205,350546,189480,0.012524190520204481
1998-08-29,346830,356740,345592,353023,85520,0.007066119710394725
1998-08-31,349308,371604,346830,371603,297090,0.05263113168263822
1998-09-01,360456,371604,359217,367887,156450,-0.009999919268681934
1998-09-02,362933,383991,360456,383990,133280,0.043771592907604795
1998-09-03,382752,402571,375320,383990,122570,0.0
1998-09-04,376559,383991,376559,382751,72400,-0.0032266465272533518
1998-09-05,376559,382752,374081,379035,36640,-0.009708661767049542
1998-09-07,374081,390184,374081,380274,104850,0.003268827416993192
1998-09-08,380275,382752,376559,379035,26990,-0.003258176998690465
1998-09-09,377797,382752,374081,377797,29520,-0.003266189138206199
1998-09-10,377797,423009,372843,423009,52860,0.11967273429910774
1998-09-11,377797,383991,372843,372842,82800,-0.11859558543671644
1998-09-12,372843,383991,372843,383990,45180,0.0299000649068506
1998-09-14,377797,381513,375320,379035,31140,-0.012903981874528014
1998-09-15,372843,375320,366649,367887,74540,-0.029411531916577638
1998-09-16,349308,366649,349308,356739,11360,-0.030302783191577864
1998-09-17,356740,356740,350546,351784,8710,-0.013889706480087693
1998-09-18,346830,354262,346830,353023,14480,0.0035220476201305306
1998-09-19,346830,353024,346830,348068,13740,-0.014035912674244977
1998-09-21,348069,354262,343114,346830,24380,-0.0035567762621097065
1998-09-22,346830,349927,344353,346830,39280,0.0
1998-09-23,346830,346830,341876,345591,13970,-0.00357235533258371
1998-09-24,344353,348069,341876,345591,40140,0.0
1998-09-25,345592,345592,340637,343114,21490,-0.007167432022245901
1998-09-26,343114,352404,341876,341875,23840,-0.003611044725659651
1998-09-28,345592,346830,340018,340636,53700,-0.0036241316270566593
1998-09-29,335682,343114,335682,339398,64700,-0.0036343780457731567
1998-09-30,339398,346830,331966,331966,5576160,-0.02189759515377232
1998-10-01,329489,340637,329489,330727,40750,-0.003732309935354783
1998-10-02,328250,332585,325773,328250,19940,-0.007489560876493329
1998-10-07,323295,333205,323295,331966,20720,0.01132063975628328
1998-10-08,331966,345592,331966,341875,12440,0.029849442412777316
1998-10-09,339398,351785,339398,348688,100870,0.01992833638025604
1998-10-10,356740,359217,354262,356120,18810,0.021314183453402524
1998-10-12,349308,365410,349308,364171,56610,0.022607548017522294
1998-10-13,359217,365410,355501,359217,35540,-0.013603499454926449
1998-10-14,341256,349308,334443,336920,103790,-0.06207111578794988
1998-10-15,334443,365410,334443,359217,186850,0.06617891487593486
1998-10-16,359217,365410,350546,353023,135430,-0.017243059209335887
1998-10-17,349927,362933,345592,353023,64870,0.0
1998-10-19,353024,359217,313386,340636,74990,-0.03508836534730031
1998-10-20,330727,346830,330727,346210,85900,0.016363508261017623
1998-10-21,345592,345592,310289,312147,58400,-0.09838826145980761
1998-10-22,312147,328250,309670,315863,52120,0.011904647489804576
1998-10-23,313386,313386,278084,289851,86550,-0.08235215900564485
1998-10-24,290470,298522,290470,296044,15820,0.02136615019441024
1998-10-26,297283,297283,273748,275606,70140,-0.06903703503533254
1998-10-27,281180,284277,244020,265077,85770,-0.03820308701552211
1998-10-28,253929,279942,253929,277464,57080,0.046729818128317335
1998-10-29,277464,298522,277464,293567,62420,0.05803635786984973
1998-10-30,299760,309670,298522,303476,89120,0.03375379385285138
1998-10-31,308431,322057,305954,319579,67400,0.05306185662128149
1998-11-02,313386,322057,299760,317101,104900,-0.007753951292168715
1998-11-03,317102,328250,307193,314624,118680,-0.007811391323269246
1998-11-04,314625,314625,299760,314624,144770,0.0
1998-11-05,314625,318341,304715,314624,120330,0.0
1998-11-06,314625,314625,305334,311527,78230,-0.009843495728234286
1998-11-07,303476,309670,300999,309050,40070,-0.00795115672156832
1998-11-09,300999,334443,298522,334443,2832530,0.08216469826888861
1998-11-10,318341,319579,309051,313385,349590,-0.06296439154056144
1998-11-11,300999,314625,300999,314624,365260,0.0039536033951848015
1998-11-12,307193,312147,297283,297283,453180,-0.05511658360455651
1998-11-13,297283,297283,283658,284896,316680,-0.04166736745794408
1998-11-14,287374,305334,284896,300999,213840,0.0565223800965966
1998-11-16,328488,328488,316118,318866,122350,0.05935900119269499
1998-11-17,318867,327113,316118,316117,146060,-0.008621176293490018
1998-11-18,316118,335360,309246,317492,167720,0.004349655349127124
1998-11-19,317492,331236,317492,331236,191960,0.043289279729882946
1998-11-20,343606,348417,331236,343606,304270,0.03734497458005781
1998-11-21,343606,350478,336734,336734,55670,-0.01999965076279231
1998-11-23,306497,332611,297563,332610,67710,-0.012247055539387208
1998-11-24,339483,341545,317492,327113,128570,-0.016526863293346516
1998-11-25,329862,335360,317492,322989,88380,-0.012607264156422993
1998-11-26,318179,322990,303061,303060,88990,-0.06170179170188461
1998-11-27,303061,315431,303061,309245,176460,0.020408499967003335
1998-11-28,316118,318867,310620,316117,147080,0.02222186292421857
1998-11-30,322990,322990,305810,306496,101960,-0.030434933901055672
1998-12-01,306497,309246,296876,308558,80410,0.0067276571309249356
1998-12-02,301686,311995,300999,308558,49840,0.0
1998-12-03,308558,316118,300999,300999,57110,-0.02449782536832623
1998-12-04,306497,309246,295501,309245,89440,0.02739543985195958
1998-12-05,316118,327113,316118,317492,96070,0.026668175718281617
1998-12-07,322990,327113,317492,318866,161160,0.004327668098723647
1998-12-08,320241,322990,303748,306496,102730,-0.03879372526390401
1998-12-09,309246,329862,302374,313368,101600,0.022421173522656046
1998-12-10,329862,332611,306497,309245,321550,-0.013157054964131665
1998-12-11,311307,322990,302374,309245,224090,0.0
1998-12-14,313369,316118,283132,310620,191330,0.004446312794063045
1998-12-15,310620,316118,290004,310620,855100,0.0
1998-12-16,313369,322990,296189,311994,186520,0.004423411242032049
1998-12-17,322990,327113,311995,325738,915870,0.04405212920761303
1998-12-18,339483,342232,317492,318866,305700,-0.021096709625527232
1998-12-21,336734,366284,321615,366284,707540,0.1487082348070976
1998-12-22,391711,420574,380029,420574,572180,0.1482183223946445
1998-12-23,427446,452186,398583,424010,488570,0.008169787005378293
1998-12-24,427446,443939,399958,438441,523680,0.03403457465625803
1998-12-28,439816,481049,419200,419199,5800870,-0.043887318932307906
1999-01-04,412328,481049,382090,398583,4491010,-0.04917950663050241
1999-01-05,405455,406830,369720,371094,315110,-0.0689668149419318
1999-01-06,364223,382090,354602,354601,1048060,-0.04444426479544261
1999-01-07,407517,407517,384839,407517,3325700,0.1492268775327763
1999-01-08,399958,399958,362161,369720,1105840,-0.09274950492862877
1999-01-11,361474,389650,344981,364909,1321090,-0.0130125500378665
1999-01-12,364910,382090,360099,364222,777710,-0.0018826611566171714
1999-01-13,369720,372469,353227,355976,542830,-0.022640038218449177
1999-01-14,353227,353227,316118,316117,780130,-0.11197103175494982
1999-01-15,329862,350478,320241,338108,3363430,0.06956601511465688
1999-01-18,350478,362848,336734,346355,6213280,0.02439161451370575
1999-01-19,349104,350478,333985,347042,3171330,0.0019835140246278193
1999-01-20,349791,364223,341545,348416,2297460,0.0039591749701766155
1999-01-21,349104,350478,329862,329862,1123620,-0.05325243387215284
1999-01-22,324364,336734,318179,322989,1060410,-0.020835985957764147
1999-01-25,322990,327113,313369,314743,754580,-0.0255302812170074
1999-01-26,329862,335360,316118,316117,1341580,0.0043654664281651545
1999-01-27,321615,325739,316118,324364,2742650,0.02608844193763704
1999-01-28,325739,328488,319554,319553,1197530,-0.014832102206163489
1999-01-29,319554,342232,319554,335359,1514440,0.04946284340938756
1999-02-01,336734,346355,329862,333985,4406520,-0.004097101911682666
1999-02-02,336734,338109,320241,327113,3911220,-0.02057577436112401
1999-02-03,329862,336734,322990,327113,5370200,0.0
1999-02-04,332611,332611,322990,327113,2607350,0.0
1999-02-05,329862,329862,320241,320241,1109770,-0.0210080308639522
1999-02-08,322990,327113,307871,307871,961200,-0.03862715892093771
1999-02-09,291378,299625,281757,288629,1186800,-0.06250020300710357
1999-02-10,288629,293440,278321,290003,823900,0.004760436407983848
1999-02-11,295501,297563,287942,291378,540280,0.0047413302621006626
1999-02-12,298250,321615,298250,316117,1137410,0.08490345873744753
1999-02-18,328488,328488,310620,310620,888160,-0.017389131239382905
1999-02-19,302374,309246,292065,306496,959890,-0.013276672461528527
1999-02-22,295501,303748,295501,298250,494550,-0.026904103153059133
1999-02-23,302374,306497,296876,302373,738630,0.013823973176865012
1999-02-24,305122,307871,298250,298250,578790,-0.013635476712537176
1999-02-25,295501,301686,292753,296875,531510,-0.004610226320201138
1999-02-26,298250,322990,291378,313368,3287510,0.055555368421052576
1999-03-02,316118,324364,309246,313368,1386850,0.0
1999-03-03,313369,329862,309246,324364,2839490,0.03508973475275079
1999-03-04,322990,322990,316118,316117,1055580,-0.025425139657915152
1999-03-05,314743,322990,310620,318866,973340,0.008696147312545754
1999-03-08,317492,324364,314056,324364,1784040,0.017242352586980036
1999-03-09,324364,325739,316118,316117,904190,-0.025425139657915152
1999-03-10,316118,316118,309246,310620,627940,-0.017389131239382905
1999-03-11,307871,322990,306497,313368,1666180,0.008846822484064099
1999-03-12,316118,320241,311995,314743,853550,0.004387812412243841
1999-03-15,324364,336734,320241,324364,2243090,0.030567796583244045
1999-03-16,325739,327800,320241,322302,695470,-0.006357055653525068
1999-03-17,322990,325739,309246,311307,5795380,-0.034113967645251986
1999-03-18,309933,314056,303748,303747,944410,-0.024284709306247487
1999-03-19,303748,313369,302374,306496,1092380,0.009050295146947995
1999-03-22,306497,316118,303748,309245,2130990,0.008969121946126535
1999-03-23,313369,320241,311307,316117,1060010,0.02222186292421857
1999-03-24,317492,327113,316118,324364,1719370,0.02608844193763704
1999-03-25,324364,328488,310620,316117,4377110,-0.025425139657915152
1999-03-26,318867,319554,313369,319553,1248040,0.010869393294254959
1999-03-29,316118,317492,311995,312681,828680,-0.02150503985254404
1999-03-30,313369,322303,309246,314743,6623700,0.006594580419021279
1999-03-31,317492,336047,309246,325738,9548060,0.0349332630114092
1999-04-01,331924,364223,327113,364222,9049310,0.11814402986449224
1999-04-02,364223,371095,353227,357350,5616640,-0.018867613708123065
1999-04-06,361474,371095,353914,368345,4867430,0.03076815447040726
1999-04-07,371095,373844,355976,355976,3549370,-0.033579931857361967
1999-04-08,329862,340857,325052,334672,5665460,-0.05984673124030837
1999-04-09,336734,341545,322303,338108,3743770,0.01026676865707321
1999-04-12,357351,357351,344294,349791,3638430,0.034554047819040035
1999-04-13,349791,349791,340170,340170,2163230,-0.027504995840373248
1999-04-14,346355,349791,340857,342231,1784470,0.006058735338213328
1999-04-15,342232,364223,336734,351852,3037120,0.02811259061861726
1999-04-16,351853,369720,344981,357350,2949590,0.015625888157520862
1999-04-19,383465,395834,364910,395834,5197000,0.10769273821183711
1999-04-20,388962,402707,379341,397208,5188320,0.003471152048585946
1999-04-21,397209,406830,389650,392398,3349640,-0.012109524480876543
1999-04-22,392398,392398,365597,377966,3563180,-0.03677898460236806
1999-04-23,377967,382090,343606,349104,4793010,-0.07636136583713882
1999-04-26,344981,360099,324364,343606,5055250,-0.015748888583344778
1999-04-27,350478,355976,333985,340170,2667800,-0.009999825381396099
1999-04-28,340170,350478,336734,339483,2905170,-0.0020195784460710353
1999-04-29,336734,343606,335360,342919,2235040,0.010121272641045342
1999-04-30,343606,347730,330549,333298,2117170,-0.028056188196046272
1999-05-03,336734,340170,323677,326425,2468680,-0.020621185845699608
1999-05-04,326426,348417,322990,340857,5435600,0.04421229991575393
1999-05-06,351509,355060,340857,344408,2221370,0.010417858515447742
1999-05-07,348846,351509,334644,337306,1754130,-0.02062089150077817
1999-05-10,333756,333756,320442,320441,1947050,-0.04999911059987072
1999-05-11,320442,342633,320442,324879,2102720,0.013849663432581982
1999-05-12,324880,326655,312453,317778,1114870,-0.021857368435632907
1999-05-13,311565,316003,294700,294699,1320490,-0.07262617298869023
1999-05-14,300026,310677,292924,299137,1505200,0.015059433523697097
1999-05-17,299138,307127,292924,292924,731450,-0.020769747640713154
1999-05-18,292924,296475,288486,292924,737250,0.0
1999-05-19,296475,298250,284936,285823,904310,-0.024241782851524674
1999-05-20,292924,294700,270733,273396,1141150,-0.043477956637499426
1999-05-21,273396,279610,262744,263631,803370,-0.035717420883992435
1999-05-24,258306,275171,254755,265407,1111440,0.0067366887809097165
1999-05-25,262744,265407,249430,252092,1156120,-0.05016823218679234
1999-05-26,252980,260969,244991,252092,2018300,0.0
1999-05-27,252092,282273,244991,263631,5264340,0.04577297177221018
1999-05-28,266295,270733,257418,260081,1574650,-0.013465791200579558
1999-05-31,260081,269845,254755,258306,2737690,-0.006824796890199547
1999-06-01,253868,261857,250317,251204,1854570,-0.027494522001037525
1999-06-02,253868,261857,251205,256530,3434610,0.02120189168962283
1999-06-03,260969,270733,254755,257418,3350460,0.003461583440533378
1999-06-04,257418,264520,250317,251204,1729760,-0.02413972604868342
1999-06-07,254755,262744,252980,256530,2243300,0.02120189168962283
1999-06-08,259194,276059,252980,276059,2650670,0.0761275484348809
1999-06-09,278722,297363,272508,276946,5572090,0.003213081261614459
1999-06-10,278722,286711,268070,283160,3724820,0.022437587110844648
1999-06-11,284936,310677,284048,308014,5625100,0.08777369684983749
1999-06-14,319554,327543,311565,316003,4536770,0.025937132727733125
1999-06-15,310677,310677,280497,298250,2754000,-0.05617984639386331
1999-06-16,302689,309790,298250,301800,1689120,0.01190276613579222
1999-06-17,300913,306239,291149,293812,2017400,-0.02646785950960906
1999-06-18,290261,303576,284048,284047,1082250,-0.03323553837147564
1999-06-21,280497,294700,276947,285823,1524290,0.006252486384295652
1999-06-22,291149,316003,290261,310677,3837120,0.08695591327499885
1999-06-23,316003,317779,300026,308902,1895570,-0.005713329277674206
1999-06-24,304464,314228,296475,296474,1394670,-0.040232824649888976
1999-06-25,296475,307127,293812,300913,1383850,0.014972645156067665
1999-06-28,301801,303576,289374,289373,1353670,-0.03834995497037352
1999-06-29,291149,294700,281385,283160,1476250,-0.021470558759801417
1999-06-30,284048,286711,270733,272508,1437670,-0.037618307670574946
1999-07-01,275171,289374,275171,279609,1716210,0.026057950592276224
1999-07-02,264520,290261,264520,278721,3996940,-0.0031758634378721284
1999-07-05,291149,308014,287598,296474,4706020,0.06369451889165156
1999-07-06,289374,337307,285823,335531,17673010,0.13173836491564184
1999-07-07,351509,371038,337307,346183,15668700,0.03174669404615371
1999-07-08,339082,342633,328430,339969,6577050,-0.017950043762980816
1999-07-09,339970,353285,333756,346183,6278180,0.01827813712426729
1999-07-12,349734,355060,321329,330205,6342520,-0.046154779408578706
1999-07-13,328430,343520,321329,338194,5625250,0.02419406126497181
1999-07-14,353285,379914,350622,371925,18908030,0.0997386115661425
1999-07-15,379026,402993,368375,402992,16089280,0.0835302816428043
1999-07-16,417195,463353,412757,463353,20544120,0.14978212967006788
1999-07-19,479331,529039,474005,497083,20400480,0.07279547127136321
1999-07-20,482881,509511,461578,465128,13182770,-0.06428503891704207
1999-07-21,474005,514837,458915,513061,17446390,0.1030533530555029
1999-07-22,497084,521938,464241,500634,16260720,-0.024221291425386093
1999-07-23,505960,539691,443825,452701,16807310,-0.09574459585245909
1999-07-26,438499,452701,392341,399442,13148870,-0.11764718876256075
1999-07-27,422521,452701,413645,440274,9859390,0.10222260052773624
1999-07-28,440274,456252,426072,427847,9472790,-0.02822560496418136
1999-07-29,461578,491758,449151,491757,13777420,0.14937582827506102
1999-07-30,513061,535253,470454,518387,18189110,0.05415276244161249
1999-08-02,532590,566320,527264,557443,15977650,0.07534139552110686
1999-08-03,564545,576972,527264,550342,9613650,-0.012738522144865039
1999-08-04,541466,565433,534365,557443,8123000,0.012902885841894696
1999-08-05,541466,550343,489095,504184,8536010,-0.09554160694456648
1999-08-06,514837,527264,493533,527263,7644280,0.04577495517509478
1999-08-09,568096,606265,553006,606264,19701940,0.14983224690524466
1999-08-10,632007,674614,619579,633781,18174550,0.045387817848330014
1999-08-11,637332,647984,596501,621354,14415280,-0.01960771938571837
1999-08-12,626681,637332,607152,624905,6466740,0.0057149386662032065
1999-08-13,616029,637332,596501,621354,9790770,-0.005682463734487664
1999-08-16,596501,621355,585849,588511,7620510,-0.052857147455395825
1999-08-17,585849,600051,524601,530814,11339340,-0.09803894914453593
1999-08-18,505960,555669,481106,532589,11616180,0.003343920846096804
1999-08-19,537916,546792,514837,514836,5405710,-0.03333339592068185
1999-08-20,523713,537916,514837,518387,4891370,0.006897342066211287
1999-08-23,529039,556556,523713,556556,4996470,0.07363031866154057
1999-08-24,562770,601826,546792,571646,7691650,0.027113174595188916
1999-08-25,580523,630231,580523,603601,10361470,0.05589998005758812
1999-08-26,603602,637332,596501,612478,9288810,0.014706735078305
1999-08-27,612478,674614,608928,647984,13871270,0.05797106181773071
1999-08-30,647984,663962,624905,624905,8344640,-0.03561662016346079
1999-08-31,617804,665737,614254,665737,9800750,0.0653411318520416
1999-09-01,683490,699468,656861,663961,12009070,-0.0026677201357292457
1999-09-02,589399,644434,589399,630231,10844480,-0.05080117657513017
1999-09-03,656861,672838,634669,669287,10221950,0.06197092812000671
1999-09-06,683490,695030,660411,681714,7406470,0.018567520361220113
1999-09-07,678164,683490,665737,669287,4728570,-0.01822905206582237
1999-09-08,676389,704794,671951,697692,10132630,0.042440686880217404
1999-09-09,711895,726097,694142,718996,8042710,0.0305349638522443
1999-09-10,718996,722547,697693,699467,6484220,-0.02716148629477777
1999-09-13,713670,723434,658636,704793,9861320,0.007614369226854212
1999-09-14,700356,702131,671063,674613,5921730,-0.04282108363732329
1999-09-15,680827,692367,662187,670175,4601060,-0.006578586537763109
1999-09-16,652422,655085,603602,607152,6970710,-0.09403961651807369
1999-09-17,589399,633782,580523,628455,7572180,0.03508676575223335
1999-09-20,647984,652422,618692,624905,4523030,-0.005648773579651656
1999-09-21,699468,713670,642658,706569,12604780,0.13068226370408298
1999-09-22,724322,770480,710120,718996,11170180,0.017587808126311888
1999-09-27,754502,754502,713670,718108,6472750,-0.0012350555496831728
1999-09-28,711895,727873,683490,695029,5690030,-0.032138619817631886
1999-09-29,674614,683490,614254,616028,8042550,-0.11366576070926537
1999-09-30,601826,633782,581410,585848,10521090,-0.04899127961716021
1999-10-01,601826,603602,558332,589399,8928430,0.006061299176578272
1999-10-04,584073,596501,550343,550342,5853790,-0.06626580635528734
1999-10-05,552118,564545,467791,467791,16434360,-0.14999945488441735
1999-10-06,479331,530814,470454,529039,14596830,0.1309302658665943
1999-10-07,511286,525489,493533,522825,17364150,-0.011745825922096498
1999-10-08,520163,520163,488207,495308,8904080,-0.05263137761201164
1999-10-11,470454,486432,450038,470454,13266770,-0.050178878596751963
1999-10-12,471342,490870,471342,475780,8968790,0.011320979309348056
1999-10-13,474893,474893,445600,459802,8406340,-0.03358274832905961
1999-10-14,443825,491758,443825,470454,12903610,0.023166493403682376
1999-10-15,489983,491758,461578,470454,6854240,0.0
1999-10-18,445600,458027,436724,436723,5091500,-0.07169882709042752
1999-10-19,447375,451814,414532,421633,6890390,-0.034552794334166026
1999-10-20,426072,431398,410982,413644,6964140,-0.018947757884226313
1999-10-21,422521,429622,406544,410094,23096100,-0.008582259140710424
1999-10-22,410094,416308,394116,401217,9220490,-0.02164625671187581
1999-10-25,395892,398555,355060,355947,9189300,-0.11283170952377397
1999-10-26,342633,378139,342633,363936,13198460,0.022444352670481837
1999-10-27,358610,376363,351509,355059,7310790,-0.02439165127934584
1999-10-28,346183,395892,330206,372812,21691710,0.05000014082166615
1999-10-29,378139,385240,354172,354172,16182550,-0.049998390609744314
1999-11-01,366599,380802,355060,376363,17416050,0.06265599765085894
1999-11-02,382577,413645,381689,408318,16423290,0.08490473293070777
1999-11-03,417195,426072,398555,404768,13568110,-0.008694204027253294
1999-11-04,417195,452701,417195,452701,15238650,0.1184209226025772
1999-11-05,479331,513061,474005,500634,22033350,0.10588224898995136
1999-11-08,505960,505960,470454,472229,15825040,-0.056738056144808424
1999-11-09,474005,489095,473117,481106,13102510,0.018798083133394927
1999-11-10,481106,483769,461578,464240,15374860,-0.03505672346634625
1999-11-11,480926,513315,467185,499574,14317250,0.07611149405479933
1999-11-12,513315,571222,510370,557481,17398940,0.11591275766953446
1999-11-15,596741,596741,545704,553555,13678850,-0.007042392476156123
1999-11-16,549630,551593,521167,533925,10092530,-0.03546169757296025
1999-11-17,520185,528037,483870,484851,12680480,-0.09191178536311284
1999-11-18,475037,505463,472093,502518,10064830,0.03643799847788287
1999-11-19,496630,518222,491722,496629,8642990,-0.011718983200601718
1999-11-22,498593,518222,493685,497611,5652670,0.0019773311667261595
1999-11-23,486815,493685,477981,480925,4002290,-0.03353221693250352
1999-11-24,473074,495648,467185,477000,5175080,-0.0081613557207465
1999-11-25,478963,490741,463259,463259,7095910,-0.028807127882599537
1999-11-26,463259,469148,427926,432833,6305150,-0.06567816275560756
1999-11-29,432833,461296,423019,461296,6716920,0.06575977339990247
1999-11-30,461296,478963,455407,467185,8279210,0.012766206513821876
1999-12-01,467185,484852,454426,471111,7327730,0.008403523229555843
1999-12-02,475037,497611,463259,471111,7356230,0.0
1999-12-03,475037,480926,451481,457370,4316670,-0.029167223860194325
1999-12-06,464241,476019,454426,460314,6071280,0.006436801714148288
1999-12-07,463259,469148,417130,423018,8352530,-0.0810229538966879
1999-12-08,406333,435778,395537,412222,9073290,-0.025521372612985704
1999-12-09,422037,437741,416148,428907,8199240,0.04047576305971057
1999-12-10,431852,445593,419093,435777,8036560,0.016017458330127576
1999-12-13,441667,445593,424981,424981,5707430,-0.024774139066540912
1999-12-14,422037,433815,412222,412222,5573080,-0.030022518653775143
1999-12-15,408296,420074,395537,402407,5415520,-0.023809985881394047
1999-12-16,403389,415167,399463,402407,7449130,0.0
1999-12-17,412222,462278,408296,462277,14879510,0.14877971804665435
1999-12-20,477000,519204,458352,461296,16829780,-0.002122104279468795
1999-12-21,463259,486815,429889,438722,11716520,-0.04893604106690719
1999-12-22,445593,450500,424981,437740,7097730,-0.0022383194824968644
1999-12-23,431852,441667,410259,414185,6242930,-0.05381048110750675
1999-12-24,414185,432833,414185,431851,4989020,0.04265243792025308
1999-12-27,447556,478963,436759,450500,8707970,0.043183875920166814
1999-12-28,451481,473074,428907,473074,9383380,0.050108768035516116
2000-01-04,484852,519204,475037,505462,9275920,0.06846286204695251
2000-01-05,474056,489759,446574,453444,7414370,-0.10291179158868524
2000-01-06,461296,467185,424981,429888,6529140,-0.05194908301796919
2000-01-07,416148,439704,408296,425962,10492270,-0.009132611284799808
2000-01-10,431852,437741,422037,422037,8041690,-0.00921443696855584
2000-01-11,431852,457370,429889,437740,11268920,0.03720763819285988
2000-01-12,431852,455407,427926,443629,6916500,0.01345319139215051
2000-01-13,451481,462278,441667,461296,11180640,0.03982381674777802
2000-01-14,476019,482889,443630,447555,12338010,-0.029787815198917822
2000-01-17,465222,501537,459333,488777,20475240,0.09210488096435077
2000-01-18,490741,504481,472093,490740,14581100,0.004016146422601619
2000-01-19,490741,502519,480926,480925,13326650,-0.020000407547784982
2000-01-20,477981,530000,468167,530000,24274380,0.10204293808805942
2000-01-21,520185,557481,518222,522148,31238800,-0.014815094339622692
2000-01-24,537852,546685,526074,530000,12233700,0.01503788197982181
2000-01-25,520185,526074,506444,508407,10446560,-0.040741509433962264
2000-01-26,513315,522148,506444,519203,9108240,0.02123495545891374
2000-01-27,520185,526074,500556,510370,8991610,-0.01701261356348094
2000-01-28,510370,549630,506444,543740,16882700,0.06538393714364088
2000-01-31,530981,535889,516259,518222,12865150,-0.0469305182624048
2000-02-01,510370,516259,480926,480925,19525890,-0.07197108575089439
2000-02-02,479944,480926,455407,469148,16169750,-0.024488225814836007
2000-02-03,463259,473074,446574,452462,15889810,-0.03556660158414826
2000-02-07,444611,464241,437741,451481,13440440,-0.0021681378767719472
2000-02-08,465222,476019,459333,468166,11379520,0.036956150978668
2000-02-09,473074,477000,455407,459333,6816770,-0.018867239397991287
2000-02-10,451481,468167,447556,457370,8519970,-0.0042735880069578736
2000-02-11,462278,466204,433815,437740,8009860,-0.04291929947307427
2000-02-14,422037,428907,408296,410259,9164960,-0.06277927536894046
2000-02-15,418111,425963,404370,419092,8521020,0.021530301589971268
2000-02-16,419093,422037,390630,410259,9506460,-0.021076517805159733
2000-02-17,392593,402407,388667,398481,10655220,-0.02870869377637053
2000-02-18,396519,409278,393574,398481,10465220,0.0
2000-02-21,386704,388667,364130,365111,9406750,-0.08374301409602969
2000-02-22,359222,363148,338611,343518,11483280,-0.059140918789080565
2000-02-23,361185,387685,346463,365111,11519950,0.06285842372160988
2000-02-24,345481,358241,341556,346462,5846020,-0.05107761749166695
2000-02-25,346463,356278,335667,345481,6265070,-0.0028314793541571737
2000-02-28,329778,336648,306222,306222,7237450,-0.11363577157643978
2000-02-29,331741,351370,319963,351370,12272960,0.14743552063535614
2000-03-02,403389,403389,403389,403388,2564700,0.1480433730825057
2000-03-03,463259,463259,428907,463259,27750430,0.14842037938659547
2000-03-06,453444,460315,429889,435777,11181060,-0.05932318638170009
2000-03-07,431852,451481,422037,440685,6681790,0.011262641213281022
2000-03-08,422037,458352,422037,452462,8603220,0.02672430420822125
2000-03-09,453444,461296,441667,441666,6243450,-0.023860567296259183
2000-03-10,451481,455407,406333,415166,5699800,-0.06000009056617439
2000-03-13,398481,402407,366093,371000,7712000,-0.10638154376803499
2000-03-14,378852,404370,372963,386703,7374010,0.04232614555256076
2000-03-15,372963,410259,369037,403388,6626500,0.04314680775685731
2000-03-16,418111,420074,387685,394555,5726020,-0.021897032137792927
2000-03-17,406333,417130,402407,408296,5506430,0.034826576776368245
2000-03-20,431852,442648,424000,435777,8825570,0.06730656190606821
2000-03-21,437741,449519,426944,445592,8173300,0.022522987674888695
2000-03-22,449519,477000,445593,471111,12114430,0.0572698791719779
2000-03-23,480926,499574,451481,451481,12916120,-0.041667462657420384
2000-03-24,471111,519204,455407,495648,22081620,0.09782692959393646
2000-03-27,501537,512333,475037,490740,13710320,-0.009902188650009691
2000-03-28,500556,525093,490741,508407,15201990,0.036000733586012856
2000-03-29,508407,539815,500556,524111,17203170,0.030888638433381077
2000-03-30,518222,518222,488778,500555,10789400,-0.04494467774956068
2000-03-31,481907,510370,481907,482888,7857470,-0.03529482274675111
2000-04-03,492704,514296,487796,498592,8441110,0.032520998658073896
2000-04-04,490741,505463,473074,486814,4812430,-0.023622521019190046
2000-04-06,497611,500556,459333,459333,6962300,-0.05645071834417248
2000-04-07,467185,484852,467185,479944,6262550,0.04487158553816073
2000-04-10,482889,495648,474056,483870,6073150,0.008180121014118358
2000-04-11,477000,477981,464241,471111,3571660,-0.026368652737305487
2000-04-12,471111,482889,461296,476018,4119450,0.010415804343349988
2000-04-14,453444,461296,431852,443629,4816200,-0.06804154464747136
2000-04-17,379833,401426,377870,377870,7367770,-0.14822971446862132
2000-04-18,429889,432833,400444,426944,10777090,0.12987006113213528
2000-04-19,446574,460315,423019,437740,6686190,0.025286688652375933
2000-04-20,431852,444611,425963,431851,3105490,-0.01345319139215062
2000-04-21,445593,447556,422037,422037,4409900,-0.022725430761998955
2000-04-24,412222,427926,404370,424000,5294570,0.004651250956669628
2000-04-25,412222,418111,406333,411240,3623120,-0.03009433962264152
2000-04-26,422037,426944,350389,350388,30856280,-0.14797198716078197
2000-04-27,323889,333704,298370,317018,41861610,-0.09523727981551877
2000-04-28,324870,352352,323889,345481,23225070,0.08978354541382516
2000-05-02,333704,355296,326833,341555,13589220,-0.011363866609162332
2000-05-03,339593,355296,332722,341555,9937960,0.0
2000-05-04,345481,357259,337630,343518,10673530,0.005747244221282033
2000-05-08,351370,361185,344500,350388,8848810,0.019998952019981475
2000-05-09,350389,352352,340574,342537,3724620,-0.02240658926675576
2000-05-10,335667,340574,333704,335666,4205830,-0.020059146895079927
2000-05-12,335667,339593,318981,321925,4445530,-0.04093652618972432
2000-05-15,333704,350389,325852,328796,9547060,0.021343480624369082
2000-05-16,331741,344500,329778,343518,6240260,0.04477548388666519
2000-05-17,353333,362167,338611,345481,8522160,0.00571440215651009
2000-05-18,331741,342537,328796,335666,4001640,-0.028409666522905774
2000-05-19,333704,335667,324870,333703,4356290,-0.005848075169960665
2000-05-22,327815,332722,319963,319962,3307010,-0.04117733433622117
2000-05-23,306222,322907,306222,315055,3634570,-0.015336196173295624
2000-05-24,306222,323889,294444,314074,5498750,-0.00311374204503978
2000-05-25,332722,340574,318000,330759,17417710,0.053124422906703606
2000-05-26,318000,321926,290519,296407,8270800,-0.10385809607599494
2000-05-29,258130,290519,252241,271870,14840410,-0.08278144578231961
2000-05-30,293463,312111,282667,312111,11645850,0.14801559568911604
2000-05-31,331741,358241,324870,345481,17598730,0.10691709039412256
2000-06-01,345481,369037,333704,353333,11873320,0.022727733218324664
2000-06-02,382778,382778,359222,365111,10337640,0.03333399371131485
2000-06-05,380815,387685,371000,379833,8929150,0.040321984273275824
2000-06-07,376889,396519,370019,388666,10799640,0.02325495678363909
2000-06-08,394556,444611,392593,411240,22915460,0.0580807171195834
2000-06-09,412222,439704,411241,439703,10290970,0.06921262523100857
2000-06-12,447556,461296,427926,431851,8710820,-0.017857508363600005
2000-06-13,422037,425963,402407,406333,5842150,-0.05908982496277648
2000-06-14,424000,441667,409278,438722,9381730,0.07971048376577827
2000-06-15,424000,428907,402407,404370,6300370,-0.07830015362803777
2000-06-16,398481,416148,388667,398481,5325980,-0.014563394910601657
2000-06-19,382778,404370,380815,389648,9526550,-0.022166677959551406
2000-06-20,410259,414185,400444,403388,8697020,0.03526259598406778
2000-06-21,414185,428907,407315,410259,10430220,0.01703322855414635
2000-06-22,429889,455407,423019,431851,24356440,0.05263016777206597
2000-06-23,425963,443630,423019,434796,9994300,0.0068194817193893975
2000-06-26,447556,459333,441667,451481,9202240,0.038374318071003444
2000-06-27,457370,463259,446574,457370,7300320,0.0130437382747004
2000-06-28,457370,466204,451481,463259,11103230,0.01287578984192228
2000-06-29,461296,468167,422037,437740,12152280,-0.05508581592586437
2000-06-30,425963,441667,422037,431851,7471850,-0.01345319139215062
2000-07-03,437741,442648,431852,441666,3797990,0.022727746375486024
2000-07-04,447556,455407,433815,445592,7192300,0.008889070021237844
2000-07-05,451481,466204,448537,465222,8465410,0.044053753209213786
2000-07-06,453444,483870,447556,480925,11253830,0.03375377776631372
2000-07-07,480926,494667,477000,480925,8862760,0.0
2000-07-10,488778,492704,468167,474055,5127930,-0.014284971669179192
2000-07-11,480926,484852,467185,469148,6287210,-0.010351119595827463
2000-07-12,466204,475037,447556,457370,8107530,-0.025105084109918407
2000-07-13,461296,471111,447556,462277,6688370,0.010728731661455715
2000-07-14,471111,473074,455407,459333,4722070,-0.006368476043584259
2000-07-18,449519,468167,449519,461296,3931930,0.004273588006957985
2000-07-19,452463,457370,431852,435777,6045350,-0.055320228226561685
2000-07-20,422037,422037,388667,388666,11874210,-0.10810804608779256
2000-07-21,400444,417130,396519,407314,12412490,0.04797949910720267
2000-07-24,392593,392593,368056,371981,5120800,-0.08674634311612173
2000-07-25,363148,367074,346463,358240,6238190,-0.03694005876644235
2000-07-26,354315,370019,344500,364129,7256250,0.01643870031263961
2000-07-27,353333,358241,350389,353333,3513050,-0.029648833243163808
2000-07-28,333704,338611,316037,322907,6742930,-0.08611140199188871
2000-07-31,315056,342537,310148,341555,5425320,0.057750373946678035
2000-08-01,353333,392593,349407,392592,11852780,0.14942542196717956
2000-08-02,392593,395537,368056,383759,9099200,-0.022499184904430036
2000-08-03,391611,398481,376889,382777,5159620,-0.0025588976414885334
2000-08-04,382778,384741,372963,374925,4154130,-0.020513249228663155
2000-08-07,359222,371981,358241,362166,2865920,-0.03403080616123222
2000-08-08,369037,376889,363148,365111,3377680,0.008131630246903443
2000-08-09,371981,393574,371000,391611,6476170,0.07258066724913803
2000-08-10,390630,398481,381796,396518,4240010,0.01253029153930818
2000-08-11,384741,386704,375907,380814,4033370,-0.039604759430845515
2000-08-14,406333,408296,385722,387685,3818840,0.01804292909399341
2000-08-16,412222,445593,409278,445592,15575040,0.1493661090834053
2000-08-17,446574,452463,422037,427925,9532680,-0.03964837788829245
2000-08-18,441667,448537,428907,429888,4872490,0.004587252439095746
2000-08-21,423019,438722,423019,432833,2438310,0.006850621557242809
2000-08-22,427926,437741,426944,437740,2126740,0.011336935954513683
2000-08-23,439704,441667,427926,430870,2695480,-0.015694247726961263
2000-08-24,441667,447556,430870,441666,4110580,0.025056281477011666
2000-08-25,445593,445593,435778,444611,1688640,0.006667934593108882
2000-08-28,444611,454426,441667,447555,2029420,0.00662151858590998
2000-08-29,447556,452463,437741,447555,2158330,0.0
2000-08-30,441667,443630,434796,434796,8916470,-0.028508228039011985
2000-08-31,423019,426944,385722,398481,8470820,-0.08352192752463228
2000-09-01,401426,405352,389648,396518,4221080,-0.004926207272115901
2000-09-04,396519,396519,366093,369037,4604630,-0.06930580705037348
2000-09-05,362167,371981,352352,361185,10754630,-0.02127699932527094
2000-09-06,369037,372963,354315,354314,12161290,-0.019023492116228558
2000-09-07,337630,341556,326833,326833,11383990,-0.07756114632783351
2000-09-08,337630,338611,327815,334685,8028360,0.024024501809792875
2000-09-14,315056,371000,313093,371000,8278430,0.10850501217562791
2000-09-15,341556,345481,321926,324870,8253470,-0.12433962264150944
2000-09-18,296407,302296,276778,278740,9917180,-0.14199525964231852
2000-09-19,278741,308185,268926,292481,11237000,0.04929683576092425
2000-09-20,331741,335667,314074,335666,12117910,0.14765061662125056
2000-09-21,326833,339593,308185,312111,8603180,-0.07017392288763236
2000-09-22,292481,298370,281685,281685,7797530,-0.0974845487663043
2000-09-25,287574,300333,287574,299351,4893850,0.06271544455686318
2000-09-26,287574,303278,285611,299351,4196040,0.0
2000-09-27,300333,308185,297389,305240,4358700,0.0196725583011248
2000-09-28,314074,320944,311130,314074,6297430,0.02894116105359723
2000-09-29,318000,319963,307204,313092,3873260,-0.003126651680814052
2000-10-02,294444,304259,293463,302296,2559890,-0.03448187753120491
2000-10-04,294444,316037,290519,310148,6258070,0.025974541508984483
2000-10-05,315056,319963,308185,308185,5601590,-0.0063292363645743865
2000-10-06,300333,303278,296407,302296,3288600,-0.019108652270551807
2000-10-09,296407,300333,289537,290518,3126230,-0.038961812263476836
2000-10-10,284630,296407,274815,282666,7705890,-0.027027585209866478
2000-10-11,268926,270889,245370,256166,12367940,-0.0937502211090121
2000-10-12,252241,259111,241444,242425,9397320,-0.05364099841509018
2000-10-13,225741,227704,208074,220833,11679400,-0.08906672166649476
2000-10-16,241444,242426,216907,220833,17737790,0.0
2000-10-17,206111,212981,188444,188444,18348240,-0.1466673911960622
2000-10-18,174704,189426,160570,178629,36551270,-0.052084438878393535
2000-10-19,170974,183537,162141,163711,30729250,-0.0835138751266592
2000-10-20,176863,186089,174900,177648,39763800,0.08513172602940555
2000-10-23,177648,178630,151344,151344,15232910,-0.14806808970548502
2000-10-24,155270,173919,154878,173918,20819900,0.1491568876202558
2000-10-25,170385,183537,163319,176077,22598380,0.012413896203958164
2000-10-26,166067,172544,165085,167637,7673680,-0.0479335745156948
2000-10-27,173722,174704,155859,155859,58350800,-0.07025895237924806
2000-10-30,155859,158411,144278,144670,9721650,-0.07178924540770826
2000-10-31,130733,139174,123078,137211,18980270,-0.05155871984516491
2000-11-01,140352,145259,137407,141725,18952660,0.03289823702181316
2000-11-02,142315,158804,139567,153700,27143740,0.08449461986240969
2000-11-03,160570,167833,157233,159000,23977730,0.034482758620689724
2000-11-06,155074,176667,150363,159588,30854010,0.0036981132075470935
2000-11-07,159000,163515,151148,151933,12644060,-0.04796726570920118
2000-11-08,147026,151933,144081,144277,9171900,-0.050390632713103845
2000-11-09,137604,142904,136819,140940,11265940,-0.023129119679505372
2000-11-10,141137,143493,136426,137014,8882690,-0.027855825173832782
2000-11-13,136819,140941,129556,130537,14584200,-0.04727254149211024
2000-11-14,137604,145259,135052,145259,16761740,0.11278028451703359
2000-11-15,157037,157037,141530,145062,14889000,-0.0013561982390075666
2000-11-16,147222,152915,144278,151148,10982480,0.041954474638430383
2000-11-17,145259,148596,141530,142511,6666490,-0.05714266811337232
2000-11-20,137407,144278,137407,139370,5463600,-0.022040403898646366
2000-11-21,137407,139174,130537,136425,6089210,-0.021130802898758683
2000-11-22,130930,142707,130930,137407,12653710,0.007198094190947302
2000-11-23,142119,144081,135052,136033,11979900,-0.009999490564527314
2000-11-24,141530,143296,137407,142314,10889650,0.04617261987900001
2000-11-27,147222,163515,146633,163514,23891290,0.1489663701392696
2000-11-28,155074,158019,147222,149185,20605390,-0.0876316401042112
2000-11-29,139370,140941,136622,138192,8782770,-0.07368703287864065
2000-11-30,139567,140352,128967,134266,12648420,-0.028409748755354847
2000-12-01,123667,134659,123667,133481,9389700,-0.005846603011931517
2000-12-04,129948,135444,127789,127788,6185240,-0.04265026483169887
2000-12-05,131519,134070,129163,133677,7972970,0.04608413935580802
2000-12-06,141333,142707,127593,129162,14234880,-0.03377544379362196
2000-12-07,127593,130144,125041,129162,6727470,0.0
2000-12-08,128181,131126,127004,130537,5699850,0.0106455459035939
2000-12-11,135641,137407,131911,133677,9285170,0.024054482637106744
2000-12-12,133678,139959,132696,133677,15788730,0.0
2000-12-13,133678,138389,129556,137407,12132600,0.027903079811785192
2000-12-14,133481,134267,131911,132500,8426010,-0.03571142663765314
2000-12-15,129948,132500,128770,128966,5965030,-0.026671698113207576
2000-12-18,126219,128378,123863,124255,5788140,-0.03652900764542588
2000-12-19,123667,124059,105804,105803,16949900,-0.14850106635547866
2000-12-20,98344,100111,90100,90100,26241130,-0.1484173416632799
2000-12-21,83033,86076,77243,77733,35874530,-0.13725860155382907
2000-12-22,79500,81267,69685,69881,32994060,-0.10101244001903953
2000-12-26,71157,80089,69293,79009,31361810,0.13062205749774614
2001-01-02,76556,89904,76556,89118,19790590,0.1279474490247947
2001-01-03,86174,93241,84800,89511,29071000,0.004409883525213765
2001-01-04,102859,102859,99522,102859,23582200,0.14912133704237474
2001-01-05,105019,118170,102859,118170,29973110,0.14885425679814124
2001-01-08,117778,133089,114637,120525,27148680,0.019928915968519867
2001-01-09,117778,119741,110907,116207,22613370,-0.035826591993362356
2001-01-10,107963,117385,98933,98933,39964850,-0.1486485323603569
2001-01-11,96185,107178,96185,103644,45510410,0.04761808496659348
2001-01-12,111693,113067,104430,104429,28153520,0.007574003319053668
2001-01-15,107963,117778,106000,117777,33598670,0.12781890088002368
2001-01-16,121704,133285,116207,131518,46496310,0.11666963838440436
2001-01-17,131519,140352,117974,122685,56547070,-0.0671619093964324
2001-01-18,125433,130537,124648,126611,24231890,0.03200065207645597
2001-01-19,137604,139174,130537,133088,20966580,0.05115669254646127
2001-01-22,132500,136819,131519,134855,16961360,0.01327692955037274
2001-01-26,130733,131519,114833,116011,21171710,-0.13973527121723328
2001-01-29,116207,119544,110515,112674,17768250,-0.028764513709906847
2001-01-30,115815,121507,112870,114833,19908540,0.019161474696913317
2001-01-31,111889,114833,102663,114833,27102410,0.0
2001-02-01,107963,112281,106393,108551,11655290,-0.05470552889848734
2001-02-02,109926,111693,105019,106000,10432790,-0.023500474431373264
2001-02-05,98737,100700,94419,96774,12181560,-0.08703773584905661
2001-02-06,94517,97363,93437,95596,13400100,-0.012172691012048653
2001-02-07,96381,97265,94222,94320,11499360,-0.01334783882170798
2001-02-08,94222,105019,90591,98933,32394740,0.048907972858354576
2001-02-09,96283,98933,94909,95203,13263430,-0.037702283363488465
2001-02-12,94222,96970,92750,94811,14807840,-0.004117517305126994
2001-02-13,97363,98933,92750,93338,19795090,-0.01553617196316881
2001-02-14,92259,92750,90591,91474,19971130,-0.019970430049926047
2001-02-15,96185,97167,91278,91375,36647480,-0.0010822747447362113
2001-02-16,91278,92750,87450,87548,25930920,-0.04188235294117648
2001-02-19,85389,85487,79991,82444,32456250,-0.05829944716041491
2001-02-20,82444,87548,81463,84211,36610330,0.02143273009558011
2001-02-21,80678,82837,79598,80088,22687460,-0.048960349598033526
2001-02-22,78519,78911,75083,75966,21073820,-0.051468384776745535
2001-02-23,74887,79794,74887,78518,31412780,0.03359397625253413
2001-02-26,78911,79500,76948,77340,16503150,-0.015002929264627207
2001-02-27,78420,80285,74985,75181,24928330,-0.027915696922679034
2001-02-28,73611,75476,72139,73611,23094520,-0.02088293584815315
2001-03-02,74200,74789,65759,66250,35604510,-0.09999864150738336
2001-03-05,60950,69096,60950,67918,43351590,0.025177358490566126
2001-03-06,70470,72041,67526,69096,38304850,0.017344444771636436
2001-03-07,71648,73611,67330,67918,41663210,-0.017048743776774344
2001-03-08,68017,70274,65367,68016,29579580,0.001442916458081811
2001-03-09,67035,67428,65269,65464,19473700,-0.037520583392143037
2001-03-12,65857,74593,65759,66937,69053680,0.022500916534278437
2001-03-13,65956,68311,57220,58888,63646690,-0.12024739680595187
2001-03-14,64778,65170,60263,61833,60815700,0.05001018883303909
2001-03-15,57515,62128,57515,62127,34291740,0.004754742613167773
2001-03-16,62030,63698,60950,61637,34054700,-0.007887070033962718
2001-03-19,60852,63011,60459,61048,27346420,-0.00955594853740449
2001-03-20,62815,63011,60361,60557,30126470,-0.008042851526667505
2001-03-21,58889,59380,58398,58692,24287030,-0.03079743052000594
2001-03-22,58693,62422,57417,58888,58196410,0.0033394670483199995
2001-03-23,60852,61441,59281,59575,44528310,0.011666213829642613
2001-03-26,61637,68507,60754,68507,91333850,0.14992866135123784
2001-03-27,68900,71452,61833,61833,114260770,-0.09742070153414983
2001-03-28,64974,66446,58496,59674,65400320,-0.03491663027833036
2001-03-29,61441,65563,60067,63992,83808950,0.07235982169789179
2001-03-30,62913,65367,60067,61931,79731170,-0.032207150893861725
2001-04-02,62030,62324,59870,60655,30697990,-0.020603574946311265
2001-04-03,58300,59085,57515,57514,32996420,-0.05178468386777679
2001-04-04,55650,56435,54178,54177,35503280,-0.058020655840317126
2001-04-06,58889,59478,57319,58103,59127240,0.07246617568340818
2001-04-09,56926,57122,54767,54962,31502130,-0.054059170782919996
2001-04-10,55257,55454,51430,51625,29253200,-0.06071467559404675
2001-04-11,53981,54472,49859,50448,53320010,-0.022799031476997578
2001-04-12,52902,53000,50350,51429,54399100,0.019445765937202708
2001-04-13,51920,52215,49761,50350,33367260,-0.02098038071904962
2001-04-16,49859,50841,49074,49172,27623520,-0.023396226415094312
2001-04-17,48191,49270,47504,47700,46717950,-0.029935735784592854
2001-04-18,51037,54767,49957,54766,103612830,0.1481341719077569
2001-04-19,60852,62913,58889,62912,58942870,0.1487419201694482
2001-04-20,64876,71354,64385,64483,132998420,0.02497138860630721
2001-04-23,66741,70470,66348,66838,86600720,0.03652125366375625
2001-04-24,62913,63698,60067,60459,66832320,-0.09543971991980604
2001-04-25,59380,67722,58104,63403,112291180,0.04869415637043284
2001-04-26,64680,65072,60263,60753,61067480,-0.04179612952068512
2001-04-27,60263,62422,59576,60361,48533590,-0.006452356262242165
2001-04-30,62815,68017,62226,66446,123473320,0.10081012574344372
2001-05-02,67330,70765,66250,66446,95123170,0.0
2001-05-03,67330,68802,66054,67329,73716720,0.013288986545465509
2001-05-04,66446,68998,65465,68016,66510030,0.010203626966091894
2001-05-07,70667,73807,68409,71746,81984650,0.05484003763820278
2001-05-08,76556,82444,75574,82444,77363500,0.1491093580129903
2001-05-09,84407,87941,77144,77144,124824250,-0.06428606084129829
2001-05-10,80481,81463,76261,80481,69516870,0.04325676656642119
2001-05-11,80481,81561,78813,79205,47969120,-0.015854673773934236
2001-05-14,91081,91081,87156,91081,100332330,0.14994002903857084
2001-05-15,89511,90885,84211,85977,70685760,-0.05603803208133418
2001-05-16,84604,90885,79500,79794,92516330,-0.07191458180676225
2001-05-17,84702,85193,79893,81070,70142960,0.01599117728149979
2001-05-18,78519,80776,77537,79303,50659980,-0.021795978783767156
2001-05-21,79696,84800,79696,81364,93200110,0.025988928539903977
2001-05-22,83426,84800,79991,80874,55423220,-0.006022319453320879
2001-05-23,79500,81463,78519,79303,40353160,-0.01942527882879541
2001-05-24,77831,78519,77046,78420,40283760,-0.011134509413263105
2001-05-25,79009,88922,78911,86762,100640600,0.10637592450905387
2001-05-28,85585,88333,83720,84603,67701160,-0.024884165879071496
2001-05-29,88235,95400,86959,89707,134580310,0.060328829946928675
2001-05-30,90689,92063,86567,88725,95905030,-0.010946748860178102
2001-05-31,84898,86370,82935,85192,45233050,-0.03981966751197519
2001-06-01,85978,86861,83917,84211,33342100,-0.011515165743262279
2001-06-04,84604,86567,84211,84996,36517720,0.009321822564748006
2001-06-05,85389,85781,81659,81659,31880460,-0.03926067109040421
2001-06-07,82641,85585,82641,85290,54220270,0.044465398792539634
2001-06-08,90394,93830,88039,91081,82637240,0.0678977605815454
2001-06-11,89217,92456,88137,89216,51939940,-0.02047627935573826
2001-06-12,88530,91965,88530,90492,54776300,0.014302367288378859
2001-06-13,91474,91769,82935,84898,91800560,-0.06181761923705964
2001-06-14,82248,82346,79893,81070,69742630,-0.04508940139932627
2001-06-15,79500,82052,77733,80481,67095770,-0.007265326261255756
2001-06-18,78126,80089,71648,72924,105093100,-0.0938979386439035
2001-06-19,71648,73317,70274,71059,64761670,-0.025574570786023765
2001-06-20,69980,70863,63109,64090,88867990,-0.09807343193684126
2001-06-21,64091,65857,63502,64875,80031410,0.012248400686534655
2001-06-22,63796,64287,62030,62814,32651740,-0.0317687861271676
2001-06-25,62815,64778,62030,62029,43477640,-0.012497213996879641
2001-06-26,61931,62422,56043,58594,65239270,-0.055377323509971155
2001-06-27,56239,56730,53883,54177,90239860,-0.07538314503191457
2001-06-28,55061,55748,53491,53981,36025790,-0.0036177713789984356
2001-06-29,55944,56337,54374,54864,29840090,0.016357607306274335
2001-07-02,54963,55356,53589,54177,21738130,-0.012521872265966794
2001-07-03,54178,54669,51528,52116,26109450,-0.03804197353120331
2001-07-04,51430,51920,50252,51429,33173330,-0.013182132166705052
2001-07-05,50841,51037,48681,48681,34032080,-0.05343288805926616
2001-07-06,46620,47013,44461,45442,35841300,-0.06653519853741707
2001-07-09,41222,42793,39063,40338,53277510,-0.11231900004401218
2001-07-10,40633,42400,39357,41614,64212700,0.03163270365412263
2001-07-11,39357,41419,39259,39848,40890000,-0.042437641178449614
2001-07-12,41517,41811,40535,41320,44941860,0.036940373418992145
2001-07-13,42007,42204,37002,37100,60739910,-0.10212971926427883
2001-07-16,36413,36511,32880,33075,68559530,-0.10849056603773588
2001-07-18,33370,36413,32683,33174,109726170,0.0029931972789116745
2001-07-19,31702,32094,29150,29738,94138020,-0.10357508892506184
2001-07-20,29641,30033,27481,27481,75808270,-0.07589615979554776
2001-07-23,26794,27972,23359,23457,85796100,-0.14642844146865108
2001-07-24,22280,26893,20415,25911,269719540,0.10461695869036958
2001-07-25,24635,26304,22574,22574,187625320,-0.12878700165952683
2001-07-26,23163,24341,22770,23751,152530320,0.052139629662443454
2001-07-27,25126,27285,24831,26794,194577770,0.12812092122436947
2001-07-30,27481,28169,25813,26205,134238330,-0.021982533403000715
2001-07-31,26794,27383,25911,26990,63751430,0.029956115245182158
2001-08-01,27776,31015,27580,31014,209858930,0.149092256391256
2001-08-02,32880,33763,31113,31701,178206930,0.022151286515767143
2001-08-03,32094,32585,31506,31898,79135100,0.006214315005835802
2001-08-06,30917,35824,30622,35137,183405740,0.10154241645244211
2001-08-07,33370,34843,31898,33075,151272420,-0.05868457751088596
2001-08-08,33370,33469,31211,31701,97539320,-0.04154195011337869
2001-08-09,29837,30917,29543,30033,81683330,-0.052616636699157726
2001-08-10,30622,31506,29837,30327,77854790,0.009789231844970603
2001-08-13,30328,30720,28561,29542,78447440,-0.02588452534045571
2001-08-14,31407,33763,30622,32781,157778980,0.10964051181368895
2001-08-16,31506,33861,31113,32781,145196070,0.0
2001-08-17,33567,34057,31800,31996,110508170,-0.023946798450321882
2001-08-20,29739,31211,29739,29935,82139080,-0.06441430178772345
2001-08-21,31015,31604,29739,30720,78191990,0.026223484215800896
2001-08-22,30033,32487,29837,31996,134092930,0.041536458333333304
2001-08-23,32978,32978,27285,27481,166765630,-0.1411113889236154
2001-08-24,26107,26794,23948,24635,169238700,-0.1035624613369237
2001-08-27,23654,24144,21004,21003,199280940,-0.14743251471483665
2001-08-28,20513,22280,19531,21494,243497730,0.023377612721992014
2001-08-29,20120,20611,18354,18353,216871280,-0.14613380478273008
2001-08-30,15998,18059,15606,17274,424106350,-0.058791478232441574
2001-08-31,15998,18746,15311,16292,421826870,-0.056848442746323946
2001-09-03,17078,17372,15606,15703,210085250,-0.036152712987969515
2001-09-04,16391,18059,15998,18059,241573660,0.15003502515442912
2001-09-05,17863,20219,17372,19237,483624870,0.06523063292541109
2001-09-06,20807,22083,20415,22083,280610380,0.14794406612257638
2001-09-07,23457,25322,23163,25322,176172000,0.1466739120590499
2001-09-10,26500,28954,26500,27481,348047170,0.08526182765974255
2001-09-11,26009,28267,23359,23359,354205970,-0.1499945416833448
2001-09-12,19924,19924,19924,19924,2934990,-0.14705252793355883
2001-09-13,18354,22869,18354,22868,586009900,0.14776149367596858
2001-09-14,23163,25126,19531,19531,630929040,-0.1459244358929509
2001-09-17,20513,20611,16685,16685,438766880,-0.1457170651784343
2001-09-18,18648,19139,17863,19138,247718490,0.1470182798921187
2001-09-19,18943,20415,17176,18550,384338680,-0.0307242136064374
2001-09-20,18943,19335,17470,18157,301665810,-0.02118598382749326
2001-09-21,17274,18059,16685,17961,228404620,-0.010794734813019735
2001-09-24,18256,18746,17765,18255,217692600,0.01636879906463995
2001-09-25,19531,19630,17274,17470,270366430,-0.04300191728293623
2001-09-26,17863,18059,16881,17175,163388700,-0.01688609044075562
2001-09-27,16783,17863,16685,17862,170783430,0.040000000000000036
2001-09-28,17667,18059,17176,17372,126743220,-0.027432538349568936
2001-10-04,18746,19237,18157,18746,238488010,0.07909279300023031
2001-10-05,18844,21494,18452,21494,483314760,0.14659127280486506
2001-10-08,21985,24341,20807,21200,429545310,-0.013678235786731219
2001-10-09,22574,22967,20807,21788,349714270,0.027735849056603756
2001-10-10,21200,22083,19826,20316,223356930,-0.06756012483936114
2001-10-11,21494,21985,20709,21003,272381250,0.03381571175428233
2001-10-12,21691,22280,19826,20611,324922990,-0.018664000380897994
2001-10-15,20709,21298,20219,20709,132145360,0.004754742613167773
2001-10-16,20219,20709,19826,19924,118619060,-0.03790622434690227
2001-10-17,20219,20513,19433,19924,143050420,0.0
2001-10-18,19335,19826,18648,18648,132195830,-0.06404336478618755
2001-10-19,18256,20611,18256,19727,404674390,0.05786143286143286
2001-10-22,19826,20219,19041,19433,152288700,-0.014903431844679904
2001-10-23,19826,20022,18059,18451,160017840,-0.05053259918695008
2001-10-24,17961,18648,17667,17666,107677250,-0.04254511950571782
2001-10-25,17863,19728,17667,18550,348845850,0.050039624136759775
2001-10-26,19041,19531,18059,18451,134199850,-0.005336927223719701
2001-10-29,19237,20022,18746,19433,221327570,0.05322204758549676
2001-10-30,18943,19728,18648,19040,141708450,-0.020223331446508563
2001-10-31,19924,21887,19728,21887,408306530,0.14952731092436977
2001-11-01,24341,25126,23359,25125,243527530,0.14794170055283962
2001-11-02,25715,28757,22967,24340,578579140,-0.031243781094527412
2001-11-05,25420,25617,23948,24831,185013820,0.020172555464256448
2001-11-06,25126,25322,23359,23751,198406870,-0.043494019572308806
2001-11-07,22967,24144,22967,23359,191887720,-0.016504568228706162
2001-11-08,23948,24635,23359,23555,204503830,0.00839077015283185
2001-11-09,24243,27089,24046,27088,502786320,0.14998938654213534
2001-11-12,30230,31113,28954,31112,411194120,0.148552864737153
2001-11-13,31800,33076,30131,32192,534125910,0.03471329390588851
2001-11-14,33174,37002,32978,35922,506474470,0.11586729622266412
2001-11-15,35137,36609,32585,33959,427898210,-0.05464617782974224
2001-11-16,33959,35333,31898,35333,340890510,0.040460555375599894
2001-11-19,35726,40143,34744,37885,583301300,0.07222709648204217
2001-11-20,38278,39554,32291,33664,472831640,-0.11141612775504817
2001-11-21,33370,35530,32389,34646,376126770,0.02917062737642584
2001-11-22,35431,37983,34843,37983,450443330,0.09631703515557355
2001-11-23,38278,40339,37394,37492,372266960,-0.012926835689650584
2001-11-26,38670,39357,37493,38179,194391600,0.018323909100608216
2001-11-27,39259,41811,38081,41811,259007220,0.09513083108515152
2001-11-28,41811,42891,37296,38081,297601050,-0.08921097318887372
2001-11-29,37394,41026,37394,40240,249042360,0.056694939733725525
2001-11-30,42302,43480,40633,42105,412184620,0.04634691848906569
2001-12-03,42793,48387,42204,48387,543878000,0.14919843249020315
2001-12-04,52313,55552,50350,52214,442166180,0.07909149151631634
2001-12-05,54178,55257,52215,54570,353753710,0.04512199793158933
2001-12-06,56730,57907,51528,53785,292183220,-0.014385193329668367
2001-12-07,52019,56043,52019,55944,248424630,0.040141303337361656
2001-12-10,55257,56926,51626,52411,246212990,-0.0631524381524382
2001-12-11,51037,53098,50252,52018,207083740,-0.007498425902959349
2001-12-12,51037,53000,50350,51527,187102130,-0.009439040332192672
2001-12-13,51037,52117,45344,47896,225732000,-0.07046791002775243
2001-12-14,45835,47504,44756,46325,159301800,-0.03280023383998665
2001-12-17,46522,49369,46031,47994,206013920,0.036028062601187294
2001-12-18,48780,50252,40830,40829,261613140,-0.1492894945201484
2001-12-19,42596,43087,36511,39750,314681580,-0.02642729432511204
2001-12-20,39750,40633,38376,40044,201136460,0.007396226415094409
2001-12-21,38769,39750,37296,38277,96474840,-0.04412646089301764
2001-12-24,38867,40928,38278,39651,165742940,0.035896230112077765
2001-12-26,40928,45541,40633,45540,235632480,0.1485208443671029
2001-12-27,47504,47994,44363,45540,230784100,0.0
2001-12-28,47504,48093,45933,47503,209406910,0.04310496267018005
2002-01-02,49467,54570,48289,54570,246233296,0.14876955139675396
2002-01-03,55944,60263,53981,55944,314706140,0.025178669598680647
2002-01-04,59281,59870,57024,57711,178207266,0.03158515658515659
2002-01-07,57319,58006,54865,56140,218383389,-0.027221846788307302
2002-01-08,54865,56926,53687,55061,215215619,-0.019219807623797602
2002-01-09,55650,63306,55650,63305,365153956,0.14972485062022112
2002-01-10,65170,68998,60067,61244,423437658,-0.03255667008925045
2002-01-11,59870,63306,57711,59477,247917427,-0.028851805891189297
2002-01-14,58889,62815,58300,62127,222787155,0.04455503808194772
2002-01-15,59183,60852,53294,55355,208842307,-0.10900252708162317
2002-01-16,54374,56043,52215,52509,173771506,-0.0514136031072171
2002-01-17,51430,51822,47896,51037,275388503,-0.02803328953131845
2002-01-18,51430,51920,47111,47111,138360559,-0.0769245841252425
2002-01-21,45443,47602,43872,46620,169422186,-0.010422194391967898
2002-01-22,48485,53000,48289,50742,269182162,0.0884169884169883
2002-01-23,49467,51430,48681,51429,136603532,0.013539080052027863
2002-01-24,54374,54669,50939,51037,149810665,-0.007622158704232995
2002-01-25,51037,52215,48093,48681,147371581,-0.04616258792640637
2002-01-28,50644,51331,47602,48877,149685519,0.004026211458269202
2002-01-29,47307,49172,44952,44951,122720301,-0.0803240788100743
2002-01-30,42204,50841,40731,49466,270803470,0.10044270427799162
2002-01-31,50546,51822,47896,47896,227578662,-0.03173897222334532
2002-02-01,50448,52804,48976,51331,266552487,0.07171788875897778
2002-02-04,51037,53000,48093,48092,183555721,-0.06310027079152947
2002-02-05,48289,49663,47504,48485,128329141,0.00817183731181892
2002-02-06,49467,49957,48289,48779,103669556,0.00606373105084046
2002-02-07,47406,48878,44854,45933,85649783,-0.058344779515775214
2002-02-08,45933,51430,44756,49662,161547410,0.08118346286983225
2002-02-14,53981,54570,45737,46522,287919020,-0.06322741734122672
2002-02-15,39554,45050,39554,39553,285585509,-0.14980009457890886
2002-02-18,39848,40535,34057,37492,427385508,-0.052107299067074564
2002-02-19,37591,37983,34843,35333,225363820,-0.0575856182652299
2002-02-20,35333,37002,33959,34646,208554774,-0.019443579656411858
2002-02-21,34646,35333,30131,30622,242828498,-0.11614616405934308
2002-02-22,29543,31407,27972,31407,305933611,0.025635164260988885
2002-02-25,30426,31506,28267,28462,149291847,-0.09376890502117363
2002-02-26,28757,30230,28070,29051,186219361,0.020694259012016047
2002-02-27,29346,32781,28954,32781,219683232,0.12839489174210872
2002-02-28,33370,34548,31113,31701,216458526,-0.03294591379152556
2002-03-04,33665,34156,32683,33468,150434557,0.05573956657518697
2002-03-05,34057,38474,33959,38474,248387247,0.1495757141149754
2002-03-06,39456,43774,39456,41222,420436428,0.07142485834589585
2002-03-07,40437,42204,35039,35038,295816138,-0.1500169812236185
2002-03-08,36315,36609,32585,34057,234779515,-0.027998173411724392
2002-03-11,32781,33861,31604,31603,179223458,-0.07205567137446045
2002-03-12,31015,34057,31015,32487,213175457,0.027972027972027913
2002-03-13,32291,33567,31604,31898,126732625,-0.0181303290546988
2002-03-14,31898,34352,31604,33272,181569821,0.04307480092795779
2002-03-15,33370,34450,32389,32683,134854458,-0.017702572733830246
2002-03-18,32978,33469,30426,31014,175640707,-0.05106630358290243
2002-03-19,31211,31702,29935,30327,122290347,-0.022151286515767032
2002-03-20,30328,30622,28659,28659,135369474,-0.05500049460876444
2002-03-21,27580,29052,27285,27677,131607789,-0.03426497784291149
2002-03-22,28463,29837,28070,29837,137375665,0.07804314051378403
2002-03-25,29837,30131,28659,28757,72462187,-0.03619666856587456
2002-03-26,28070,28954,27874,28561,55115871,-0.0068157318218172724
2002-03-27,28856,30426,28463,28855,143148629,0.010293757221385702
2002-03-28,29052,31506,28757,30524,212858314,0.05784092878184022
2002-03-29,30033,30131,28267,28266,98908495,-0.07397457738173241
2002-04-01,29248,29248,27481,27775,69769811,-0.017370692705016677
2002-04-02,27089,28169,26598,27088,83103788,-0.024734473447344696
2002-04-03,26500,27776,26500,26892,71391216,-0.007235676314235051
2002-04-04,27481,27874,26009,26892,80463948,0.0
2002-04-08,26893,27580,26206,26205,77962838,-0.025546630968317663
2002-04-09,26304,26500,24831,24929,83459283,-0.04869299751955736
2002-04-10,24635,26206,24537,24929,113990523,0.0
2002-04-11,25028,25322,24341,24831,70213647,-0.003931164507200435
2002-04-12,24439,28463,24439,28462,271440936,0.146228504691716
2002-04-15,29837,30131,27089,27579,247267793,-0.031023821235331317
2002-04-16,28365,28561,26500,26794,108667187,-0.02846368613800354
2002-04-17,27481,27776,26598,26696,82304615,-0.003657535269090073
2002-04-18,25911,27089,25715,25812,76812910,-0.03311357506742585
2002-04-19,25028,25911,24537,24733,77686731,-0.04180226251355956
2002-04-22,24046,24537,21887,23064,145252045,-0.06748069380988964
2002-04-23,22476,22672,19630,19727,160970234,-0.14468435657301426
2002-04-24,20611,22378,20022,21200,200736661,0.07466923505854917
2002-04-25,20807,22476,19630,19825,115245081,-0.06485849056603776
2002-04-26,20219,21593,20022,20709,147136611,0.044590163934426164
2002-04-29,17667,18256,17667,17666,70785286,-0.1469409435511131
2002-04-30,15017,20317,15017,18746,560235390,0.061134382429525624
2002-05-02,17176,17569,15998,15998,246380173,-0.14659127280486506
2002-05-03,17078,17667,15311,15801,214147234,-0.012314039254906817
2002-05-06,15017,15213,13643,13838,148740076,-0.12423264350357577
2002-05-07,13054,13741,11974,12170,126626416,-0.12053764994941463
2002-05-08,12465,13937,12170,13937,222126813,0.14519309778142975
2002-05-09,14919,15802,13446,13642,327948417,-0.02116667862524213
2002-05-10,13741,14133,12857,13053,100788316,-0.04317548746518107
2002-05-13,12857,13544,12563,12955,74704949,-0.0075078526009346724
2002-05-14,13348,14722,13348,13838,267892172,0.06815901196449237
2002-05-15,14526,15213,14330,14525,177356214,0.049645902587079016
2002-05-16,14526,16685,14133,16292,491924515,0.12165232358003442
2002-05-17,16685,18059,16391,16881,283518630,0.036152712987969515
2002-05-20,17078,17765,16194,16194,156292538,-0.0406966411942421
2002-05-21,15998,16587,14919,14918,151451496,-0.0787946152896134
2002-05-22,15017,15409,14722,15114,86850864,0.013138490414264625
2002-05-23,14722,15115,13741,13838,91933478,-0.0844250363901019
2002-05-24,13741,14330,13348,13838,74397669,0.0
2002-05-27,13937,14919,13643,14133,125506110,0.02131810955340363
2002-05-28,14722,14919,14133,14427,74582007,0.02080237741456159
2002-05-29,14526,15507,14231,14329,134734816,-0.006792819019893259
2002-05-30,14330,14624,13643,13740,77399063,-0.04110545048503034
2002-05-31,13446,14526,13250,13544,109172195,-0.014264919941775811
2002-06-03,12956,13250,11680,12170,110265515,-0.10144713526284699
2002-06-04,11385,11581,10404,10403,160050627,-0.14519309778142975
2002-06-05,9030,9717,8931,8931,365644668,-0.14149764491012207
2002-06-07,8539,9128,7656,7655,530822387,-0.14287313850632632
2002-06-10,7557,7754,6772,6968,790180496,-0.08974526453298493
2002-06-11,7165,7459,6969,7459,570229657,0.07046498277841562
2002-06-12,7165,7459,6969,7066,274649757,-0.052688027885775535
2002-06-14,7165,7459,6969,7066,303972784,0.0
2002-06-17,7067,7165,6380,6477,336992480,-0.08335692046419474
2002-06-18,6674,6772,6183,6575,313137259,0.015130461633472203
2002-06-19,6380,6576,5594,5692,309978939,-0.13429657794676808
2002-06-20,5496,5987,5202,5692,530655180,0.0
2002-06-21,5791,5987,5398,5594,415517368,-0.017217146872803957
2002-06-24,5398,5496,5006,5103,259082214,-0.08777261351447985
2002-06-25,5104,5300,4417,4514,310507605,-0.11542230060748582
2002-06-26,4122,4319,3926,3925,201270660,-0.13048294195835175
2002-06-27,4024,4515,3828,4514,513160051,0.15006369426751598
2002-06-28,4809,5104,4711,5103,230094491,0.13048294195835175
2002-07-02,5594,5791,5496,5790,66672685,0.1346266901822457
2002-07-03,6576,6576,6576,6575,16229042,0.13557858376511223
2002-07-04,7557,7557,6478,7557,1004020028,0.14935361216730048
2002-07-05,7754,8637,7459,8637,450057041,0.14291385470424767
2002-07-08,9913,9913,9030,9912,434911395,0.1476207016325113
2002-07-09,10011,11385,10011,11385,975615565,0.14860774818401934
2002-07-10,12956,13054,12465,13053,149323866,0.14650856389986822
2002-07-11,14919,14919,11189,11188,500747146,-0.14287903164023597
2002-07-12,11974,12857,11189,12857,1303780611,0.1491776903825528
2002-07-15,14526,14722,11483,12955,1197572960,0.007622306914521371
2002-07-16,12956,14035,11974,12562,1492878281,-0.03033577769201079
2002-07-18,13250,14231,11974,13838,1335622272,0.10157618213660236
2002-07-19,13937,14820,13544,14427,1627712807,0.042563954328660225
2002-07-22,13446,14133,12269,12268,961735372,-0.14964996187703616
2002-07-23,11680,12465,10698,11090,1832794266,-0.09602217150309744
2002-07-24,10404,11680,9913,10011,1446582045,-0.09729486023444545
2002-07-25,11189,11483,10207,10207,792436521,0.019578463689940984
2002-07-26,9226,9619,8735,8735,487660640,-0.14421475458019006
2002-07-29,8146,10011,7656,10011,1552343697,0.14607899255867207
2002-07-30,10796,11483,10698,11483,847671415,0.1470382579162921
2002-07-31,11974,12857,9815,10011,1437929114,-0.12818949751807018
2002-08-01,10796,10894,9422,10698,962007504,0.06862451303566086
2002-08-02,10207,12170,10011,11679,1239196570,0.09169938306225456
2002-08-05,11778,12367,11189,11188,1246155720,-0.04204127065673435
2002-08-06,10993,11680,10796,11385,971604063,0.017608151590990273
2002-08-07,12170,12367,11483,11581,571620593,0.01721563460693898
2002-08-08,11581,11778,10993,10992,497790073,-0.05085916587514028
2002-08-09,11287,12072,10894,11188,1015650489,0.017831149927219903
2002-08-12,11091,11778,10993,11090,457844891,-0.008759385055416513
2002-08-13,11287,11385,10306,10501,394130508,-0.05311091073038776
2002-08-14,10207,10502,9717,9912,424667795,-0.056089896200361866
2002-08-16,10109,10306,9717,9814,397285712,-0.009887005649717562
2002-08-19,10109,11287,10109,11287,714470565,0.1500917057265132
2002-08-20,12661,12857,11189,11581,1170102426,0.026047665455834146
2002-08-21,11680,12367,11581,12268,966104110,0.05932130213280362
2002-08-22,12661,12759,11581,11777,807730622,-0.04002282360612974
2002-08-23,11680,12072,11189,11385,415785241,-0.03328521694828901
2002-08-26,10796,10993,10404,10403,339462107,-0.0862538427755819
2002-08-27,10502,10698,10306,10600,243804574,0.01893684514082472
2002-08-28,10207,10502,10207,10207,186622586,-0.037075471698113205
2002-08-29,10796,11483,10502,10796,703679662,0.057705496228078745
2002-08-30,10993,11189,10404,10501,359995608,-0.02732493516117085
2002-09-02,10404,10600,10207,10501,209490412,0.0
2002-09-03,10502,10796,10207,10305,321364742,-0.018664889058184975
2002-09-04,10011,10306,10011,10109,188005362,-0.01901989325570108
2002-09-05,10306,10404,9913,9912,177389894,-0.019487585320011824
2002-09-06,9717,9913,9324,9422,241949386,-0.04943502824858759
2002-09-09,9520,9913,8735,9520,510960701,0.010401188707280795
2002-09-10,9520,9717,9128,9127,237669586,-0.04128151260504198
2002-09-11,9226,9422,8833,8931,200052522,-0.021474745261312544
2002-09-12,9520,10207,9422,10207,254792438,0.1428731385063262
2002-09-13,11680,11680,10404,10600,894378131,0.03850298814539044
2002-09-16,10600,10698,9226,9422,526408848,-0.11113207547169812
2002-09-17,9913,10011,9422,9716,226074886,0.031203566121842385
2002-09-18,9226,9520,9128,9225,224659555,-0.05053519967064635
2002-09-19,9030,9422,9030,9127,177505262,-0.01062330623306229
2002-09-23,9030,9128,8343,8637,192104656,-0.05368686315328153
2002-09-24,8343,8931,8244,8440,263671661,-0.022808845664003652
2002-09-25,8637,8735,7950,8146,197873630,-0.034834123222748814
2002-09-26,9324,9324,9128,9324,331747821,0.14461085195187828
2002-09-27,9422,9619,8441,8440,806661299,-0.09480909480909483
2002-09-30,8146,8441,7950,8342,242095763,-0.011611374407582975
2002-10-01,8146,8637,8146,8440,189937465,0.011747782306401389
2002-10-02,7459,8244,7263,7262,451565255,-0.13957345971563984
2002-10-04,6772,6870,6183,6183,518562207,-0.14858165794546951
2002-10-07,5889,6183,5594,5888,325392438,-0.047711466925440704
2002-10-08,5791,6085,5791,5987,226475572,0.016813858695652106
2002-10-09,5987,6085,5594,5594,187335435,-0.06564222482044435
2002-10-10,5300,5594,5006,5496,317354409,-0.017518770110833026
2002-10-11,5791,6085,5398,5594,317604430,0.017831149927219903
2002-10-14,5987,5987,5693,5790,228266581,0.03503754022166605
2002-10-15,5889,6576,5791,6575,323637166,0.13557858376511223
2002-10-16,6870,7459,6674,6870,696314067,0.04486692015209126
2002-10-17,7263,7852,6870,7851,782743696,0.1427947598253274
2002-10-18,8539,9030,8441,9029,606146836,0.15004458030824108
2002-10-21,9520,10306,9128,9127,1194169404,0.010853915162254868
2002-10-22,9815,9913,8539,9029,640788610,-0.010737372630656328
2002-10-23,9128,10306,8637,10305,1080763893,0.14132240558201348
2002-10-24,10993,11483,10600,10698,1220169524,0.03813682678311503
2002-10-25,10306,10894,10011,10109,625377547,-0.05505702000373902
2002-10-28,10894,11581,10894,11581,721658137,0.1456128202591751
2002-10-29,11680,11778,9913,9912,1124983824,-0.1441153613677575
2002-10-30,9422,9717,8441,9029,924558028,-0.0890839386602098
2002-10-31,9717,9815,9030,9324,603066511,0.03267249972311448
2002-11-01,8833,9520,8833,8931,526204866,-0.042149292149292195
2002-11-04,9128,10207,9030,10207,1292829175,0.1428731385063262
2002-11-05,10600,10698,9422,9814,821756859,-0.03850298814539044
2002-11-06,10306,10600,9815,10403,817663698,0.060016303240268964
2002-11-07,10404,10502,9520,9716,409320091,-0.06603864269922133
2002-11-08,9226,9815,9128,9814,346847281,0.01008645533141217
2002-11-11,9619,9913,9324,9422,325706581,-0.03994293865905851
2002-11-12,9128,9815,9030,9618,540159260,0.02080237741456159
2002-11-13,9815,9913,9030,9225,355508263,-0.040860885839051786
2002-11-14,9030,9422,8833,8931,260746268,-0.03186991869918698
2002-11-15,9324,9422,7852,8244,643888620,-0.07692307692307687
2002-11-18,8146,8441,7852,8048,320880644,-0.02377486656962635
2002-11-19,8048,9226,7950,9225,1176177099,0.14624751491053667
2002-11-20,9324,9913,8833,9029,739620956,-0.021246612466124692
2002-11-21,9619,9717,8833,9029,357189636,0.0
2002-11-22,9324,9422,8637,8637,311868532,-0.043415660649019805
2002-11-25,8539,9815,8539,9520,1074239619,0.10223457218941756
2002-11-26,9717,10207,9128,9127,994798449,-0.04128151260504198
2002-11-27,9128,9324,8637,8833,291519687,-0.03221211789196887
2002-11-28,9128,9226,8441,8637,301856153,-0.022189516585531477
2002-11-29,8441,8735,8343,8538,196800266,-0.011462313303230331
2002-12-02,8539,8931,8441,8637,329272451,0.011595221363317032
2002-12-03,9030,9520,8931,9029,471022025,0.045386129443093726
2002-12-04,8931,9030,8539,8637,231429258,-0.043415660649019805
2002-12-05,8539,8833,8441,8735,175648259,0.01134653236077332
2002-12-06,8637,9128,8539,8637,279008558,-0.01121923297080707
2002-12-09,8343,8441,7459,7655,533985788,-0.11369688549264789
2002-12-10,7459,8048,7361,8048,320572791,0.051338994121489234
2002-12-11,7656,7754,6870,6870,459554773,-0.14637176938369778
2002-12-12,6281,6969,5987,6477,764133953,-0.057205240174672434
2002-12-13,6478,6674,6085,6183,207729702,-0.04539138490041683
2002-12-16,5987,7067,5987,7066,549178831,0.14281093320394622
2002-12-17,7656,7950,6870,6968,803873629,-0.01386923294650444
2002-12-18,6969,7852,6772,7459,868339261,0.07046498277841562
2002-12-20,7067,7459,6380,6379,593453813,-0.14479152701434506
2002-12-23,6183,6674,6085,6183,365716675,-0.03072581909390182
2002-12-24,6281,6380,5693,5790,319627743,-0.06356137797185835
2002-12-26,5693,6183,5594,5594,454382157,-0.03385146804835926
2002-12-27,5594,6085,5496,5594,454116395,0.0
2002-12-30,5693,5889,5300,5496,258891766,-0.017518770110833026
2003-01-02,5987,6281,5791,6281,312319310,0.1428311499272199
2003-01-03,6674,6870,6183,6477,492958780,0.03120522209839205
2003-01-06,6576,6674,6281,6379,235616953,-0.015130461633472314
2003-01-07,6576,6674,5987,5987,209475913,-0.06145163818780375
2003-01-08,5987,6183,5889,5888,163405014,-0.01653582762652417
2003-01-09,5791,6085,5693,5790,184934820,-0.016644021739130488
2003-01-10,5889,5987,5496,5692,201953207,-0.01692573402417963
2003-01-13,5693,6478,5594,6379,463606924,0.12069571328179896
2003-01-14,6183,6281,5889,6085,323276647,-0.04608872864085278
2003-01-15,6085,6281,5889,5987,183548600,-0.016105176663927745
2003-01-16,5791,5987,5791,5790,133629673,-0.03290462669116423
2003-01-17,5693,5889,5693,5692,122189607,-0.01692573402417963
2003-01-20,5594,5889,5594,5790,177271497,0.017217146872803957
2003-01-21,5889,5889,5594,5790,111439610,0.0
2003-01-22,5693,5889,5594,5692,213109614,-0.01692573402417963
2003-01-23,5693,5889,5496,5594,197548700,-0.017217146872803957
2003-01-24,5693,5693,5300,5398,125062592,-0.03503754022166605
2003-01-27,5202,5300,5006,5103,103377713,-0.05464987032234159
2003-01-28,5006,5202,5006,5005,83646580,-0.019204389574759895
2003-01-29,4907,5104,4319,4318,248834219,-0.1372627372627373
2003-01-30,4417,4809,4319,4612,195175224,0.06808707735062525
2003-02-03,4515,4711,4515,4612,107187477,0.0
2003-02-04,4613,5300,4515,5300,310766688,0.14917606244579362
2003-02-05,5300,5398,4809,4809,387285883,-0.09264150943396221
2003-02-06,4809,5006,4613,4711,128447380,-0.020378457059679778
2003-02-07,4613,4711,4515,4514,112930188,-0.041817023986414736
2003-02-10,4417,4613,4319,4514,110279280,0.0
2003-02-11,4515,4711,4319,4416,143758614,-0.021710234824988905
2003-02-12,4417,4515,4319,4416,71437861,0.0
2003-02-13,4417,4515,4319,4318,67356788,-0.022192028985507206
2003-02-14,4319,4613,4319,4416,175413536,0.022695692450208416
2003-02-17,4613,4907,4515,4809,230795610,0.08899456521739135
2003-02-18,4711,4809,4515,4612,159630648,-0.04096485755874402
2003-02-19,4711,4809,4515,4514,131740463,-0.02124891587163924
2003-02-20,4515,5104,4515,5103,537758320,0.13048294195835175
2003-02-21,5104,5202,4613,4711,436286948,-0.0768175582990398
2003-02-24,4711,4809,4515,4612,173681154,-0.021014646571853146
2003-02-25,4515,4613,4319,4318,154340960,-0.06374674761491761
2003-02-26,4319,4417,3926,4122,224204872,-0.04539138490041683
2003-02-27,4024,4122,3926,4024,106572010,-0.02377486656962635
2003-02-28,4122,4220,3926,3925,116709766,-0.024602385685884687
2003-03-03,3926,4122,3926,4024,111169432,0.025222929936305816
2003-03-04,4024,4024,3828,3827,74101250,-0.04895626242544726
2003-03-05,3730,3926,3631,3729,156535387,-0.025607525476874837
2003-03-06,3730,3926,3631,3729,112938963,0.0
2003-03-07,3631,3730,3533,3533,85955168,-0.05256100831322075
2003-03-10,3533,3631,3337,3337,93946976,-0.055476931786017536
2003-03-11,3141,3337,3141,3140,120032346,-0.05903506143242432
2003-03-12,3141,3435,3141,3337,178325562,0.06273885350318475
2003-03-13,3337,3435,3141,3238,89581589,-0.029667365897512732
2003-03-14,3435,3533,3239,3238,108166784,0.0
2003-03-17,3141,3239,2846,2846,133193025,-0.12106238418777027
2003-03-18,3043,3141,2944,2944,78004277,0.03443429374560791
2003-03-19,2944,3043,2846,2846,69695620,-0.033288043478260865
2003-03-20,2846,3239,2846,3238,316356293,0.13773717498243143
2003-03-21,3337,3435,3141,3238,149625270,0.0
2003-03-24,3337,3435,2944,3042,155868381,-0.06053119209388513
2003-03-25,2846,2944,2748,2846,100802063,-0.06443129520052593
2003-03-26,2846,2944,2454,2650,253841754,-0.06886858749121572
2003-03-27,2650,2650,2650,2650,0,0.0
2003-03-28,2650,2650,2650,2650,0,0.0
2003-03-31,2650,2650,2650,2650,0,0.0
2003-04-01,2650,2650,2650,2650,0,0.0
2003-04-02,2650,2650,2650,2650,0,0.0
2003-04-03,2650,2650,2650,2650,0,0.0
2003-04-04,2650,2650,2650,2650,0,0.0
2003-04-07,2650,2650,2650,2650,0,0.0
2003-04-08,2650,2650,2650,2650,0,0.0
2003-04-09,2650,2650,2650,2650,0,0.0
2003-04-10,2650,2650,2650,2650,0,0.0
2003-04-11,2650,2650,2650,2650,0,0.0
2003-04-14,2650,3045,2630,3045,12165572,0.14905660377358498
2003-04-15,3500,3500,3500,3500,3424095,0.14942528735632177
2003-04-16,4025,4025,4025,4025,870285,0.1499999999999999
2003-04-17,4480,4625,4230,4420,45033496,0.09813664596273286
2003-04-18,4450,4960,4060,4580,87623876,0.03619909502262453
2003-04-21,4530,4805,4270,4430,30564828,-0.03275109170305679
2003-04-22,4400,4420,4130,4140,18069444,-0.06546275395033863
2003-04-23,4190,4295,3870,3870,15042874,-0.06521739130434778
2003-04-24,3950,4250,3875,3880,23499709,0.0025839793281654533
2003-04-25,3730,3800,3300,3300,19217347,-0.14948453608247425
2003-04-28,3120,3495,3075,3215,16080714,-0.025757575757575757
2003-04-29,3350,3395,3235,3250,10488879,0.010886469673405896
2003-04-30,3250,3400,3145,3230,14493509,-0.006153846153846176
2003-05-02,3300,3330,3150,3230,8071618,0.0
2003-05-06,3330,3710,3290,3610,42501290,0.11764705882352944
2003-05-07,3675,3745,3450,3490,20283379,-0.03324099722991691
2003-05-09,3555,3670,3470,3615,14384732,0.035816618911174825
2003-05-12,3740,4155,3730,4155,27993814,0.14937759336099576
2003-05-13,4380,4555,4100,4100,45146633,-0.013237063778580027
2003-05-14,4180,4450,4120,4350,25582127,0.060975609756097615
2003-05-15,4325,4330,3905,3960,17025526,-0.08965517241379306
2003-05-16,3865,4045,3800,3800,10963375,-0.04040404040404044
2003-05-19,3600,3700,3350,3390,15780058,-0.10789473684210527
2003-05-20,3180,3515,3150,3440,15156749,0.014749262536873253
2003-05-21,3405,3520,3405,3420,8514816,-0.005813953488372103
2003-05-22,3390,3470,3270,3280,9760865,-0.040935672514619936
2003-05-23,3380,3770,3365,3770,24242734,0.14939024390243905
2003-05-26,3900,4275,3755,3800,49527908,0.007957559681697646
2003-05-27,3935,4075,3750,3900,16606421,0.026315789473684292
2003-05-28,4230,4260,3880,3905,18401623,0.0012820512820512775
2003-05-29,3850,4015,3800,3800,12965601,-0.02688860435339313
2003-05-30,3905,3930,3780,3815,12757471,0.003947368421052699
2003-06-02,3915,4110,3915,3960,18865550,0.038007863695937116
2003-06-03,3940,3960,3830,3835,8314075,-0.031565656565656575
2003-06-04,3900,3930,3795,3845,7458248,0.0026075619295957697
2003-06-05,3900,4210,3900,4105,41021741,0.06762028608582571
2003-06-09,4110,4160,3995,4055,16723973,-0.01218026796589522
2003-06-10,4090,4310,4065,4150,22166844,0.023427866831072786
2003-06-11,4280,4325,4185,4230,19392659,0.01927710843373487
2003-06-12,4320,4860,4275,4860,34773174,0.14893617021276606
2003-06-13,5140,5580,5080,5580,17513406,0.14814814814814814
2003-06-16,5890,6150,5450,5590,32478074,0.0017921146953405742
2003-06-17,5900,6420,5650,6090,56158263,0.0894454382826475
2003-06-18,5800,5960,5180,5180,43046920,-0.14942528735632188
2003-06-19,5330,5950,5330,5950,55326942,0.14864864864864868
2003-06-20,5900,6750,5730,6320,64117923,0.06218487394957983
2003-06-23,6320,6560,5910,6160,40876521,-0.025316455696202556
2003-06-24,5980,6130,5790,6010,25826309,-0.024350649350649345
2003-06-25,6070,6410,6040,6060,35551981,0.008319467554076532
2003-06-26,5900,6320,5830,5840,32884397,-0.0363036303630363
2003-06-27,6120,6240,5850,5930,21444199,0.015410958904109595
2003-06-30,5900,5960,5690,5790,12944766,-0.02360876897133224
2003-07-01,5710,5970,5710,5900,17310743,0.01899827288428324
2003-07-02,6100,6700,6090,6700,48933752,0.13559322033898313
2003-07-03,7090,7290,6740,6810,34947679,0.016417910447761086
2003-07-04,6750,7430,6560,7300,37080702,0.07195301027900136
2003-07-07,7560,8100,7280,8050,41132141,0.10273972602739723
2003-07-08,8420,8550,7830,7830,33352087,-0.027329192546583836
2003-07-09,7990,8220,7720,7980,27652702,0.019157088122605304
2003-07-10,7950,8170,7830,7960,16151831,-0.0025062656641604564
2003-07-11,7800,8130,7770,8060,17730233,0.012562814070351758
2003-07-14,8200,9260,8190,9260,45581534,0.14888337468982638
2003-07-15,9380,9920,8950,9150,51949688,-0.011879049676025932
2003-07-16,9680,10000,9450,9740,42482959,0.06448087431693983
2003-07-18,9330,9890,9270,9630,21997360,-0.011293634496919891
2003-07-21,9850,9980,8350,8860,31216159,-0.07995846313603328
2003-07-22,8760,9270,7960,8780,44982925,-0.009029345372460473
2003-07-23,9080,9170,8400,8490,31493303,-0.03302961275626426
2003-07-24,8000,8600,7900,8330,35117806,-0.018845700824499434
2003-07-25,8200,8400,7710,7710,19227327,-0.07442977190876354
2003-07-28,8010,8090,7330,7480,26822234,-0.02983138780804151
2003-07-29,7390,7440,6870,7070,37534085,-0.05481283422459893
2003-07-30,7120,7450,7120,7440,23982872,0.05233380480905225
2003-07-31,7430,7520,7180,7390,18779732,-0.006720430107526876
2003-08-01,7620,8490,7480,8490,51435719,0.14884979702300405
2003-08-04,8300,8770,8230,8430,32163755,-0.007067137809187329
2003-08-05,8660,9690,8660,9310,58087545,0.1043890865954924
2003-08-06,9150,9580,8800,9580,36074182,0.029001074113855996
2003-08-07,9720,9890,9350,9350,30238055,-0.024008350730688965
2003-08-08,9350,9450,8800,8800,22321758,-0.05882352941176472
2003-08-11,8660,9200,8190,9000,39234569,0.022727272727272707
2003-08-12,9300,9520,8750,8900,35352983,-0.011111111111111072
2003-08-13,8800,9240,8670,8900,26805688,0.0
2003-08-14,8950,9030,8630,8640,19233115,-0.02921348314606742
2003-08-18,8560,8920,8270,8270,17142666,-0.04282407407407407
2003-08-19,8650,9200,8530,8870,40582536,0.07255139056831927
2003-08-20,9010,9040,8350,8350,24857574,-0.05862457722660652
2003-08-21,8350,8610,8160,8390,15948991,0.004790419161676551
2003-08-22,8530,8610,8010,8080,14310107,-0.03694874851013108
2003-08-25,8040,8400,7970,8130,15570984,0.006188118811881083
2003-08-26,8010,8240,7860,7870,11910792,-0.03198031980319804
2003-08-27,7900,8010,7660,7720,12956159,-0.019059720457433316
2003-08-28,7980,8300,7860,8060,20574369,0.04404145077720201
2003-08-29,8150,8230,7850,7970,10370368,-0.011166253101737023
2003-09-01,8100,8370,8070,8140,14590182,0.02132998745294845
2003-09-02,8340,9120,8170,9060,51189365,0.11302211302211296
2003-09-03,9010,9060,8410,8420,21391750,-0.07064017660044153
2003-09-04,8600,8680,8090,8210,15326523,-0.02494061757719712
2003-09-05,8310,8490,8150,8150,14053791,-0.0073081607795371095
2003-09-08,7960,8040,7760,7770,11261415,-0.0466257668711656
2003-09-09,7800,8330,7800,8080,21407087,0.039897039897039965
2003-09-15,8050,8220,7980,8120,8858591,0.004950495049504955
2003-09-16,8130,8200,8010,8100,8413821,-0.0024630541871921707
2003-09-17,8350,8520,8140,8160,18337278,0.007407407407407307
2003-09-18,8150,8200,7840,7910,11115354,-0.030637254901960786
2003-09-19,8050,8090,7710,7740,8126041,-0.02149178255372941
2003-09-22,7600,7800,6990,7150,9826971,-0.07622739018087854
2003-09-23,7060,7230,6740,7180,12071118,0.00419580419580412
2003-09-24,7180,7400,7020,7100,14829152,-0.011142061281337101
2003-09-25,6750,6860,6640,6810,9950264,-0.04084507042253516
2003-09-26,6600,7200,6520,6970,21713354,0.023494860499265746
2003-09-29,6930,7020,6710,6840,9860456,-0.0186513629842181
2003-09-30,7010,7130,6710,6710,14841139,-0.01900584795321636
2003-10-01,6530,6700,6530,6700,7659289,-0.0014903129657227732
2003-10-02,6900,7110,6800,6840,17901390,0.020895522388059806
2003-10-06,6980,7100,6850,6850,16797369,0.0014619883040936088
2003-10-07,6960,7220,6860,7050,16856319,0.029197080291970767
2003-10-08,7190,7230,6790,6800,12038530,-0.03546099290780147
2003-10-09,6740,6920,6700,6780,7441427,-0.002941176470588225
2003-10-10,6810,6980,6740,6960,10673340,0.026548672566371723
2003-10-13,6850,7050,6810,6860,11381168,-0.014367816091954033
2003-10-14,6950,7190,6920,7100,15469108,0.03498542274052485
2003-10-15,7300,7410,7150,7230,15616733,0.018309859154929553
2003-10-16,7160,7270,7110,7150,7225700,-0.011065006915629283
2003-10-17,7170,8170,7130,7700,34334150,0.07692307692307687
2003-10-20,7810,8010,7770,7900,13792465,0.025974025974025983
2003-10-21,8090,8120,7640,7710,14227678,-0.024050632911392422
2003-10-22,7800,8070,7500,7500,24602332,-0.027237354085603127
2003-10-23,7300,7390,7110,7130,9506934,-0.04933333333333334
2003-10-24,7010,7210,6980,7000,8024480,-0.018232819074333828
2003-10-27,7000,7180,7000,7110,8575892,0.01571428571428579
2003-10-28,7120,7700,7120,7600,22149649,0.06891701828410679
2003-10-29,8000,8070,7310,7340,17665927,-0.03421052631578947
2003-10-30,7480,7530,7300,7440,7563190,0.013623978201634968
2003-10-31,7480,7650,7450,7530,9822863,0.012096774193548487
2003-11-03,7720,7980,7710,7820,13070311,0.038512616201859196
2003-11-04,8050,8070,6920,7250,18931814,-0.07289002557544755
2003-11-05,7430,7570,7350,7530,8907817,0.0386206896551724
2003-11-06,7520,7580,7150,7210,9461894,-0.04249667994687911
2003-11-07,7180,7350,7080,7250,6581125,0.00554785020804438
2003-11-10,7150,7270,7030,7060,5915971,-0.026206896551724146
2003-11-11,6910,6980,6840,6900,5993535,-0.022662889518413554
2003-11-12,6910,7100,6910,7020,4810981,0.017391304347825987
2003-11-13,7200,7330,7000,7140,8717304,0.017094017094017033
2003-11-14,7060,7100,6950,6990,5563141,-0.021008403361344574
2003-11-17,6920,7100,6880,6990,4819774,0.0
2003-11-18,6950,7130,6950,7080,6204900,0.012875536480686733
2003-11-19,6950,6980,6720,6730,6183325,-0.04943502824858759
2003-11-20,6740,6840,6600,6660,4269454,-0.010401188707280795
2003-11-21,6560,6850,6520,6580,6393336,-0.012012012012011963
2003-11-24,6460,6580,6070,6110,5456478,-0.0714285714285714
2003-11-25,6250,6340,6110,6140,4021719,0.004909983633387904
2003-11-26,6060,6830,6060,6700,16557584,0.0912052117263844
2003-11-27,6800,6860,6410,6480,6390263,-0.032835820895522394
2003-11-28,6500,6740,6500,6630,7882395,0.02314814814814814
2003-12-01,6700,7000,6670,6880,10124883,0.03770739064856721
2003-12-02,7040,7040,6670,6800,6795140,-0.011627906976744207
2003-12-03,6730,6990,6730,6750,8358300,-0.007352941176470562
2003-12-04,6750,6800,6660,6660,3953031,-0.013333333333333308
2003-12-05,6660,6680,6450,6450,4193750,-0.03153153153153154
2003-12-08,6300,6430,6280,6290,4227528,-0.024806201550387597
2003-12-09,6400,6450,6310,6330,2886885,0.006359300476947549
2003-12-10,6190,6570,6190,6350,6912456,0.003159557661927437
2003-12-11,6300,6510,6280,6280,6621503,-0.011023622047244053
2003-12-12,6420,6440,6280,6300,3794157,0.0031847133757962887
2003-12-15,6410,6650,6360,6620,8512696,0.050793650793650835
2003-12-16,6430,6470,6310,6310,4307955,-0.04682779456193353
2003-12-17,6330,6380,6210,6210,3379780,-0.015847860538827252
2003-12-18,6150,6310,6140,6170,5000030,-0.006441223832528209
2003-12-19,6250,6380,6150,6160,5354127,-0.0016207455429497752
2003-12-22,6060,6200,5810,5850,3984748,-0.05032467532467533
2003-12-23,5890,5970,5560,5570,4567122,-0.047863247863247915
2003-12-24,5620,5700,5200,5200,5230945,-0.06642728904847395
2003-12-26,5030,5270,5020,5040,5497716,-0.03076923076923077
2003-12-29,5040,5270,5040,5250,4728093,0.04166666666666674
2003-12-30,5400,5700,5370,5600,11516285,0.06666666666666665
2004-01-02,5740,5750,5570,5600,4148379,0.0
2004-01-05,5610,6360,5560,6250,18766562,0.1160714285714286
2004-01-06,6380,6470,6070,6130,10501167,-0.019199999999999995
2004-01-07,6280,6850,6230,6620,20562472,0.07993474714518767
2004-01-08,6800,6970,6500,6510,13864093,-0.0166163141993958
2004-01-09,7000,7470,6900,7160,19633814,0.09984639016897079
2004-01-12,7180,7410,6990,7260,13738547,0.013966480446927276
2004-01-13,7310,7350,6960,7050,8931965,-0.02892561983471076
2004-01-14,7050,7600,6940,7480,26804841,0.06099290780141842
2004-01-15,7400,7490,7180,7230,9907602,-0.03342245989304815
2004-01-16,7380,7650,7150,7430,19268423,0.027662517289073207
2004-01-19,7500,7670,7400,7430,8573096,0.0
2004-01-20,7450,7610,7330,7400,8078362,-0.004037685060565233
2004-01-26,7380,7730,7210,7420,14078675,0.002702702702702675
2004-01-27,7590,7930,7450,7920,17535205,0.06738544474393526
2004-01-28,7950,9050,7850,8720,36757325,0.101010101010101
2004-01-29,8830,9320,8760,8960,26191899,0.02752293577981657
2004-01-30,9100,9220,8590,8950,14512975,-0.0011160714285713969
2004-02-02,8820,9060,8680,8830,10210962,-0.013407821229050265
2004-02-03,8700,8830,8200,8300,16279307,-0.060022650056625104
2004-02-04,8220,8590,8220,8580,14265030,0.033734939759036076
2004-02-05,8400,8570,8230,8230,8286231,-0.0407925407925408
2004-02-06,8210,8550,7960,8430,15340318,0.024301336573511634
2004-02-09,8550,8740,8440,8440,10149018,0.0011862396204034287
2004-02-10,8390,8450,8150,8400,8153311,-0.004739336492891044
2004-02-11,8490,8750,8350,8420,11799389,0.0023809523809523725
2004-02-12,8590,8610,8280,8320,6863995,-0.01187648456057011
2004-02-13,8260,8530,8250,8420,8357507,0.012019230769230838
2004-02-16,8360,8600,8240,8460,10451768,0.004750593824228044
2004-02-17,8470,8850,8460,8660,12743842,0.023640661938534313
2004-02-18,8860,8890,8660,8730,10280361,0.008083140877598094
2004-02-19,8770,9300,8730,9300,18328739,0.06529209621993126
2004-02-20,9200,9420,9050,9110,11370596,-0.02043010752688168
2004-02-23,9200,10150,9140,9830,28225360,0.07903402854006591
2004-02-24,9660,9690,9070,9070,13834640,-0.07731434384537128
2004-02-25,9070,9330,8870,8890,10822132,-0.019845644983461974
2004-02-26,9070,9190,8840,8870,7644613,-0.0022497187851518996
2004-02-27,8750,9020,8640,8970,8998577,0.011273957158962844
2004-03-02,9170,9560,9150,9250,12307578,0.031215161649944312
2004-03-03,9250,9950,9250,9770,17763043,0.05621621621621631
2004-03-04,9790,9900,9610,9790,9568215,0.0020470829068577334
2004-03-05,9980,10400,9790,9900,14886962,0.011235955056179803
2004-03-08,9930,10150,9610,9650,6747924,-0.025252525252525304
2004-03-09,9500,9580,9220,9430,8091505,-0.022797927461139844
2004-03-10,9300,9570,9260,9310,7744027,-0.012725344644750836
2004-03-11,9150,10700,9150,10650,38075512,0.1439312567132116
2004-03-12,10450,10750,9600,10200,24928339,-0.04225352112676062
2004-03-15,10500,10700,10050,10450,16380508,0.02450980392156854
2004-03-16,10250,11000,10150,11000,18070152,0.05263157894736836
2004-03-17,11200,11400,10900,11100,15562411,0.009090909090909038
2004-03-18,11450,12000,11150,11700,20339567,0.054054054054053946
2004-03-19,11700,12050,11600,11650,14579904,-0.004273504273504258
2004-03-22,11700,12300,11650,12000,13241976,0.030042918454935563
2004-03-23,11800,12200,11400,12200,14471147,0.016666666666666607
2004-03-24,12050,12150,11550,11550,9936711,-0.05327868852459017
2004-03-25,11550,11650,10600,10600,13976642,-0.08225108225108224
2004-03-26,11000,11250,10600,10850,12517231,0.02358490566037741
2004-03-29,11000,11700,11000,11550,10473266,0.06451612903225801
2004-03-30,11850,11900,11250,11400,8155237,-0.012987012987012991
2004-03-31,11650,12350,11550,12250,18128484,0.07456140350877183
2004-04-01,12450,12650,12200,12450,11450543,0.01632653061224487
2004-04-02,12800,12850,12350,12550,9774982,0.008032128514056325
2004-04-06,13100,14300,12950,13750,25346229,0.095617529880478
2004-04-07,13550,13950,13350,13750,14072979,0.0
2004-04-08,13900,13950,13200,13500,10939430,-0.018181818181818188
2004-04-09,13250,13600,12950,13600,8737683,0.007407407407407307
2004-04-12,13500,14000,13500,13600,9052376,0.0
2004-04-13,13850,14100,13600,13900,9183958,0.022058823529411686
2004-04-14,14000,14150,13200,13250,12729932,-0.046762589928057596
2004-04-16,12850,12950,12300,12450,11334599,-0.060377358490566024
2004-04-19,12250,12700,12050,12650,8587686,0.016064257028112428
2004-04-20,12800,12900,12500,12800,7714438,0.011857707509881354
2004-04-21,12550,13350,12500,13200,11743257,0.03125
2004-04-22,13250,13300,12100,12200,14494571,-0.0757575757575758
2004-04-23,12550,12650,11750,12150,12726464,-0.004098360655737654
2004-04-26,12050,12200,11100,11250,13807027,-0.07407407407407407
2004-04-27,11100,11650,11100,11450,9808058,0.01777777777777767
2004-04-28,11400,11750,11250,11250,11517072,-0.017467248908296984
2004-04-29,10900,11200,10450,10650,11756139,-0.053333333333333344
2004-04-30,10900,11950,10850,11900,15637146,0.11737089201877926
2004-05-03,11850,12200,11600,12200,9363015,0.025210084033613356
2004-05-04,12500,13850,12450,13200,27081604,0.08196721311475419
2004-05-06,13050,13550,12200,12250,15855499,-0.07196969696969702
2004-05-07,12450,13150,12000,13100,19691162,0.06938775510204076
2004-05-10,13100,13550,11800,12400,23798042,-0.05343511450381677
2004-05-11,12500,13100,12100,13000,19327027,0.048387096774193505
2004-05-12,13500,13650,12800,12900,18956196,-0.007692307692307665
2004-05-13,12700,12950,12250,12450,13558695,-0.03488372093023251
2004-05-14,12600,12700,11350,11350,17249064,-0.08835341365461846
2004-05-17,11150,11400,9650,9650,23996733,-0.14977973568281944
2004-05-18,9430,10350,9100,10250,25631287,0.06217616580310881
2004-05-19,10250,10650,9960,10300,24100428,0.004878048780487809
2004-05-20,9900,10200,9230,9320,20446931,-0.09514563106796114
2004-05-21,9650,9900,9490,9600,15292873,0.030042918454935563
2004-05-24,10000,10900,9930,10900,21059055,0.13541666666666674
2004-05-25,10650,10750,10000,10300,16242726,-0.05504587155963303
2004-05-27,10800,10900,10250,10250,10873055,-0.004854368932038833
2004-05-28,10600,11150,10500,10850,18458352,0.05853658536585371
2004-05-31,11150,11250,10750,11250,13580869,0.03686635944700467
2004-06-01,11300,11650,11050,11300,16637581,0.004444444444444473
2004-06-02,11200,11800,11150,11500,13758199,0.017699115044247815
2004-06-03,11700,11750,10400,10500,15982403,-0.08695652173913049
2004-06-04,10700,10800,10400,10600,9175478,0.00952380952380949
2004-06-07,10900,11750,10900,11600,16338377,0.09433962264150941
2004-06-08,11800,11950,11300,11450,12665550,-0.012931034482758674
2004-06-09,11750,12150,11300,11850,15494782,0.03493449781659397
2004-06-10,11900,12300,11650,12000,16000045,0.012658227848101333
2004-06-11,11950,12000,11200,11400,10327592,-0.050000000000000044
2004-06-14,11100,11550,10350,10350,9841833,-0.09210526315789469
2004-06-15,10450,11000,10300,11000,10831554,0.06280193236714982
2004-06-16,10900,11150,10450,10550,10794300,-0.040909090909090895
2004-06-17,10550,11050,10550,10950,9753012,0.03791469194312791
2004-06-18,10950,11300,10550,10800,9828215,-0.013698630136986356
2004-06-21,11000,11150,10800,10950,6525615,0.01388888888888884
2004-06-22,10900,11000,10650,10950,6057761,0.0
2004-06-23,11100,11400,10900,10900,8923380,-0.004566210045662156
2004-06-24,11200,11350,10850,11300,11868529,0.03669724770642202
2004-06-25,11400,11800,11150,11700,10184026,0.03539823008849563
2004-06-28,11850,12100,11700,11850,11572948,0.012820512820512775
2004-06-29,12000,12500,11900,12400,11365026,0.04641350210970474
2004-06-30,12700,13100,12550,12650,14363759,0.02016129032258074
2004-07-01,12800,12950,12350,12600,10348599,-0.0039525691699604515
2004-07-02,12350,12450,12000,12100,8576140,-0.03968253968253965
2004-07-05,12050,12450,12000,12450,6483559,0.02892561983471076
2004-07-06,12350,12600,12250,12350,7041992,-0.008032128514056214
2004-07-07,12000,12150,11750,12100,7131670,-0.020242914979757054
2004-07-08,11900,12000,11400,11500,8413959,-0.04958677685950408
2004-07-09,11500,11850,11450,11650,5626950,0.01304347826086949
2004-07-12,11850,11900,11100,11100,8143812,-0.047210300429184504
2004-07-13,11050,11250,10700,11250,8099061,0.013513513513513598
2004-07-14,11000,11300,10850,10900,6867099,-0.03111111111111109
2004-07-15,10850,11100,10350,10650,9574648,-0.022935779816513735
2004-07-16,10450,10750,10150,10550,11337924,-0.009389671361502372
2004-07-19,10300,11100,10250,11050,9623072,0.04739336492891
2004-07-20,10850,11050,10700,10750,6865661,-0.02714932126696834
2004-07-21,11100,11200,10900,10900,6420167,0.013953488372093092
2004-07-22,10600,10900,10550,10800,4164705,-0.00917431192660545
2004-07-23,10900,11200,10750,11000,6652770,0.0185185185185186
2004-07-26,10900,11050,10600,10650,6280954,-0.03181818181818186
2004-07-27,10700,10800,10400,10600,4908965,-0.0046948356807511304
2004-07-28,10750,10800,10250,10300,6651283,-0.028301886792452824
2004-07-29,10050,10200,9690,9700,6326358,-0.058252427184465994
2004-07-30,9850,9950,8820,9000,10716267,-0.07216494845360821
2004-08-02,8910,9280,8830,8830,6919094,-0.018888888888888844
2004-08-03,8950,9030,8270,8530,11924059,-0.033975084937712396
2004-08-04,8430,8870,8360,8800,10164383,0.03165298944900341
2004-08-05,8850,9450,8750,9250,10753774,0.051136363636363535
2004-08-06,9000,9280,8970,9050,5654826,-0.021621621621621623
2004-08-09,8900,9390,8840,9350,7556283,0.03314917127071815
2004-08-10,9290,9620,9290,9300,7269526,-0.005347593582887722
2004-08-11,9470,9480,8940,9050,8122178,-0.026881720430107503
2004-08-12,9050,9140,8970,9000,4985786,-0.0055248618784530246
2004-08-13,8960,9100,8820,8820,5544555,-0.020000000000000018
2004-08-16,8820,9340,8820,9140,8676103,0.03628117913832196
2004-08-17,9300,9340,8960,9010,5723793,-0.01422319474835887
2004-08-18,9010,9200,8990,9050,5154968,0.004439511653718142
2004-08-19,9210,9340,9140,9260,8005152,0.023204419889502725
2004-08-20,9290,9380,9220,9330,3856371,0.0075593952483801186
2004-08-23,9500,9790,9370,9790,7596730,0.04930332261521975
2004-08-24,9910,10300,9750,10100,10274697,0.03166496424923393
2004-08-25,10150,10200,10000,10100,4881853,0.0
2004-08-26,10250,10500,10100,10100,8391808,0.0
2004-08-27,10200,10350,10100,10300,3976631,0.01980198019801982
2004-08-30,10450,10750,10400,10600,6308360,0.029126213592232997
2004-08-31,10650,10750,10350,10450,4371614,-0.014150943396226467
2004-09-01,10450,10550,10150,10350,5632409,-0.009569377990430672
2004-09-02,10400,10700,10400,10400,4787466,0.004830917874396157
2004-09-03,10450,10500,9860,9960,6102135,-0.04230769230769227
2004-09-06,9890,9960,9760,9920,4099249,-0.004016064257028162
2004-09-07,9980,10050,9820,9820,3798536,-0.01008064516129037
2004-09-08,9710,10250,9710,9970,6206729,0.015274949083503131
2004-09-09,10000,10050,9800,9960,3826260,-0.0010030090270812808
2004-09-10,10250,10350,10150,10200,6740095,0.024096385542168752
2004-09-13,10500,10900,10450,10800,10823082,0.05882352941176472
2004-09-14,10950,11050,10550,10850,7038694,0.004629629629629539
2004-09-15,10900,11600,10600,11400,10503181,0.05069124423963123
2004-09-16,11250,11550,10950,11150,7431845,-0.021929824561403466
2004-09-17,11350,11400,10900,10950,7183509,-0.017937219730941756
2004-09-20,10400,10950,10250,10700,13039004,-0.022831050228310557
2004-09-21,10900,11150,10850,11000,7871367,0.028037383177569986
2004-09-22,11050,11150,10500,10500,6379705,-0.045454545454545414
2004-09-23,10300,10600,10300,10400,3398997,-0.00952380952380949
2004-09-24,10450,10600,10150,10400,3980539,0.0
2004-09-30,10350,10750,10350,10500,4136379,0.009615384615384581
2004-10-01,10600,11450,10600,11100,8058572,0.05714285714285716
2004-10-04,11550,11750,11450,11600,7555624,0.04504504504504503
2004-10-05,11650,12150,11550,11850,14382022,0.02155172413793105
2004-10-06,11900,13350,11650,12750,22420875,0.07594936708860756
2004-10-07,12950,13700,12850,13650,19655066,0.07058823529411762
2004-10-08,13700,15150,13400,14300,33972605,0.04761904761904767
2004-10-11,14550,14750,14050,14400,14597066,0.006993006993007089
2004-10-12,14350,14350,13350,13350,12314205,-0.07291666666666663
2004-10-13,13650,13850,13150,13400,12659167,0.0037453183520599342
2004-10-14,13100,13750,12900,13500,11664143,0.00746268656716409
2004-10-15,13200,14200,13200,14200,11895625,0.051851851851851816
2004-10-18,14450,14850,13750,13850,10634674,-0.02464788732394363
2004-10-19,14250,14350,13150,13450,13617198,-0.028880866425992746
2004-10-20,13500,13700,12850,12950,9396497,-0.03717472118959109
2004-10-21,13050,13250,12250,12900,12348243,-0.0038610038610038533
2004-10-22,13000,13200,12200,12450,13947757,-0.03488372093023251
2004-10-25,12300,12800,12250,12600,9570967,0.012048192771084265
2004-10-26,12900,13250,12050,12150,16186044,-0.0357142857142857
2004-10-27,12400,12450,11550,11900,10945810,-0.020576131687242816
2004-10-28,12400,12950,12300,12950,13177842,0.08823529411764697
2004-10-29,12750,12850,12500,12700,7629898,-0.019305019305019266
2004-11-01,12800,13000,12000,12150,10647892,-0.04330708661417326
2004-11-02,12150,12250,11800,12200,9179152,0.004115226337448652
2004-11-03,12200,12750,12150,12750,12830501,0.04508196721311486
2004-11-04,12500,12550,12200,12200,6917630,-0.04313725490196074
2004-11-05,12400,12500,12000,12050,7483559,-0.012295081967213073
2004-11-08,12100,12200,11600,11650,8454828,-0.03319502074688796
2004-11-09,11500,11700,11200,11450,7766787,-0.01716738197424894
2004-11-10,11500,12100,11500,12000,14203616,0.048034934497816595
2004-11-11,11800,12100,11750,11750,8806774,-0.02083333333333337
2004-11-12,12100,12150,11800,11900,6957282,0.012765957446808418
2004-11-15,12100,12350,11950,12200,7807995,0.025210084033613356
2004-11-16,12400,12500,12200,12250,5927956,0.004098360655737654
2004-11-17,12400,12700,12350,12500,6961530,0.020408163265306145
2004-11-18,12700,12800,11900,11900,8709118,-0.04800000000000004
2004-11-19,12100,12150,11800,12150,4945323,0.021008403361344463
2004-11-22,11850,11950,11550,11700,5791813,-0.03703703703703709
2004-11-23,11750,11850,11550,11600,5201354,-0.008547008547008517
2004-11-24,11550,11600,11250,11400,5755109,-0.017241379310344862
2004-11-25,11400,11550,10950,11050,9489792,-0.030701754385964897
2004-11-26,10900,11100,10550,10550,12298312,-0.04524886877828049
2004-11-29,10550,10600,10050,10150,9801873,-0.03791469194312791
2004-11-30,10100,10450,10050,10350,11883963,0.019704433497536922
2004-12-01,10250,10750,10100,10700,9858766,0.033816425120772875
2004-12-02,10950,10950,10300,10350,8306103,-0.032710280373831724
2004-12-03,10600,10800,10450,10650,7566680,0.02898550724637672
2004-12-06,10500,10650,10300,10400,4944241,-0.023474178403755874
2004-12-07,10350,10700,10350,10500,4236413,0.009615384615384581
2004-12-08,10350,10800,10350,10450,6856367,-0.004761904761904745
2004-12-09,10500,10750,10450,10550,6169988,0.009569377990430672
2004-12-10,10700,10750,10300,10350,4047545,-0.018957345971563955
2004-12-13,10400,10500,10300,10400,3848125,0.004830917874396157
2004-12-14,10500,11050,10450,11000,10651761,0.05769230769230771
2004-12-15,11200,11600,11100,11600,9537127,0.05454545454545445
2004-12-16,11750,11950,11550,11550,8526250,-0.004310344827586188
2004-12-17,11650,11700,11300,11600,5115524,0.0043290043290042934
2004-12-20,11600,11700,11350,11500,4980384,-0.008620689655172376
2004-12-21,11450,11750,11350,11550,5263930,0.004347826086956497
2004-12-22,11750,11850,11400,11400,5529365,-0.012987012987012991
2004-12-23,11500,11550,10950,11000,4455417,-0.03508771929824561
2004-12-24,11000,11150,10900,11000,5268707,0.0
2004-12-27,11000,11100,10850,10900,3830431,-0.009090909090909038
2004-12-28,10800,10850,10600,10600,5121029,-0.02752293577981646
2004-12-29,10750,11250,10700,11200,5300836,0.05660377358490565
2004-12-30,11200,11650,11200,11650,5351629,0.0401785714285714
2005-01-03,11800,11800,11550,11600,3120279,-0.0042918454935622075
2005-01-04,11550,11800,11350,11750,5562528,0.012931034482758674
2005-01-05,11600,11850,11500,11850,4775735,0.008510638297872353
2005-01-06,11700,12300,11600,11900,9309124,0.00421940928270037
2005-01-07,12000,12100,11500,11700,4783719,-0.01680672268907568
2005-01-10,11800,12500,11600,12500,8737587,0.06837606837606836
2005-01-11,12500,12800,11950,12100,14434038,-0.03200000000000003
2005-01-12,12300,12350,11700,11800,7182158,-0.024793388429752095
2005-01-13,11800,12050,11700,12050,6268104,0.021186440677966045
2005-01-14,11750,12450,11750,12250,14656018,0.016597510373443924
2005-01-17,12650,13200,12550,13000,17250441,0.061224489795918435
2005-01-18,13100,13200,12850,12950,8010582,-0.0038461538461538325
2005-01-19,13050,13250,12950,13150,7000266,0.015444015444015413
2005-01-20,12950,13150,12900,12900,4697548,-0.019011406844106515
2005-01-21,12800,12950,12600,12700,5983961,-0.015503875968992276
2005-01-24,12600,12900,12600,12700,4443459,0.0
2005-01-25,12550,12650,12300,12350,4852477,-0.027559055118110187
2005-01-26,12450,12850,12350,12850,6499786,0.04048582995951411
2005-01-27,13000,13150,12450,12650,5654243,-0.015564202334630295
2005-01-28,12650,12700,12450,12600,3172729,-0.0039525691699604515
2005-01-31,12650,13000,12600,13000,6479382,0.031746031746031855
2005-02-01,13050,13200,12700,12800,4875468,-0.01538461538461533
2005-02-02,12950,13350,12800,13000,6939785,0.015625
2005-02-03,12900,13200,12850,12900,4090593,-0.007692307692307665
2005-02-04,12850,12950,12650,12700,3954698,-0.015503875968992276
2005-02-07,13000,13350,12950,13300,7825531,0.04724409448818889
2005-02-11,13200,13450,13100,13400,4810612,0.007518796992481258
2005-02-14,13850,15350,13800,15000,24691789,0.11940298507462677
2005-02-15,15200,15300,14800,15050,11197370,0.0033333333333334103
2005-02-16,15300,16350,15250,15500,16899507,0.029900332225913706
2005-02-17,15500,16050,15200,15750,9550228,0.016129032258064502
2005-02-18,15500,15850,15350,15650,7473877,-0.006349206349206327
2005-02-21,15800,16350,15350,16200,15827961,0.03514376996805102
2005-02-22,16050,16200,14950,15200,13314101,-0.06172839506172845
2005-02-23,14700,14950,14150,14300,12391623,-0.05921052631578949
2005-02-24,14500,15150,14500,14850,10619376,0.03846153846153855
2005-02-25,15200,15600,14900,15050,11702283,0.013468013468013407
2005-02-28,15400,15500,14900,15050,8472469,0.0
2005-03-02,15150,15300,14600,15100,12711077,0.0033222591362125353
2005-03-03,14700,14950,14150,14400,16321988,-0.04635761589403975
2005-03-04,14150,14300,13850,13900,10935514,-0.03472222222222221
2005-03-07,14000,14300,13800,13900,8331839,0.0
2005-03-08,13950,14100,13500,13550,7855744,-0.025179856115107868
2005-03-09,13350,13550,13250,13400,6491479,-0.011070110701106972
2005-03-10,13350,13850,13350,13650,8810717,0.018656716417910557
2005-03-11,13850,14150,13850,14150,6256097,0.03663003663003672
2005-03-14,14000,14050,13800,13850,3230919,-0.021201413427561877
2005-03-15,13950,14050,13250,13300,5638852,-0.03971119133574008
2005-03-16,13100,13600,13050,13400,5830633,0.007518796992481258
2005-03-17,13100,13300,12900,13000,4893958,-0.02985074626865669
2005-03-18,12850,13200,12750,12850,4176678,-0.011538461538461497
2005-03-21,12850,13250,12750,13150,4546555,0.023346303501945442
2005-03-22,13150,13500,13150,13400,4361034,0.019011406844106515
2005-03-23,13300,13450,12950,13000,4250820,-0.02985074626865669
2005-03-24,13200,13250,12600,12700,5353797,-0.023076923076923106
2005-03-25,12750,12900,12700,12900,3320158,0.015748031496062964
2005-03-28,12900,13200,12900,13000,3352872,0.007751937984496138
2005-03-29,13000,13050,12650,12700,3591025,-0.023076923076923106
2005-03-30,12600,12950,12500,12950,3255052,0.019685039370078705
2005-03-31,13350,13350,13000,13050,3588095,0.007722007722007707
2005-04-01,13000,13700,12950,13650,6645326,0.04597701149425282
2005-04-04,13750,14050,13650,13900,6082435,0.01831501831501825
2005-04-06,14100,14200,13800,14100,4690893,0.014388489208633004
2005-04-07,14050,14150,13800,13850,3695507,-0.01773049645390068
2005-04-08,14000,14100,13650,13700,3656938,-0.010830324909747335
2005-04-11,13500,13750,13500,13600,2189927,-0.007299270072992692
2005-04-12,13550,14050,13550,13850,4011393,0.018382352941176405
2005-04-13,13950,14050,13350,13500,3899687,-0.02527075812274371
2005-04-14,13400,13650,13250,13450,3768531,-0.0037037037037036535
2005-04-15,13350,13450,12950,13000,4188338,-0.03345724907063197
2005-04-18,12650,13000,12400,12400,4244411,-0.0461538461538461
2005-04-19,12650,12700,12500,12600,3123988,0.016129032258064502
2005-04-20,12700,12900,12550,12550,3925374,-0.003968253968253954
2005-04-21,12300,13450,12100,13150,12593947,0.047808764940239
2005-04-22,13400,13450,12950,13000,6334584,-0.011406844106463865
2005-04-25,12900,13100,12750,12800,3190542,-0.01538461538461533
2005-04-26,12800,13000,12450,12450,4159874,-0.02734375
2005-04-27,12200,12450,12150,12300,4965302,-0.012048192771084376
2005-04-28,12350,12600,12150,12150,4353393,-0.012195121951219523
2005-04-29,12000,12250,11950,12100,3089715,-0.004115226337448541
2005-05-02,12250,12300,12050,12150,2733984,0.004132231404958775
2005-05-03,12150,12550,12150,12200,4164470,0.004115226337448652
2005-05-04,12400,12750,12350,12500,8052235,0.024590163934426146
2005-05-06,12700,13400,12650,13200,7916641,0.05600000000000005
2005-05-09,13300,13700,13250,13700,7145025,0.037878787878787845
2005-05-10,13700,13950,13400,13500,4755393,-0.014598540145985384
2005-05-11,13350,13500,13200,13300,2585868,-0.014814814814814836
2005-05-12,13450,14050,13450,13900,6859220,0.04511278195488733
2005-05-13,13900,14500,13750,14500,7941900,0.043165467625899234
2005-05-16,14700,14800,14350,14400,5270731,-0.006896551724137945
2005-05-17,14650,14700,14000,14050,4800991,-0.02430555555555558
2005-05-18,14250,14550,14150,14150,4197496,0.007117437722419906
2005-05-19,14400,14550,14300,14350,4610146,0.014134275618374659
2005-05-20,14350,14800,14300,14550,5725554,0.013937282229965264
2005-05-23,14600,14800,14500,14600,2602778,0.0034364261168384758
2005-05-24,14800,15100,14800,14950,5135215,0.023972602739726012
2005-05-25,15100,15300,14750,14850,5750205,-0.006688963210702337
2005-05-26,14950,15050,14550,14700,3363209,-0.010101010101010055
2005-05-27,15100,15400,14900,15400,7887108,0.04761904761904767
2005-05-30,15450,15800,15250,15750,4764602,0.022727272727272707
2005-05-31,15600,15950,15500,15900,4529486,0.00952380952380949
2005-06-01,15750,16050,15650,15650,4286551,-0.01572327044025157
2005-06-02,15900,16050,15650,15900,4755367,0.015974440894568787
2005-06-03,15950,16100,15850,16000,4275637,0.0062893081761006275
2005-06-07,15850,15900,15350,15350,6712541,-0.04062500000000002
2005-06-08,15100,15750,15100,15750,5870450,0.026058631921824116
2005-06-09,15550,15950,15550,15950,4587860,0.012698412698412653
2005-06-10,16100,16650,16100,16100,6551650,0.00940438871473348
2005-06-13,16050,16200,15600,15650,3836949,-0.02795031055900621
2005-06-14,15500,16000,15500,15700,4954836,0.0031948881789136685
2005-06-15,15700,16200,15700,16100,5109789,0.02547770700636942
2005-06-16,16100,16450,16050,16350,3643647,0.01552795031055898
2005-06-17,16500,17650,16450,17400,11627957,0.06422018348623859
2005-06-20,17700,17750,17100,17400,4909073,0.0
2005-06-21,17400,17550,17050,17150,3392457,-0.014367816091954033
2005-06-22,17150,17450,16950,17150,4865601,0.0
2005-06-23,17200,17600,17200,17400,4056447,0.014577259475218707
2005-06-24,17100,17300,16800,17200,4143539,-0.011494252873563204
2005-06-27,16850,16950,16550,16550,4018301,-0.03779069767441856
2005-06-28,16100,16600,15950,16400,6179799,-0.009063444108761365
2005-06-29,16600,16900,16600,16750,4114960,0.021341463414634054
2005-06-30,16600,17050,16600,17000,2749534,0.014925373134328401
2005-07-01,16900,17100,16700,17000,2529705,0.0
2005-07-04,17100,18050,17100,17700,6595574,0.04117647058823537
2005-07-05,17800,18100,17650,17700,3047359,0.0
2005-07-06,18150,18300,17800,18100,4458452,0.02259887005649719
2005-07-07,17950,18250,17900,18150,3002300,0.0027624309392264568
2005-07-08,18200,19700,18100,18850,10263328,0.038567493112947604
2005-07-11,19700,21300,19500,20850,15923941,0.10610079575596809
2005-07-12,21550,22050,19900,19950,17115242,-0.043165467625899234
2005-07-13,19950,20400,19550,20350,9169434,0.020050125313283207
2005-07-14,21100,22250,21100,22050,19239200,0.08353808353808345
2005-07-15,22050,22250,21450,21700,8664371,-0.015873015873015928
2005-07-18,21650,21900,21450,21550,4848270,-0.00691244239631339
2005-07-19,21250,21950,21100,21950,8065981,0.018561484918793614
2005-07-20,21800,21900,20400,20800,8651256,-0.05239179954441908
2005-07-21,20950,21400,19950,20250,9168047,-0.02644230769230771
2005-07-22,19750,20850,19400,20550,8911940,0.014814814814814836
2005-07-25,20550,22700,20550,22700,15230821,0.1046228710462287
2005-07-26,22700,23550,22400,22650,11740262,-0.0022026431718061845
2005-07-27,23200,23400,22550,22950,9199806,0.013245033112582849
2005-07-28,23600,24550,23200,23500,15268454,0.023965141612200425
2005-07-29,24000,24250,23700,23900,6401238,0.017021276595744705
2005-08-01,23900,24100,23400,23550,4460030,-0.014644351464435101
2005-08-02,23350,24850,23350,24650,9339473,0.04670912951167727
2005-08-03,25050,25550,24000,24000,11123102,-0.026369168356997985
2005-08-04,23600,24150,23000,23000,7842857,-0.04166666666666663
2005-08-05,22600,22900,21900,22100,10028607,-0.03913043478260869
2005-08-08,21600,22800,21550,22500,9883240,0.018099547511312153
2005-08-09,22200,22600,21900,22400,7710784,-0.004444444444444473
2005-08-10,22750,23300,22600,22700,9141683,0.013392857142857206
2005-08-11,22550,23500,22350,23200,7580765,0.022026431718061623
2005-08-12,23400,23650,22050,22050,10748679,-0.049568965517241326
2005-08-16,22100,22900,22100,22350,8724970,0.013605442176870763
2005-08-17,22100,22400,21600,22100,5713540,-0.01118568232662187
2005-08-18,22450,22700,21500,21500,6708420,-0.02714932126696834
2005-08-19,21450,21700,20400,20800,10174900,-0.032558139534883734
2005-08-22,20800,21550,20800,21550,8238522,0.03605769230769229
2005-08-23,21550,21750,20600,20600,8316514,-0.044083526682134555
2005-08-24,20500,20900,20150,20350,7331868,-0.012135922330097082
2005-08-25,20150,20550,20050,20200,5779176,-0.0073710073710073765
2005-08-26,20100,21250,20100,20950,9747581,0.03712871287128716
2005-08-29,20650,20850,20150,20150,4857174,-0.03818615751789978
2005-08-30,20700,21050,20150,20550,6985506,0.01985111662531014
2005-08-31,20450,21500,20400,21400,8041964,0.041362530413625365
2005-09-01,21850,22100,21450,21900,5802862,0.02336448598130847
2005-09-02,21850,23200,21800,22900,9960208,0.04566210045662111
2005-09-05,23350,23500,22900,23000,4752489,0.004366812227074135
2005-09-06,23200,23500,22000,22000,7304799,-0.04347826086956519
2005-09-07,22450,22650,21150,21700,13926103,-0.013636363636363669
2005-09-08,21800,21900,21250,21450,6864335,-0.011520737327188946
2005-09-09,21400,21900,21350,21500,6679418,0.002331002331002363
2005-09-12,21600,23000,21600,22800,12663145,0.0604651162790697
2005-09-13,22800,23150,22200,22750,7541348,-0.002192982456140302
2005-09-14,22700,24400,22700,24350,18197587,0.0703296703296703
2005-09-15,24550,25450,23800,24100,17275723,-0.010266940451745366
2005-09-16,24150,24450,23600,24000,6291454,-0.004149377593360981
2005-09-20,24600,24850,23650,23650,9493869,-0.014583333333333282
2005-09-21,23250,24200,23150,23500,9512287,-0.006342494714587699
2005-09-22,23500,23800,23350,23550,6643303,0.0021276595744681437
2005-09-23,23650,24150,22800,22800,9226563,-0.031847133757961776
2005-09-26,23100,23800,23100,23800,6178728,0.04385964912280693
2005-09-27,24150,24650,23750,24000,7674634,0.008403361344537785
2005-09-28,23800,24100,23200,23600,7136340,-0.01666666666666672
2005-09-29,23600,23850,23150,23800,5127976,0.008474576271186418
2005-09-30,24000,24050,23000,23000,7730920,-0.03361344537815125
2005-10-04,23100,23350,22350,22500,8475208,-0.021739130434782594
2005-10-05,22700,23100,22550,23000,7060851,0.022222222222222143
2005-10-06,22900,23350,22700,22750,7670390,-0.010869565217391353
2005-10-07,22600,22950,22400,22400,4973105,-0.01538461538461533
2005-10-10,22600,22900,22400,22650,5062397,0.01116071428571419
2005-10-11,22450,23750,22450,23750,7190139,0.04856512141280356
2005-10-12,23850,24150,23050,23200,8445817,-0.023157894736842155
2005-10-13,23100,24100,22600,23800,14352743,0.02586206896551735
2005-10-14,23900,24000,22950,23350,8738211,-0.018907563025210128
2005-10-17,23350,23600,22300,22300,5672245,-0.04496788008565311
2005-10-18,22400,22700,21750,22050,5833208,-0.011210762331838597
2005-10-19,21750,22250,21450,21500,5454270,-0.024943310657596363
2005-10-20,21800,22300,21650,22250,6525718,0.03488372093023262
2005-10-21,21850,22750,21850,22700,4986769,0.020224719101123556
2005-10-24,22900,23300,22700,23300,4826412,0.026431718061673992
2005-10-25,23500,23600,22550,22600,6523805,-0.030042918454935674
2005-10-26,22500,22500,20850,20950,20171588,-0.07300884955752207
2005-10-27,19850,20350,19600,19700,67108666,-0.059665871121718395
2005-10-28,19350,19650,19000,19000,11611441,-0.035532994923857864
2005-10-31,19300,19400,19050,19050,10932690,0.002631578947368318
2005-11-01,19200,19800,19200,19550,15149725,0.026246719160105014
2005-11-02,19600,19750,19300,19650,9642744,0.005115089514066584
2005-11-03,20200,20400,19950,20000,11475802,0.01781170483460559
2005-11-04,20500,21300,20400,21150,18118348,0.05750000000000011
2005-11-07,21450,22000,21300,22000,15054011,0.04018912529550822
2005-11-08,22100,22150,21500,21700,6461116,-0.013636363636363669
2005-11-09,21550,22150,21550,21800,6406155,0.004608294930875667
2005-11-10,21850,22150,21800,22050,6719368,0.011467889908256979
2005-11-11,22500,22800,22250,22750,10273758,0.031746031746031855
2005-11-14,22900,24100,22750,23850,16150220,0.0483516483516484
2005-11-15,23650,24000,23200,23950,8906111,0.004192872117400492
2005-11-16,23900,24800,23900,24250,11228000,0.012526096033402823
2005-11-17,24300,24550,23850,24250,6512567,0.0
2005-11-18,24550,24600,23000,23250,12485615,-0.04123711340206182
2005-11-21,23650,23850,23200,23400,7496586,0.006451612903225712
2005-11-22,22800,23400,21150,21450,27815334,-0.08333333333333337
2005-11-23,21850,22350,21700,22150,16006345,0.03263403263403264
2005-11-24,22200,22350,21250,21400,13015120,-0.033860045146726914
2005-11-25,21350,21750,21050,21100,10973571,-0.014018691588784993
2005-11-28,21100,22100,21000,21950,14492305,0.04028436018957349
2005-11-29,21800,21950,21350,21750,7891004,-0.009111617312072884
2005-11-30,21750,22100,21700,21900,9063805,0.006896551724137945
2005-12-01,21900,22650,21900,22600,10351177,0.03196347031963476
2005-12-02,23550,23800,23250,23600,13751933,0.04424778761061954
2005-12-05,23900,24400,23850,24200,9915868,0.025423728813559254
2005-12-06,23950,25000,23450,24750,11957523,0.022727272727272707
2005-12-07,24750,27400,24250,26600,33017389,0.07474747474747478
2005-12-08,26400,27050,25800,26600,15973488,0.0
2005-12-09,26500,27050,25700,25700,12589275,-0.03383458646616544
2005-12-12,25650,26250,25650,25700,10240490,0.0
2005-12-13,26100,26650,25950,26050,10798436,0.013618677042801508
2005-12-14,26300,27750,26250,27450,21078644,0.05374280230326289
2005-12-15,28250,29800,27800,29450,23126083,0.07285974499089254
2005-12-16,29000,30200,28450,28900,15461504,-0.018675721561969394
2005-12-19,29300,30850,28800,30700,16470978,0.06228373702422152
2005-12-20,30300,31050,30100,30300,12219195,-0.013029315960912058
2005-12-21,30400,31300,30350,31000,13220569,0.02310231023102305
2005-12-22,31500,34150,31400,32900,27211979,0.06129032258064515
2005-12-23,33950,34400,33050,33450,14205763,0.016717325227963542
2005-12-26,33900,34050,32950,33850,13141028,0.01195814648729443
2005-12-27,34000,34100,32950,33000,10205945,-0.025110782865583436
2005-12-28,32600,33600,32500,33200,8378076,0.0060606060606061
2005-12-29,33350,35300,33350,35300,12846374,0.06325301204819267
2006-01-02,36100,37650,35850,37600,13366196,0.06515580736543902
2006-01-03,38100,38400,36850,38100,13834043,0.013297872340425565
2006-01-04,38250,39050,35300,35300,23140068,-0.07349081364829402
2006-01-05,35900,36000,33600,34600,21566179,-0.019830028328611915
2006-01-06,34950,35850,34850,35050,12707206,0.013005780346820872
2006-01-09,35600,36750,35450,36750,13652495,0.04850213980028539
2006-01-10,37600,38600,37450,38000,16155952,0.03401360544217691
2006-01-11,37950,38150,36600,37350,9532302,-0.017105263157894735
2006-01-12,37950,38450,37400,37700,9289258,0.009370816599732157
2006-01-13,36900,38100,36400,38100,10008442,0.010610079575596787
2006-01-16,38700,38750,37450,37750,8045638,-0.009186351706036766
2006-01-17,37650,38100,35650,36200,10257599,-0.041059602649006655
2006-01-18,35200,35700,32850,33000,19665484,-0.08839779005524862
2006-01-19,33300,34650,33250,34400,18428496,0.042424242424242475
2006-01-20,34400,35200,32100,32300,16771296,-0.061046511627906974
2006-01-23,31300,32600,29600,31150,15530465,-0.035603715170278605
2006-01-24,31850,33500,30700,33500,15974226,0.0754414125200642
2006-01-25,35300,35850,34000,34000,15537952,0.014925373134328401
2006-01-26,34900,36750,34300,36750,18925359,0.0808823529411764
2006-01-27,37350,37750,36250,37500,14503649,0.020408163265306145
2006-01-31,37700,38700,36750,37300,18154320,-0.005333333333333301
2006-02-01,36850,37250,34900,35500,14930820,-0.04825737265415553
2006-02-02,36350,36650,34950,36250,14279598,0.021126760563380254
2006-02-03,35150,36050,34950,35000,11244571,-0.03448275862068961
2006-02-06,34300,35650,33700,35450,12325246,0.0128571428571429
2006-02-07,35500,36300,35250,35250,12338416,-0.005641748942172065
2006-02-08,35050,35900,34650,34700,9523601,-0.015602836879432647
2006-02-09,35400,35500,34550,34900,7423868,0.0057636887608070175
2006-02-10,34850,35150,33750,34400,8404537,-0.014326647564469885
2006-02-13,34100,34400,32800,33000,10805711,-0.04069767441860461
2006-02-14,32450,33100,32000,33000,9133012,0.0
2006-02-15,33000,33100,28950,28950,30750375,-0.12272727272727268
2006-02-16,29500,30750,29300,30350,15694423,0.04835924006908465
2006-02-17,30700,31500,30600,31200,11828324,0.028006589785831926
2006-02-20,30600,31400,30600,31000,7060460,-0.0064102564102563875
2006-02-21,30800,30950,30100,30300,7633217,-0.022580645161290325
2006-02-22,30350,31150,30350,30950,9849932,0.021452145214521545
2006-02-23,31150,32500,31100,32200,10433443,0.04038772213247177
2006-02-24,32150,32900,31650,32900,8507219,0.021739130434782705
2006-02-27,32750,33100,32200,32700,4892289,-0.006079027355623046
2006-02-28,33000,33600,32950,33250,6471233,0.01681957186544336
2006-03-02,33750,33850,31850,32050,7713450,-0.03609022556390973
2006-03-03,31700,31900,29850,30500,12898998,-0.04836193447737913
2006-03-06,30350,31150,29950,31000,8609534,0.016393442622950838
2006-03-07,30100,30250,28850,29150,13968020,-0.05967741935483872
2006-03-08,28500,29450,28350,29450,8627940,0.010291595197255532
2006-03-09,29400,29750,29000,29100,8551943,-0.011884550084889645
2006-03-10,28800,30050,28800,29400,10007237,0.010309278350515427
2006-03-13,29700,29850,28750,29050,8109698,-0.011904761904761862
2006-03-14,28950,29150,27950,28350,8784830,-0.02409638554216864
2006-03-15,28700,28850,28050,28350,7609587,0.0
2006-03-16,28300,28600,26850,27700,12307477,-0.022927689594356315
2006-03-17,27550,28850,27550,28600,7943736,0.032490974729241895
2006-03-20,28650,29300,28400,28700,5194601,0.0034965034965035446
2006-03-21,28800,29500,28300,28400,6547257,-0.010452961672473893
2006-03-22,27600,27950,27000,27350,8765386,-0.0369718309859155
2006-03-23,27700,27800,26450,27200,7147856,-0.005484460694698323
2006-03-24,26350,27150,26200,26550,7564695,-0.023897058823529438
2006-03-27,26600,27550,26600,27450,7095042,0.03389830508474567
2006-03-28,27050,27850,26850,27650,5474390,0.007285974499089187
2006-03-29,27300,27800,26950,27650,4554153,0.0
2006-03-30,28200,28800,28100,28300,6601655,0.02350813743218816
2006-03-31,28300,29600,28150,28900,8036603,0.021201413427561766
2006-04-03,29300,29600,29150,29600,4496960,0.02422145328719716
2006-04-04,30100,31100,29900,30850,11517886,0.042229729729729826
2006-04-05,31100,31250,30000,30600,7730877,-0.008103727714748765
2006-04-06,31450,31650,30800,30800,7380624,0.006535947712418277
2006-04-07,30900,31150,30350,30900,5856184,0.0032467532467532756
2006-04-10,30550,30950,30050,30350,5323793,-0.017799352750809017
2006-04-11,29950,30200,29300,29700,5852860,-0.021416803953871466
2006-04-12,29500,30500,29450,30400,5377226,0.023569023569023573
2006-04-13,30300,31150,30300,31100,5768549,0.023026315789473673
2006-04-14,31450,32500,30950,32500,9628229,0.045016077170418
2006-04-17,32750,33150,32300,33000,6812613,0.01538461538461533
2006-04-18,32650,33300,32500,32950,6400912,-0.0015151515151514694
2006-04-19,33800,34550,33450,33550,11248553,0.018209408194233667
2006-04-20,33900,34200,33550,33550,6055923,0.0
2006-04-21,34300,34500,34000,34250,7224497,0.02086438152011927
2006-04-24,34300,34350,33100,33900,5915064,-0.010218978102189746
2006-04-25,32800,33500,32800,33250,6627562,-0.019174041297935096
2006-04-26,33300,33400,32600,33250,5080201,0.0
2006-04-27,33100,34050,32950,33900,7117880,0.019548872180451093
2006-04-28,33600,33750,32650,32950,6174477,-0.028023598820059004
2006-05-02,32600,32900,30150,31100,13177549,-0.05614567526555392
2006-05-03,31400,31700,31000,31000,4496568,-0.003215434083601254
2006-05-04,30800,31200,30100,31200,5370080,0.006451612903225712
2006-05-08,32000,32000,31400,31500,4747563,0.009615384615384581
2006-05-09,32000,33500,31800,32850,9169933,0.04285714285714293
2006-05-10,31750,32300,31250,32000,6035374,-0.025875190258751957
2006-05-11,31800,32850,31800,32250,4563593,0.0078125
2006-05-12,31650,33000,31300,32850,5895158,0.018604651162790642
2006-05-15,32400,33500,32050,33500,5394732,0.019786910197869156
2006-05-16,33500,33550,32200,32800,5206313,-0.020895522388059695
2006-05-17,33300,34700,33150,34300,11315562,0.0457317073170731
2006-05-18,33000,34850,32800,34600,9386109,0.008746355685131268
2006-05-19,34300,34500,33350,34100,5226466,-0.014450867052023142
2006-05-22,34600,34650,32600,32650,5921693,-0.04252199413489732
2006-05-23,32000,33500,32000,32900,6855214,0.007656967840734996
2006-05-24,32600,33250,31950,33150,5112066,0.0075987841945288626
2006-05-25,33400,33500,31700,31900,5038621,-0.037707390648567096
2006-05-26,32400,33050,32400,32400,4966475,0.01567398119122254
2006-05-29,32650,33100,32000,32200,3461484,-0.006172839506172867
2006-05-30,32400,32900,31400,32000,3825151,-0.006211180124223614
2006-06-01,31800,32300,31050,31250,3390518,-0.0234375
2006-06-02,31950,32300,31300,31750,4473018,0.016000000000000014
2006-06-05,32150,32200,31200,31500,2457601,-0.007874015748031482
2006-06-07,30600,30950,30300,30600,4594225,-0.02857142857142858
2006-06-08,30100,30700,29900,30100,4330415,-0.016339869281045805
2006-06-09,30600,30650,29200,30050,4039837,-0.0016611295681062677
2006-06-12,29700,30050,29350,29950,2484328,-0.0033277870216306127
2006-06-13,29300,29400,28750,28900,4780389,-0.035058430717863076
2006-06-14,28750,29200,28450,29050,5382382,0.00519031141868509
2006-06-15,29400,29550,28750,28850,3790955,-0.0068846815834767705
2006-06-16,30150,30350,29700,29700,5537337,0.029462738301559765
2006-06-19,29450,29450,28750,29100,4836852,-0.02020202020202022
2006-06-20,28500,28700,27900,28250,5644553,-0.029209621993127155
2006-06-21,28350,28450,26800,27350,7006583,-0.031858407079646045
2006-06-22,27100,27450,26150,26200,19015537,-0.042047531992687404
2006-06-23,26900,27400,26750,27100,10475595,0.03435114503816794
2006-06-26,28250,29600,28150,29600,44078345,0.09225092250922518
2006-06-27,29600,30200,29000,29500,10346157,-0.0033783783783783994
2006-06-28,28900,30050,28750,29750,5544439,0.008474576271186418
2006-06-29,30500,30500,29750,29950,5275816,0.006722689075630228
2006-06-30,31100,31350,30400,30750,8561922,0.026711185308847973
2006-07-03,31300,31550,30750,31000,5694107,0.008130081300812941
2006-07-04,31300,31450,30300,30600,5128314,-0.012903225806451646
2006-07-05,29900,31050,29900,30450,4391382,-0.004901960784313708
2006-07-06,30400,30700,29950,30500,4934692,0.0016420361247948545
2006-07-07,30800,30850,30250,30350,3541582,-0.004918032786885296
2006-07-10,30200,31150,30150,30950,3920218,0.01976935749588149
2006-07-11,30600,32000,30300,31750,7134221,0.025848142164781818
2006-07-12,31750,32450,31450,32100,5122998,0.011023622047244164
2006-07-13,31750,32300,31600,31900,4188448,-0.006230529595015577
2006-07-14,31250,31500,30550,30900,5398288,-0.031347962382445194
2006-07-18,30500,31050,30350,30600,4944210,-0.009708737864077666
2006-07-19,30900,31000,30400,30500,3424861,-0.0032679738562091387
2006-07-20,31200,31550,30850,31300,7326404,0.026229508196721207
2006-07-21,31000,32100,30950,32100,4640404,0.025559105431310014
2006-07-24,31700,31800,31300,31650,3582142,-0.014018691588784993
2006-07-25,32450,32750,31850,32000,5702684,0.011058451816745585
2006-07-26,32200,32400,31750,31800,2398267,-0.006249999999999978
2006-07-27,31800,32150,31500,31800,3811182,0.0
2006-07-28,31850,32050,31650,31950,2400341,0.004716981132075526
2006-07-31,32400,32950,32200,32500,4885154,0.017214397496087663
2006-08-01,32600,33200,32600,32900,9772578,0.012307692307692353
2006-08-02,32700,33300,32450,33200,3076284,0.00911854103343468
2006-08-03,34000,34050,33000,33100,4139510,-0.003012048192771122
2006-08-04,33400,33800,33350,33650,2951013,0.0166163141993958
2006-08-07,33800,33900,32800,32800,2778270,-0.025260029717682042
2006-08-08,32800,33200,32550,33200,3642256,0.012195121951219523
2006-08-09,32900,33350,32850,33200,2943007,0.0
2006-08-10,32900,33050,32350,32700,4833179,-0.015060240963855387
2006-08-11,33100,33450,32500,32550,3812380,-0.004587155963302725
2006-08-14,32600,32900,32150,32800,2284334,0.007680491551459223
2006-08-16,33400,33450,32750,32900,5820730,0.0030487804878047697
2006-08-17,33500,34650,33350,34400,9859517,0.045592705167173175
2006-08-18,34150,35300,33750,34900,8936984,0.014534883720930258
2006-08-21,35100,35250,34100,34500,3518985,-0.011461318051575908
2006-08-22,34350,34750,34300,34500,3534084,0.0
2006-08-23,34450,34500,33900,34000,3190030,-0.01449275362318836
2006-08-24,33800,34500,33750,34500,3270831,0.014705882352941124
2006-08-25,34850,35950,34850,35650,7700470,0.03333333333333344
2006-08-28,36000,36800,35950,36000,7983548,0.009817671809256634
2006-08-29,36700,37000,36150,36300,5642090,0.008333333333333304
2006-08-30,36700,36700,36200,36300,4064666,0.0
2006-08-31,36550,37150,36150,36800,5582834,0.01377410468319562
2006-09-01,36950,37550,36600,37500,4748788,0.01902173913043481
2006-09-04,38000,38100,37550,37850,3752697,0.009333333333333416
2006-09-05,37700,37850,36850,37000,4693408,-0.022457067371202122
2006-09-06,37200,37200,36400,36400,3311073,-0.01621621621621616
2006-09-07,35800,36300,35700,36300,4643237,-0.0027472527472527375
2006-09-08,36050,37000,36000,37000,3254058,0.019283746556473913
2006-09-11,37300,37750,36700,36700,4462638,-0.008108108108108136
2006-09-12,37150,37600,36800,37200,4476640,0.013623978201634968
2006-09-13,38100,38600,37850,38350,7923269,0.03091397849462374
2006-09-14,38400,38950,38100,38900,6599588,0.014341590612777066
2006-09-15,38850,39350,38500,39100,4998537,0.005141388174807249
2006-09-18,39000,40250,39000,40100,7301489,0.025575447570332477
2006-09-19,40200,40300,39750,39900,3880846,-0.004987531172069848
2006-09-20,39450,39550,38050,38500,10850995,-0.03508771929824561
2006-09-21,39000,39150,37850,38150,6597914,-0.009090909090909038
2006-09-22,37600,38100,36400,36750,8430714,-0.03669724770642202
2006-09-25,36550,37500,36550,36950,6695668,0.0054421768707482165
2006-09-26,37400,37450,36050,36200,6536446,-0.020297699594046037
2006-09-27,37000,37100,36250,36300,6744334,0.0027624309392264568
2006-09-28,36600,37450,36600,37000,5362142,0.019283746556473913
2006-09-29,37200,37650,36900,37300,3886480,0.008108108108108025
2006-10-02,37450,37700,37000,37100,2641626,-0.00536193029490617
2006-10-04,36800,37450,36100,36500,4915087,-0.016172506738544423
2006-10-09,36300,36750,34100,34950,9551557,-0.042465753424657526
2006-10-10,34800,35550,34800,35050,6030713,0.0028612303290413976
2006-10-11,34700,35350,34350,35200,4928237,0.004279600570613384
2006-10-12,35200,35900,34850,35850,4066172,0.01846590909090917
2006-10-13,36600,37300,36400,37300,5175251,0.04044630404463034
2006-10-16,37700,38150,37150,37300,5476640,0.0
2006-10-17,37500,37600,36550,37300,4272956,0.0
2006-10-18,36950,37450,36450,37350,3868978,0.0013404825737264314
2006-10-19,37100,37450,36200,36200,4723708,-0.030789825970548912
2006-10-20,36200,36450,35900,36100,6110405,-0.002762430939226568
2006-10-23,36150,36600,35750,36100,5707334,0.0
2006-10-24,36400,36800,35800,36000,5780357,-0.0027700831024930483
2006-10-25,35700,35800,34950,35350,7837200,-0.018055555555555602
2006-10-26,35700,35900,35050,35550,7359368,0.005657708628005631
2006-10-27,35700,35800,33900,34350,11439427,-0.03375527426160341
2006-10-30,33700,33900,33200,33300,8110194,-0.03056768558951961
2006-10-31,33450,34200,33100,34200,5918013,0.027027027027026973
2006-11-01,34300,34450,34050,34050,4500012,-0.004385964912280715
2006-11-02,33850,34850,33800,34800,5600999,0.022026431718061623
2006-11-03,34750,34800,33600,33700,6289428,-0.031609195402298895
2006-11-06,33500,33900,33050,33650,4718196,-0.0014836795252225476
2006-11-07,34150,34350,33800,34000,4629830,0.010401188707280795
2006-11-08,34550,35200,34500,34500,5653025,0.014705882352941124
2006-11-09,34700,34950,34100,34700,4721786,0.005797101449275255
2006-11-10,34350,34650,34150,34200,3184885,-0.014409221902017322
2006-11-13,34450,35200,34450,35100,4926680,0.026315789473684292
2006-11-14,35600,36050,35350,35400,5355096,0.008547008547008517
2006-11-15,36050,36200,35750,36000,4885944,0.016949152542372836
2006-11-16,36300,36350,35550,35600,3737627,-0.011111111111111072
2006-11-17,35600,35900,35450,35850,2590574,0.0070224719101124045
2006-11-20,35850,35950,34900,35000,3473368,-0.023709902370990243
2006-11-21,34900,35300,34750,34950,2328910,-0.0014285714285714457
2006-11-22,34950,35800,34950,35750,3459669,0.022889842632331847
2006-11-23,35900,35950,35400,35600,2666078,-0.004195804195804231
2006-11-24,35550,35650,35000,35650,2390727,0.001404494382022392
2006-11-27,35500,35600,35000,35400,3022008,-0.007012622720897643
2006-11-28,34600,35100,34600,34800,2755030,-0.016949152542372836
2006-11-29,34950,35250,34900,35050,2080426,0.007183908045977017
2006-11-30,35600,35850,35300,35300,2399904,0.007132667617689048
2006-12-01,35450,36100,35150,36050,3049086,0.021246458923512845
2006-12-04,35900,36750,35800,36450,4268006,0.01109570041608876
2006-12-05,36950,37500,36550,36550,5162364,0.00274348422496562
2006-12-06,36950,36950,35750,36400,3621729,-0.004103967168262668
2006-12-07,36250,36600,36150,36350,2247778,-0.0013736263736263687
2006-12-08,35800,35850,34900,35000,6501090,-0.037138927097661645
2006-12-11,35000,35550,34950,35350,3018348,0.010000000000000009
2006-12-12,35250,35350,34400,34600,3554225,-0.021216407355021172
2006-12-13,34500,35100,34400,34850,3018846,0.007225433526011571
2006-12-14,34850,35900,34700,35800,5766215,0.027259684361549574
2006-12-15,35950,36600,35800,36250,3813327,0.012569832402234526
2006-12-18,36500,36800,36050,36450,2817132,0.0055172413793103114
2006-12-19,36500,36600,35850,35950,2532841,-0.013717421124828544
2006-12-20,36100,36600,36000,36400,2656915,0.012517385257301727
2006-12-21,36600,36750,36150,36150,2119546,-0.006868131868131844
2006-12-22,36050,36400,35900,36150,2271161,0.0
2006-12-26,36000,36100,35350,35750,2545108,-0.011065006915629283
2006-12-27,36000,36400,35800,36250,1992596,0.013986013986013957
2006-12-28,36800,36800,36400,36450,2471070,0.0055172413793103114
2007-01-02,36900,37550,36700,37300,4461871,0.023319615912208436
2007-01-03,37550,37700,36950,36950,3827777,-0.009383378016085797
2007-01-04,37100,37550,36850,37150,4410444,0.005412719891745521
2007-01-05,37400,37550,36400,37400,5935841,0.006729475100942128
2007-01-08,37200,37350,36500,36650,3436598,-0.020053475935828846
2007-01-09,36750,37100,36500,36650,2737071,0.0
2007-01-10,37000,37100,36100,36550,4068429,-0.0027285129604365244
2007-01-11,36850,36950,36100,36200,5257628,-0.009575923392612817
2007-01-12,36450,36550,35600,36400,5912235,0.005524861878453136
2007-01-15,36500,37000,36350,36500,3382575,0.0027472527472527375
2007-01-16,36400,36500,35650,35850,3723261,-0.017808219178082174
2007-01-17,35800,35800,34250,34250,7921034,-0.04463040446304045
2007-01-18,34150,34350,33700,33850,5698619,-0.011678832116788329
2007-01-19,33100,33250,31850,32200,10996085,-0.048744460856720795
2007-01-22,32250,33200,32200,32900,5248127,0.021739130434782705
2007-01-23,32550,33300,32500,32700,3365091,-0.006079027355623046
2007-01-24,32750,33950,32750,33800,3656330,0.033639143730886945
2007-01-25,34300,34350,33500,33550,2286870,-0.007396449704141994
2007-01-26,33100,33250,32450,32950,4348101,-0.01788375558867361
2007-01-29,33100,33250,31550,31700,9079898,-0.03793626707132014
2007-01-30,31500,31950,31100,31800,6707433,0.003154574132492094
2007-01-31,32600,32700,31000,31250,7786100,-0.01729559748427678
2007-02-01,31200,31550,30750,31150,8183670,-0.0031999999999999806
2007-02-02,31300,32250,31250,32000,7718965,0.02728731942215079
2007-02-05,32400,32700,32200,32550,5205451,0.01718749999999991
2007-02-06,32600,32650,31950,32250,5770431,-0.009216589861751112
2007-02-07,32250,32550,31750,32050,5169719,-0.006201550387596955
2007-02-08,32350,32500,31450,31700,5318148,-0.010920436817472678
2007-02-09,31550,32000,31350,31500,4432259,-0.006309148264984188
2007-02-12,30900,31100,30250,30800,7594356,-0.022222222222222254
2007-02-13,30600,31200,30550,30850,3762304,0.0016233766233766378
2007-02-14,31150,31300,30900,31100,4785225,0.008103727714748876
2007-02-15,31850,32000,31300,31300,4176890,0.006430868167202508
2007-02-16,31500,32000,31100,31900,5532048,0.019169329073482455
2007-02-20,32000,32100,31500,32100,4056907,0.006269592476489061
2007-02-21,32350,33100,32300,32750,7752967,0.02024922118380057
2007-02-22,32750,33100,32550,32550,4508495,-0.006106870229007688
2007-02-23,32800,33000,31900,32300,5905518,-0.007680491551459334
2007-02-26,32300,32750,31900,32600,4022813,0.009287925696594534
2007-02-27,32450,32450,31700,31950,4572140,-0.019938650306748462
2007-02-28,30500,31350,30350,31150,8008997,-0.025039123630672955
2007-03-02,30850,31900,30850,31400,4201766,0.008025682182985605
2007-03-05,31050,32200,31050,31450,4503565,0.0015923566878981443
2007-03-06,31950,32200,31850,32100,3650845,0.020667726550079424
2007-03-07,32350,32550,31600,32000,3874191,-0.0031152647975077885
2007-03-08,32000,32700,31800,32400,4641305,0.012499999999999956
2007-03-09,32900,33000,32300,32500,4005339,0.0030864197530864335
2007-03-12,32750,33150,32550,33050,4623474,0.01692307692307682
2007-03-13,32900,33000,32300,32350,4437223,-0.021180030257186067
2007-03-14,31700,31900,31350,31900,4800882,-0.01391035548686248
2007-03-15,32150,32350,31850,31850,2782622,-0.0015673981191222097
2007-03-16,31900,32050,31600,31650,3038131,-0.006279434850863463
2007-03-19,31500,31850,31300,31550,4207685,-0.003159557661927326
2007-03-20,31500,31850,31300,31350,6008914,-0.006339144215530945
2007-03-21,31650,32300,31600,31900,6900244,0.01754385964912286
2007-03-22,32550,33050,32350,32750,8583200,0.026645768025078453
2007-03-23,32900,33100,32500,32550,4131885,-0.006106870229007688
2007-03-26,32800,33050,32650,32800,4129450,0.007680491551459223
2007-03-27,32750,32800,32450,32600,2353614,-0.0060975609756097615
2007-03-28,32500,33300,32450,32500,4221140,-0.0030674846625766694
2007-03-29,32300,32500,31850,32400,4239393,-0.003076923076923088
2007-03-30,32400,32750,32300,32400,3112160,0.0
2007-04-02,32750,32800,32300,32350,3333963,-0.0015432098765432167
2007-04-03,32400,33350,32300,33100,6493707,0.023183925811437467
2007-04-04,33500,34050,33400,33800,7654806,0.02114803625377637
2007-04-05,34050,34200,33750,33800,3983978,0.0
2007-04-06,34000,34050,33300,33400,3160861,-0.011834319526627168
2007-04-09,33400,33600,32900,33200,3773099,-0.005988023952095856
2007-04-10,33000,33800,32850,33400,5332747,0.006024096385542244
2007-04-11,33650,34650,33600,34200,8008720,0.0239520958083832
2007-04-12,34150,34400,33800,34100,4174016,-0.0029239766081871066
2007-04-13,34350,34650,33850,34100,4626449,0.0
2007-04-16,34050,34100,33500,33650,5968063,-0.01319648093841641
2007-04-17,33850,33900,33350,33550,5687469,-0.002971768202080227
2007-04-18,33500,33550,33050,33200,5546126,-0.010432190760059634
2007-04-19,33300,33350,31750,32200,13135781,-0.030120481927710885
2007-04-20,32250,32600,32000,32350,5839748,0.004658385093167627
2007-04-23,32700,33100,32300,32350,5696747,0.0
2007-04-24,32150,32200,31500,31750,7995396,-0.018547140649149974
2007-04-25,32250,32400,31300,32200,7722678,0.014173228346456623
2007-04-26,32300,32750,31850,32200,6446199,0.0
2007-04-27,32000,32450,31700,32050,4749691,-0.004658385093167738
2007-04-30,31900,32200,31800,32050,2193274,0.0
2007-05-02,32450,32450,31750,32000,3643420,-0.0015600624024960652
2007-05-03,32200,32350,31850,31850,3307683,-0.004687499999999956
2007-05-04,31900,32300,31750,31850,3223554,0.0
2007-05-07,32100,33550,32050,33300,10312955,0.04552590266875978
2007-05-08,33300,33400,32500,32700,4523488,-0.018018018018018056
2007-05-09,32500,32600,32050,32550,4038513,-0.004587155963302725
2007-05-10,32900,32950,31850,32000,6832181,-0.016897081413210446
2007-05-11,31700,31800,31400,31700,4464540,-0.009375000000000022
2007-05-14,31800,31950,31150,31450,4931328,-0.007886435331230235
2007-05-15,31350,31750,31150,31550,3176004,0.0031796502384737746
2007-05-16,31300,31500,30550,30800,6944296,-0.023771790808240878
2007-05-17,30800,30800,30000,30250,8666679,-0.017857142857142905
2007-05-18,29600,29650,28950,29300,12476719,-0.031404958677686
2007-05-21,28800,29750,28700,29150,6855853,-0.005119453924914641
2007-05-22,29350,29750,28500,29400,9477332,0.00857632933104635
2007-05-23,29450,30100,29100,29450,5998034,0.001700680272108901
2007-05-25,29150,30150,29100,29900,5379926,0.015280135823429575
2007-05-28,30050,30050,29100,29350,5449928,-0.018394648829431426
2007-05-29,29350,29400,28350,28650,9365372,-0.023850085178875657
2007-05-30,28550,28650,27700,28250,7569606,-0.013961605584642212
2007-05-31,28550,28900,28250,28750,6161738,0.017699115044247815
2007-06-01,29900,30800,29750,30300,15433445,0.05391304347826087
2007-06-04,30900,31350,30400,30500,9815586,0.0066006600660066805
2007-06-05,30800,31600,30650,30800,6665324,0.009836065573770592
2007-06-07,30350,31250,30300,30900,5124594,0.0032467532467532756
2007-06-08,30650,31800,30300,31550,8611266,0.021035598705501535
2007-06-11,32250,32500,31800,32000,7402322,0.014263074484944571
2007-06-12,31500,31950,31000,31450,5688974,-0.017187500000000022
2007-06-13,31050,31200,30300,30850,5747647,-0.019077901430842648
2007-06-14,31200,31300,30550,30900,5828082,0.0016207455429497752
2007-06-15,31000,31000,30300,30600,6227967,-0.009708737864077666
2007-06-18,30850,32100,30650,31850,11729939,0.040849673202614456
2007-06-19,32500,32800,31950,32150,9350751,0.009419152276295195
2007-06-20,32700,32950,32100,32150,8060920,0.0
2007-06-21,33450,34500,33150,34500,18845309,0.07309486780715391
2007-06-22,35200,35350,33700,34700,14047924,0.005797101449275255
2007-06-25,34200,34650,33550,33700,7028284,-0.028818443804034533
2007-06-26,34150,34350,32950,34050,6743839,0.010385756676557945
2007-06-27,34100,34150,33350,33500,4255969,-0.016152716593245242
2007-06-28,34200,34350,33600,33900,4400397,0.011940298507462588
2007-06-29,34000,34800,33350,33350,5400964,-0.016224188790560423
2007-07-02,33000,33550,32550,33400,4268886,0.0014992503748125774
2007-07-03,33850,34050,33500,33500,3954565,0.0029940119760478723
2007-07-04,34200,35000,34150,34950,9822228,0.0432835820895523
2007-07-05,35200,36850,35100,35900,13703732,0.027181688125894166
2007-07-06,36950,37700,36550,37600,12637910,0.0473537604456824
2007-07-09,38250,38650,36800,37400,10001749,-0.005319148936170248
2007-07-10,37800,38050,36900,37700,5585871,0.008021390374331583
2007-07-11,37300,38800,37200,38200,7312966,0.013262599469495928
2007-07-12,38650,39350,38550,38800,6062962,0.015706806282722585
2007-07-13,39650,39700,38550,39100,7064650,0.0077319587628865705
2007-07-16,38850,38850,37550,37550,5778636,-0.039641943734015306
2007-07-18,38100,38450,37450,37700,4634352,0.003994673768308976
2007-07-19,37700,38050,37200,37550,3350177,-0.003978779840848823
2007-07-20,38000,39200,37750,39200,6008139,0.04394141145139807
2007-07-23,39000,40000,38950,39200,5066982,0.0
2007-07-24,39700,39850,38850,39000,4053341,-0.005102040816326481
2007-07-25,38400,39150,37850,38300,4579628,-0.017948717948717996
2007-07-26,38500,39000,37350,37400,4975523,-0.023498694516971286
2007-07-27,37200,38100,36350,36350,8138128,-0.02807486631016043
2007-07-30,36450,37150,36100,36950,4119960,0.016506189821182904
2007-07-31,37450,38000,37050,37600,3762650,0.017591339648173276
2007-08-01,36900,37100,34650,35300,7216105,-0.061170212765957466
2007-08-02,35800,36350,35000,35800,4686778,0.014164305949008416
2007-08-03,36350,37550,35900,37100,4779523,0.036312849162011274
2007-08-06,37650,38150,36950,37350,6559845,0.006738544474393482
2007-08-07,38150,38150,36800,37100,2590020,-0.00669344042838016
2007-08-08,37350,37650,36950,37650,2787643,0.014824797843665749
2007-08-09,38250,39100,38200,38700,6014002,0.027888446215139417
2007-08-10,37950,38550,37050,37300,6148580,-0.036175710594315236
2007-08-13,37950,39000,37500,39000,5732127,0.04557640750670244
2007-08-14,38800,39500,38250,38400,4686175,-0.01538461538461533
2007-08-16,36800,37100,35850,36550,7972490,-0.04817708333333337
2007-08-17,37300,37300,35000,35300,5098790,-0.034199726402188824
2007-08-20,36600,36900,36250,36750,4153220,0.04107648725212454
2007-08-21,36550,36900,35850,35950,3603886,-0.0217687074829932
2007-08-22,35850,37200,35650,36750,4169620,0.022253129346314404
2007-08-23,37450,37700,36550,36700,4023192,-0.0013605442176870541
2007-08-24,36400,36450,35150,35550,7036301,-0.03133514986376018
2007-08-27,35900,36000,33900,34350,9563374,-0.03375527426160341
2007-08-28,33750,33850,32500,33200,10770631,-0.033478893740902516
2007-08-29,31550,32700,31550,32700,7808173,-0.015060240963855387
2007-08-30,33550,34200,33500,33550,7173559,0.025993883792049033
2007-08-31,33550,33950,33000,33750,6283061,0.005961251862891315
2007-09-03,33900,33900,32750,33000,5607944,-0.022222222222222254
2007-09-04,32850,33100,32350,32600,5397346,-0.012121212121212088
2007-09-05,33150,33800,32800,32800,6786303,0.006134969325153339
2007-09-06,32400,32800,31600,32050,9870563,-0.02286585365853655
2007-09-07,31950,31950,30700,31000,9907081,-0.032761310452418146
2007-09-10,30350,31500,30200,31150,6595526,0.004838709677419395
2007-09-11,31400,32000,31150,31600,5258972,0.014446227929374
2007-09-12,31900,32200,31350,31400,3485293,-0.006329113924050667
2007-09-13,31150,31450,30050,30500,7401219,-0.0286624203821656
2007-09-14,30350,30900,29800,30400,6113911,-0.003278688524590123
2007-09-17,30450,30950,30350,30550,2882498,0.004934210526315708
2007-09-18,30550,30600,29300,29550,6086663,-0.032733224222585955
2007-09-19,30500,30800,30050,30150,5373391,0.020304568527918843
2007-09-20,29950,29950,28850,28850,7546620,-0.04311774461028195
2007-09-21,28950,29200,28650,29200,4900130,0.0121317157712304
2007-09-27,29600,30950,29600,30950,7895709,0.05993150684931514
2007-09-28,31550,31900,31150,31300,7468733,0.011308562197092087
2007-10-01,31450,31450,30650,31100,5335855,-0.006389776357827448
2007-10-02,31700,31700,30500,31000,6479229,-0.003215434083601254
2007-10-04,30050,30150,29650,29700,8514602,-0.041935483870967794
2007-10-05,29600,29700,29000,29400,5673386,-0.010101010101010055
2007-10-08,29800,30050,29200,29300,5402021,-0.003401360544217691
2007-10-09,28800,29400,28700,29000,5305075,-0.010238907849829393
2007-10-10,29100,29300,28550,28950,4775770,-0.0017241379310344307
2007-10-11,28950,29000,28350,28650,5057857,-0.010362694300518172
2007-10-12,28250,29550,27950,28300,8134755,-0.012216404886561949
2007-10-15,28700,28900,28000,28000,4293122,-0.010600706713780883
2007-10-16,27750,27850,26400,26700,10340035,-0.046428571428571375
2007-10-17,26700,27400,26500,26800,6559482,0.0037453183520599342
2007-10-18,26800,27050,25650,26100,8770212,-0.026119402985074647
2007-10-19,26400,26700,26000,26000,5299247,-0.003831417624521105
2007-10-22,24950,25400,24750,25250,5298719,-0.028846153846153855
2007-10-23,25500,25800,24850,25150,4899273,-0.003960396039603964
2007-10-24,25250,25400,24150,24300,6949179,-0.03379721669980118
2007-10-25,24050,24400,23000,23000,9004225,-0.053497942386831254
2007-10-26,22900,26450,22600,26350,19042962,0.14565217391304341
2007-10-29,26050,26250,25050,25350,8870871,-0.0379506641366224
2007-10-30,25000,25100,24200,24850,6290150,-0.01972386587771202
2007-10-31,25250,26250,25000,25000,8838583,0.006036217303822866
2007-11-01,25550,25700,24400,24550,4716452,-0.018000000000000016
2007-11-02,23850,24250,23850,24100,3383856,-0.018329938900203624
2007-11-05,24000,24100,23300,23650,4010378,-0.018672199170124526
2007-11-06,23500,25300,23350,24150,5339468,0.02114164904862581
2007-11-07,24450,25500,24400,24650,6282531,0.020703933747411973
2007-11-08,24250,24400,23400,23400,5652792,-0.05070993914807298
2007-11-09,23600,24000,22900,23450,5543055,0.002136752136752129
2007-11-12,23100,23150,22650,23050,2903394,-0.017057569296375252
2007-11-13,22900,23450,22800,23200,3105225,0.006507592190889477
2007-11-14,23700,24000,23100,23200,3680017,0.0
2007-11-15,23350,24250,23300,23700,4804998,0.02155172413793105
2007-11-16,23750,24850,23700,23750,5976549,0.0021097046413502962
2007-11-19,23950,24100,22850,23000,4960780,-0.03157894736842104
2007-11-20,22600,23000,22100,23000,3052344,0.0
2007-11-21,22950,23050,22300,22500,2697096,-0.021739130434782594
2007-11-22,22100,23400,22100,22700,3842767,0.008888888888888946
2007-11-23,23000,23450,22700,22700,3714491,0.0
2007-11-26,23100,23400,22850,22950,2447060,0.011013215859030812
2007-11-27,22550,22850,22100,22850,3078706,-0.004357298474945481
2007-11-28,23100,23400,22800,22800,3036224,-0.002188183807439792
2007-11-29,23650,24700,23600,24500,10821316,0.07456140350877183
2007-11-30,24800,25900,24650,25900,8695045,0.05714285714285716
2007-12-03,25750,25750,24900,25200,3668301,-0.027027027027026973
2007-12-04,25500,25950,25350,25450,2905890,0.009920634920634885
2007-12-05,25400,26000,25000,25650,4208569,0.007858546168958647
2007-12-06,26400,27200,26300,26950,8883477,0.050682261208577106
2007-12-07,27100,28150,26450,27500,9077272,0.020408163265306145
2007-12-10,27150,27450,26650,27000,5444833,-0.018181818181818188
2007-12-11,27100,27300,26050,26500,5025999,-0.01851851851851849
2007-12-12,25800,26050,25300,26050,6195074,-0.016981132075471694
2007-12-13,26450,26550,25800,26000,4824503,-0.0019193857965451588
2007-12-14,25500,26000,25350,25550,4201350,-0.017307692307692357
2007-12-17,25200,26000,24950,25250,3689736,-0.011741682974559686
2007-12-18,25100,25400,24600,25250,3724869,0.0
2007-12-20,25400,25450,24350,24500,2833831,-0.02970297029702973
2007-12-21,24800,24900,23500,24700,3196468,0.008163265306122547
2007-12-24,24800,25750,24800,25750,4274037,0.04251012145748989
2007-12-26,26000,26550,25700,25700,2519317,-0.001941747572815511
2007-12-27,25850,26800,25450,26000,2801760,0.011673151750972721
2007-12-28,25850,26500,25800,25950,1957218,-0.0019230769230769162
2008-01-02,26000,26100,24800,24850,3440780,-0.042389210019267876
2008-01-03,24400,24850,24100,24600,2770877,-0.010060362173038184
2008-01-04,24500,24600,24000,24400,3164048,-0.008130081300813052
2008-01-07,23500,23800,23350,23600,4062797,-0.032786885245901676
2008-01-08,23400,23550,22950,23100,3245201,-0.021186440677966156
2008-01-09,22650,23900,22550,23500,3217076,0.017316017316017396
2008-01-10,23700,24100,23300,23300,1980789,-0.008510638297872353
2008-01-11,23850,24150,23350,23700,3832372,0.01716738197424883
2008-01-14,23800,23950,23150,23250,1868227,-0.01898734177215189
2008-01-15,23750,23950,22600,22750,3431690,-0.021505376344086002
2008-01-16,22300,22550,21800,21850,4795073,-0.03956043956043953
2008-01-17,22300,24500,22200,24500,10714366,0.12128146453089239
2008-01-18,24100,25050,23800,24500,9942980,0.0
2008-01-21,25000,25600,24900,25000,7523875,0.020408163265306145
2008-01-22,24400,25850,24000,25000,9745690,0.0
2008-01-23,25900,26100,25000,25300,6163397,0.01200000000000001
2008-01-24,25900,26400,25650,26100,5131742,0.031620553359683834
2008-01-25,26100,26300,25000,25150,5772990,-0.036398467432950166
2008-01-28,24700,25350,24150,24450,3506559,-0.027833001988071593
2008-01-29,24900,25600,24650,25250,4308059,0.0327198364008181
2008-01-30,25600,26650,25450,26100,9025016,0.03366336633663369
2008-01-31,26200,26450,25350,26000,4468228,-0.003831417624521105
2008-02-01,26050,26200,24850,25300,5957399,-0.02692307692307694
2008-02-04,25900,26450,25700,26000,5335745,0.027667984189723382
2008-02-05,25900,26400,25750,26050,2539347,0.0019230769230769162
2008-02-11,25550,26300,25350,26100,3825822,0.0019193857965451588
2008-02-12,26450,27200,26100,26250,4783467,0.005747126436781658
2008-02-13,26550,26800,25750,25800,2743869,-0.017142857142857126
2008-02-14,26400,26550,25800,26200,4234387,0.015503875968992276
2008-02-15,25800,26500,25600,26000,3354368,-0.007633587786259555
2008-02-18,25550,25850,25300,25650,3023722,-0.013461538461538414
2008-02-19,25900,25950,25250,25500,3222968,-0.005847953216374324
2008-02-20,25350,25600,24500,24600,4093336,-0.03529411764705881
2008-02-21,24950,25050,24500,24550,3190984,-0.002032520325203291
2008-02-22,24200,24250,23500,23750,5641334,-0.03258655804480648
2008-02-25,23850,24150,23300,23500,4647320,-0.010526315789473717
2008-02-26,23750,23850,23100,23100,3754101,-0.017021276595744705
2008-02-27,23400,24950,23300,24950,5583440,0.08008658008657998
2008-02-28,24700,25200,24300,24900,4076337,-0.002004008016032066
2008-02-29,24750,24750,24300,24550,2448630,-0.014056224899598346
2008-03-03,23850,24000,23300,23300,4473335,-0.050916496945010215
2008-03-04,23700,23900,23300,23650,3972577,0.015021459227467782
2008-03-05,23800,24600,23750,24300,3918323,0.02748414376321362
2008-03-06,24400,25400,23900,24900,6740104,0.024691358024691468
2008-03-07,24400,24550,23950,24050,3371537,-0.034136546184738936
2008-03-10,23550,24150,23500,23700,2244452,-0.014553014553014498
2008-03-11,23600,24800,23300,24550,3165583,0.03586497890295348
2008-03-12,25400,25550,24500,24500,4104595,-0.0020366598778004397
2008-03-13,24500,24800,23800,23900,3069033,-0.024489795918367308
2008-03-14,24300,24600,23550,23800,2458362,-0.004184100418409997
2008-03-17,23350,24250,22750,24000,3966402,0.008403361344537785
2008-03-18,24000,24200,23550,24150,2744891,0.006250000000000089
2008-03-19,24650,24750,24100,24100,3362228,-0.0020703933747412417
2008-03-20,23800,24800,23600,24750,3304085,0.026970954356846377
2008-03-21,25200,26250,24950,26250,7573430,0.06060606060606055
2008-03-24,26200,26500,25850,26050,3381961,-0.007619047619047636
2008-03-25,26550,26600,25900,25900,3046637,-0.0057581573896353655
2008-03-26,26150,26850,26100,26450,4662565,0.021235521235521304
2008-03-27,26000,26050,25300,25800,5285519,-0.02457466918714557
2008-03-28,25550,26450,25550,26300,3121447,0.019379844961240345
2008-03-31,26500,28000,26500,27850,12337043,0.05893536121673004
2008-04-01,27650,28700,27250,27900,7407189,0.0017953321364452268
2008-04-02,28800,28850,28150,28150,4544842,0.008960573476702427
2008-04-03,28450,28500,27850,28250,3046327,0.003552397868561208
2008-04-04,28350,28350,27600,28000,2774528,-0.008849557522123908
2008-04-07,28000,28050,27350,27450,3686099,-0.019642857142857184
2008-04-08,27600,27700,26750,26850,4726599,-0.021857923497267784
2008-04-10,27150,27850,26950,27650,4927300,0.029795158286778367
2008-04-11,28000,28950,27950,28950,11133910,0.047016274864376095
2008-04-14,28550,29450,28350,28900,5397841,-0.0017271157167529916
2008-04-15,28550,28800,27600,27850,6857099,-0.03633217993079585
2008-04-16,28350,28350,27750,27800,3704662,-0.0017953321364452268
2008-04-17,28700,28950,27950,28050,4626093,0.008992805755395628
2008-04-18,28300,28900,28200,28300,3338982,0.00891265597147961
2008-04-21,28750,29500,28700,29350,5874179,0.03710247349823326
2008-04-22,29800,30200,29450,29450,6268959,0.0034071550255536653
2008-04-23,29450,30000,28750,28950,5245300,-0.01697792869269954
2008-04-24,29300,29700,28200,28500,5910222,-0.015544041450777257
2008-04-25,28300,28900,27900,28100,7947243,-0.01403508771929829
2008-04-28,27050,27250,26500,26650,11741135,-0.051601423487544484
2008-04-29,26900,27250,26600,26800,3654818,0.0056285178236397115
2008-04-30,26650,26950,26400,26800,3156175,0.0
2008-05-02,27650,28000,27400,27950,5879147,0.042910447761194126
2008-05-06,28200,28700,27950,28350,3790033,0.014311270125223707
2008-05-07,28450,28600,28000,28300,3764461,-0.0017636684303351524
2008-05-08,28250,29300,28200,29100,6404820,0.028268551236749095
2008-05-09,29700,29750,28800,29200,3870034,0.0034364261168384758
2008-05-13,29200,29300,28700,29200,2644485,0.0
2008-05-14,29250,29800,29250,29400,2837691,0.006849315068493178
2008-05-15,29450,30500,29450,30400,8450892,0.03401360544217691
2008-05-16,30800,31300,30500,30600,4756489,0.006578947368421018
2008-05-19,31000,31150,30350,30600,4020996,0.0
2008-05-20,29350,30100,29200,29850,5434212,-0.02450980392156865
2008-05-21,29550,30300,29400,30000,3053708,0.005025125628140614
2008-05-22,29700,30000,29000,29650,2973122,-0.011666666666666714
2008-05-23,29900,29900,29100,29400,2759817,-0.00843170320404718
2008-05-26,29000,29450,28550,28600,3771698,-0.027210884353741527
2008-05-27,28850,29800,28650,29450,3667896,0.029720279720279796
2008-05-28,29700,29750,29300,29450,3229536,0.0
2008-05-29,29650,30300,29600,29900,3042082,0.015280135823429575
2008-05-30,30350,31100,30000,31000,10127440,0.03678929765886285
2008-06-02,30900,30950,30250,30350,3055725,-0.020967741935483897
2008-06-03,30350,30950,30000,30050,2862655,-0.009884678747940745
2008-06-04,30500,30800,30200,30250,2531317,0.006655574043261225
2008-06-05,30600,31550,30500,31300,6289488,0.034710743801652955
2008-06-09,30700,31950,30600,31450,4808300,0.004792332268370503
2008-06-10,31650,31650,30900,31200,4087318,-0.007949125596184436
2008-06-11,31200,31300,30650,31150,2463221,-0.0016025641025640969
2008-06-12,30000,30350,29200,29200,7259093,-0.0626003210272873
2008-06-13,29250,29700,28650,29350,3991754,0.005136986301369939
2008-06-16,29900,30050,29150,29400,2139938,0.0017035775127767216
2008-06-17,29100,29500,28400,28900,3319275,-0.017006802721088454
2008-06-18,28550,28700,27850,28450,4139315,-0.01557093425605538
2008-06-19,28050,28100,27600,27850,3138101,-0.02108963093145866
2008-06-20,28250,28300,27150,27950,3854455,0.0035906642728904536
2008-06-23,27550,28200,27150,27950,2690083,0.0
2008-06-24,27700,28150,27250,27450,2075540,-0.017889087656529523
2008-06-25,27500,27750,26700,27150,2791496,-0.010928961748633892
2008-06-26,27700,27900,27100,27200,2468597,0.0018416206261511192
2008-06-27,26450,26550,25850,25950,4516941,-0.045955882352941124
2008-06-30,25800,25900,24900,25000,5483324,-0.036608863198458574
2008-07-01,25100,25150,23850,24550,7000530,-0.018000000000000016
2008-07-02,24600,24600,23500,23750,4567874,-0.03258655804480648
2008-07-03,23450,25250,23300,25050,6437012,0.054736842105263195
2008-07-04,24550,24850,23350,23350,7131896,-0.06786427145708585
2008-07-07,23350,23550,22350,23050,5666235,-0.012847965738758016
2008-07-08,22900,23300,22350,22650,3817869,-0.017353579175705014
2008-07-09,23250,23450,22400,22550,3364576,-0.004415011037527616
2008-07-10,22200,22850,21900,22700,5012777,0.006651884700665134
2008-07-11,23100,23750,22750,23750,4667715,0.04625550660792954
2008-07-14,23650,24000,23150,23200,2990080,-0.023157894736842155
2008-07-15,23150,23150,22150,22150,2922887,-0.04525862068965514
2008-07-16,22450,22650,21400,21650,5536556,-0.02257336343115124
2008-07-17,22550,22600,22000,22200,4204834,0.025404157043879882
2008-07-18,22750,23200,22500,22650,4092848,0.020270270270270174
2008-07-21,23150,23900,23000,23850,3523891,0.052980132450331174
2008-07-22,23350,23500,22800,23400,4405562,-0.018867924528301883
2008-07-23,23350,23650,22900,23250,5522028,-0.0064102564102563875
2008-07-24,23550,24000,22550,23900,6858488,0.027956989247311936
2008-07-25,23400,24250,23050,23350,4330678,-0.023012552301255207
2008-07-28,23550,23650,22600,23000,3473152,-0.01498929336188437
2008-07-29,22450,22550,21800,21800,4930027,-0.05217391304347829
2008-07-30,22350,22450,21100,21100,7361013,-0.032110091743119296
2008-07-31,21150,21950,21150,21650,4185605,0.026066350710900466
2008-08-01,21350,21750,20850,21050,3394626,-0.02771362586605086
2008-08-04,20900,21150,20250,20500,3331192,-0.026128266033254133
2008-08-05,20300,21150,20300,20700,3403773,0.009756097560975618
2008-08-06,21600,22400,21350,22400,5188398,0.08212560386473422
2008-08-07,22500,23200,22100,22100,6003004,-0.013392857142857095
2008-08-08,22000,22950,21900,22600,4721418,0.02262443438914019
2008-08-11,23250,23800,23150,23800,5737712,0.053097345132743445
2008-08-12,23900,24200,23250,23300,4560056,-0.021008403361344574
2008-08-13,23500,23900,23200,23200,2750788,-0.0042918454935622075
2008-08-14,23100,23500,22700,23500,3224350,0.012931034482758674
2008-08-18,23300,23450,22850,23400,2416751,-0.004255319148936176
2008-08-19,23050,23200,22400,22400,3078400,-0.042735042735042694
2008-08-20,22050,22500,21600,22100,3894367,-0.013392857142857095
2008-08-21,21800,21950,21250,21600,3034362,-0.022624434389140302
2008-08-22,21350,21500,20700,20950,3607546,-0.03009259259259256
2008-08-25,21200,21450,21050,21050,2070203,0.004773269689737569
2008-08-26,20550,20800,20400,20550,3761696,-0.02375296912114011
2008-08-27,20550,20600,19550,19800,6578670,-0.03649635036496346
2008-08-28,20150,20200,19200,19200,4519749,-0.030303030303030276
2008-08-29,19700,19900,19200,19400,4899520,0.01041666666666674
2008-09-01,18900,19200,17200,17200,7082737,-0.11340206185567014
2008-09-02,17500,17750,16750,17200,5751252,0.0
2008-09-03,17000,19100,16850,19100,7503678,0.11046511627906974
2008-09-04,18400,18650,17850,17850,7152996,-0.06544502617801051
2008-09-05,17100,18150,16950,17350,7117937,-0.02801120448179273
2008-09-08,18000,19900,17900,19900,8245506,0.14697406340057628
2008-09-09,19600,19600,18550,18600,6715913,-0.0653266331658291
2008-09-10,18850,20100,18800,20100,7351630,0.08064516129032251
2008-09-11,19950,21000,19900,20300,9022907,0.00995024875621886
2008-09-12,21100,21200,20400,20400,4004898,0.0049261083743843415
2008-09-16,18000,19000,18000,18100,7057420,-0.11274509803921573
2008-09-17,19150,20200,19000,19900,8049428,0.09944751381215466
2008-09-18,19400,19500,18350,18550,7311118,-0.06783919597989951
2008-09-19,19600,20200,19350,20050,7043209,0.08086253369272245
2008-09-22,20100,20850,19400,19500,6308938,-0.027431421446383997
2008-09-23,19300,20100,19150,20000,4199586,0.02564102564102555
2008-09-24,20000,20300,19650,20300,4866411,0.014999999999999902
2008-09-25,20100,20400,19700,20150,6480136,-0.007389162561576401
2008-09-26,20000,20350,19250,19400,4504066,-0.037220843672456594
2008-09-29,19900,20400,19350,19350,5321015,-0.002577319587628857
2008-09-30,18200,19450,18200,19350,5375058,0.0
2008-10-01,19650,19800,19200,19450,2363222,0.0051679586563306845
2008-10-02,19550,20050,18950,19000,4389812,-0.023136246786632397
2008-10-06,18450,18450,17800,17800,6150554,-0.06315789473684208
2008-10-07,17500,17750,17150,17750,4730915,-0.002808988764044895
2008-10-08,16900,17350,15100,15100,5504238,-0.14929577464788735
2008-10-09,15150,16550,14650,15700,9502446,0.039735099337748325
2008-10-10,15000,15650,13700,15200,6131136,-0.031847133757961776
2008-10-13,15900,16900,15550,16700,7553196,0.09868421052631571
2008-10-14,17900,18900,17550,18800,8893519,0.12574850299401197
2008-10-15,18200,18600,17750,18000,5761075,-0.04255319148936165
2008-10-16,16800,17000,15350,15350,6998460,-0.14722222222222225
2008-10-17,16050,16400,14800,15000,5481293,-0.0228013029315961
2008-10-20,15650,15800,14200,15350,5960991,0.023333333333333428
2008-10-21,15850,15900,14200,14300,6490341,-0.0684039087947883
2008-10-22,14200,14450,12200,12200,13390252,-0.14685314685314688
2008-10-23,11400,11600,10400,10400,12341832,-0.14754098360655743
2008-10-24,10400,10550,8850,8850,13981438,-0.14903846153846156
2008-10-27,8900,9390,8120,8120,15370512,-0.08248587570621468
2008-10-28,8070,9330,8000,9330,12729315,0.14901477832512322
2008-10-29,10050,10550,8800,9370,26635118,0.004287245444801746
2008-10-30,10300,10750,9560,10750,12787652,0.14727854855923161
2008-10-31,10500,11900,10100,10800,17501273,0.0046511627906977715
2008-11-03,11000,11800,10700,11000,13154574,0.0185185185185186
2008-11-04,10750,10900,10050,10250,12204231,-0.06818181818181823
2008-11-05,10650,11250,10350,10650,15468470,0.039024390243902474
2008-11-06,10050,11200,10050,10100,14644000,-0.05164319248826288
2008-11-07,9980,11000,9900,11000,12725681,0.08910891089108919
2008-11-10,11400,11500,10950,11150,9349427,0.013636363636363669
2008-11-11,10800,10900,10050,10200,9065222,-0.08520179372197312
2008-11-12,9900,10950,9900,10500,11145918,0.02941176470588225
2008-11-13,10000,10200,9760,9800,7259925,-0.06666666666666665
2008-11-14,10300,10400,9700,9780,6823967,-0.0020408163265306367
2008-11-17,9610,9630,9080,9130,9901418,-0.06646216768916158
2008-11-18,8890,8900,8110,8110,14054739,-0.11171960569550932
2008-11-19,8270,8290,7350,7510,20735768,-0.07398273736128236
2008-11-20,6720,6900,6390,6390,18358063,-0.14913448735019974
2008-11-21,6000,7120,5860,6660,28913829,0.04225352112676051
2008-11-24,6710,6960,5850,5850,23696202,-0.1216216216216216
2008-11-25,6350,6390,5770,5860,17419772,0.0017094017094017033
2008-11-26,6030,6240,5810,6070,19181762,0.03583617747440271
2008-11-27,6400,6980,6320,6950,47941825,0.1449752883031301
2008-11-28,7200,7880,7160,7410,42704580,0.06618705035971217
2008-12-01,7510,8080,7450,7600,28804998,0.02564102564102555
2008-12-02,7100,7290,7030,7200,14635621,-0.052631578947368474
2008-12-03,7390,7670,7090,7090,20681363,-0.015277777777777724
2008-12-04,7450,7600,7170,7300,20445004,0.02961918194640334
2008-12-05,7330,7850,7050,7560,25539622,0.03561643835616435
2008-12-08,7940,7950,7600,7800,16594784,0.031746031746031855
2008-12-09,7930,7940,7370,7390,14292227,-0.0525641025641026
2008-12-10,7700,8090,7320,7380,37064039,-0.0013531799729363803
2008-12-11,7330,7340,6420,6520,37843788,-0.11653116531165308
2008-12-12,6250,6900,6060,6350,39142063,-0.0260736196319018
2008-12-15,6690,6780,6350,6390,19754181,0.006299212598425141
2008-12-16,6300,6980,6220,6980,24419651,0.09233176838810642
2008-12-17,7300,7580,7060,7230,29648919,0.035816618911174825
2008-12-18,7400,8170,7350,8130,41753637,0.12448132780082988
2008-12-19,8150,8860,8100,8520,41478962,0.047970479704797064
2008-12-22,8850,8930,8120,8210,29318397,-0.03638497652582162
2008-12-23,7800,7900,7310,7700,26829220,-0.062119366626065764
2008-12-24,7600,7670,6720,6720,17870865,-0.12727272727272732
2008-12-26,7030,7230,6900,6930,13755069,0.03125
2008-12-29,6690,6770,6350,6640,12660549,-0.0418470418470418
2008-12-30,6640,6970,6640,6700,7981766,0.009036144578313143
2009-01-02,6830,7180,6620,7180,9146590,0.07164179104477619
2009-01-05,7200,7620,7110,7220,16123115,0.0055710306406684396
2009-01-06,7460,7730,7330,7390,21448221,0.023545706371191244
2009-01-07,7600,7610,7250,7480,21738913,0.012178619756427533
2009-01-08,7400,8000,7300,7930,33526570,0.06016042780748654
2009-01-09,8000,8020,7340,7340,19557922,-0.07440100882723832
2009-01-12,7340,7390,6850,6920,12604076,-0.05722070844686644
2009-01-13,7040,7150,6980,7070,15418377,0.021676300578034713
2009-01-14,6900,6930,6590,6730,28285960,-0.048090523338048086
2009-01-15,6470,6920,6430,6570,19672790,-0.02377414561664193
2009-01-16,6840,7000,6810,6950,12866838,0.057838660578386714
2009-01-19,7090,7990,7050,7840,37087667,0.1280575539568345
2009-01-20,7890,8090,7440,8070,36818187,0.029336734693877542
2009-01-21,7750,8250,7650,7870,22036337,-0.024783147459727428
2009-01-22,8170,8270,7410,7430,19902707,-0.055908513341804356
2009-01-23,7370,7400,6950,7010,12876173,-0.05652759084791381
2009-01-28,7600,8060,7590,8060,31037050,0.14978601997146934
2009-01-29,8430,8460,7920,7950,42863315,-0.013647642679900707
2009-01-30,7810,9040,7750,8980,58818596,0.12955974842767293
2009-02-02,8940,9450,8900,8900,39829390,-0.008908685968819552
2009-02-03,9250,9370,8960,9110,22423398,0.02359550561797752
2009-02-04,9360,9750,9310,9520,26379570,0.04500548847420416
2009-02-05,9500,10350,9350,9350,44643467,-0.017857142857142905
2009-02-06,9660,9900,9150,9380,33892409,0.0032085561497325887
2009-02-09,10000,10000,9380,9450,22679581,0.00746268656716409
2009-02-10,9700,9830,9400,9630,21933858,0.01904761904761898
2009-02-11,9290,9390,9180,9240,19516731,-0.04049844236760125
2009-02-12,9060,9100,8720,8870,16910703,-0.04004329004328999
2009-02-13,8990,9270,8590,9260,24434908,0.043968432919955
2009-02-16,9180,9550,8900,8950,19790060,-0.03347732181425489
2009-02-17,8820,8820,8060,8210,22117081,-0.08268156424581008
2009-02-18,8140,8600,8090,8600,18954482,0.047503045066991545
2009-02-19,8700,8930,8320,8330,19992822,-0.03139534883720929
2009-02-20,8230,8270,7860,7880,12258053,-0.0540216086434574
2009-02-23,8050,8810,7970,8810,19001571,0.11802030456852797
2009-02-24,8500,8810,8420,8570,16043964,-0.02724177071509648
2009-02-25,8990,9110,8450,8450,13749405,-0.014002333722287097
2009-02-26,8700,8830,7980,8340,14541159,-0.013017751479289963
2009-02-27,8310,8780,8210,8640,15342819,0.03597122302158273
2009-03-02,8500,8600,8140,8140,8676942,-0.05787037037037035
2009-03-03,7930,8380,7890,8320,12885157,0.02211302211302213
2009-03-04,8360,8740,8250,8650,13294050,0.03966346153846145
2009-03-05,8690,8790,8270,8270,12913454,-0.04393063583815027
2009-03-06,8120,8520,8100,8330,11385447,0.007255139056831839
2009-03-09,8500,8520,8120,8220,11887133,-0.013205282112845107
2009-03-10,8220,8270,8040,8130,14995779,-0.010948905109489093
2009-03-11,8300,8510,8210,8210,22029442,0.009840098400984099
2009-03-12,8360,8810,8360,8590,29010150,0.04628501827040199
2009-03-13,9030,9560,8830,9340,44218387,0.08731082654249134
2009-03-16,9420,9520,8870,8880,24746478,-0.04925053533190582
2009-03-17,9100,9400,8910,9400,18626330,0.05855855855855863
2009-03-18,9700,9920,9450,9830,22326193,0.04574468085106376
2009-03-19,10050,10100,9700,9740,14817067,-0.00915564598168872
2009-03-20,9700,9830,9440,9580,14038867,-0.01642710472279263
2009-03-23,9700,10300,9670,10300,20927884,0.0751565762004176
2009-03-24,10600,10750,10200,10400,17417646,0.009708737864077666
2009-03-25,10350,10350,9810,10200,19992556,-0.019230769230769273
2009-03-26,10600,11700,10500,11700,42897076,0.1470588235294117
2009-03-27,12150,13250,11950,12000,55606535,0.02564102564102555
2009-03-30,12250,12850,12050,12400,35157932,0.03333333333333344
2009-03-31,12550,12600,11900,12350,30767790,-0.0040322580645161255
2009-04-01,12200,12600,11700,12250,37850694,-0.0080971659919028
2009-04-02,12700,13100,12500,12700,31025939,0.03673469387755102
2009-04-03,13200,13200,12550,12600,17144425,-0.007874015748031482
2009-04-06,12900,14450,12850,14150,52769400,0.12301587301587302
2009-04-07,13850,14950,13700,14300,46647621,0.010600706713780994
2009-04-08,14300,14650,13800,14000,26324884,-0.020979020979020935
2009-04-09,13500,14500,12800,14100,63044100,0.0071428571428571175
2009-04-10,14450,14550,13500,13500,29031077,-0.04255319148936165
2009-04-13,13650,14150,13100,13400,39786234,-0.007407407407407418
2009-04-14,13900,14200,13700,13850,27023873,0.033582089552238736
2009-04-15,13850,14400,13100,13450,28194119,-0.028880866425992746
2009-04-16,13850,13900,13150,13250,16621687,-0.014869888475836479
2009-04-17,13900,14750,13700,14400,46113677,0.08679245283018866
2009-04-20,14750,14950,14100,14550,20895627,0.01041666666666674
2009-04-21,14050,14550,13850,14500,17295630,-0.0034364261168384758
2009-04-22,15000,16650,14850,16650,54439888,0.14827586206896548
2009-04-23,16500,16900,15800,15850,45232886,-0.048048048048048075
2009-04-24,15900,16400,14900,15100,26270469,-0.04731861198738174
2009-04-27,15450,15750,15200,15350,17993922,0.01655629139072845
2009-04-28,15400,15500,14000,14000,21960962,-0.08794788273615639
2009-04-29,14350,14750,13800,14600,17081322,0.04285714285714293
2009-04-30,14900,15050,14100,14400,15580272,-0.013698630136986356
2009-05-04,14650,15250,14300,14950,17371268,0.03819444444444442
2009-05-06,15200,15650,14750,14750,17761105,-0.013377926421404673
2009-05-07,15100,15300,13900,14050,24593485,-0.0474576271186441
2009-05-08,14050,14150,13600,13900,15656645,-0.010676156583629859
2009-05-11,13900,14600,13500,14200,20016386,0.021582733812949728
2009-05-12,14300,14750,14250,14550,17349902,0.02464788732394374
2009-05-13,14750,14900,13950,13950,16636143,-0.04123711340206182
2009-05-14,13650,14250,13500,13850,14802659,-0.007168458781361964
2009-05-15,14350,14400,13300,13300,16828722,-0.03971119133574008
2009-05-18,13250,13600,13050,13400,12031276,0.007518796992481258
2009-05-19,13850,14900,13700,14550,28290828,0.08582089552238803
2009-05-20,14550,14700,14200,14500,10267177,-0.0034364261168384758
2009-05-21,14350,14400,13400,13450,20981896,-0.07241379310344831
2009-05-22,13150,13350,12650,12650,23876041,-0.059479553903345694
2009-05-25,12600,13100,11350,12650,25830440,0.0
2009-05-26,12650,12950,12000,12000,26447941,-0.0513833992094862
2009-05-27,11800,12300,11200,11500,49801818,-0.04166666666666663
2009-05-28,11600,12550,11600,12550,28836037,0.09130434782608687
2009-05-29,12700,12950,12350,12900,24124960,0.027888446215139417
2009-06-01,12800,13000,12600,12750,9924471,-0.011627906976744207
2009-06-02,13200,13350,12700,12700,15303063,-0.0039215686274509665
2009-06-03,12850,13350,12550,13350,16455705,0.051181102362204633
2009-06-04,13300,13700,13100,13500,19556966,0.011235955056179803
2009-06-05,13850,14150,13650,14050,19456585,0.040740740740740744
2009-06-08,14000,14100,13600,13650,12372726,-0.028469750889679735
2009-06-09,13800,13900,12850,12900,19344803,-0.05494505494505497
2009-06-10,13150,13300,12950,13250,9683737,0.027131782945736482
2009-06-11,13150,13200,12800,12900,13039695,-0.026415094339622636
2009-06-12,12950,13250,12800,12950,8633675,0.003875968992248069
2009-06-15,13050,13400,12700,13250,10211879,0.02316602316602312
2009-06-16,13250,13450,13100,13250,10882429,0.0
2009-06-17,13200,13800,13000,13700,12958253,0.03396226415094339
2009-06-18,13650,13900,13050,13100,11531912,-0.04379562043795615
2009-06-19,13350,13450,12950,13250,7774458,0.011450381679389388
2009-06-22,13350,13800,13300,13750,11726775,0.037735849056603765
2009-06-23,13500,13750,13300,13450,12055343,-0.021818181818181848
2009-06-24,13700,14000,13550,13950,16224844,0.037174721189590976
2009-06-25,13900,14250,13700,14100,14695955,0.010752688172043001
2009-06-26,14150,14200,13700,13850,10171021,-0.01773049645390068
2009-06-29,13950,14100,13650,13650,6420398,-0.014440433212996373
2009-06-30,13850,14000,13550,13650,8169007,0.0
2009-07-01,13650,13850,13600,13800,6348426,0.01098901098901095
2009-07-02,13900,14600,13650,14600,22129448,0.05797101449275366
2009-07-03,14450,15000,14400,14950,20828975,0.023972602739726012
2009-07-06,15050,15300,14900,15050,12488472,0.006688963210702337
2009-07-07,15250,15750,15200,15400,16569771,0.023255813953488413
2009-07-08,15450,15600,15150,15550,10876454,0.009740259740259827
2009-07-09,15500,15500,15050,15500,9450993,-0.003215434083601254
2009-07-10,15400,15500,14850,14850,8883315,-0.041935483870967794
2009-07-13,14700,14900,14200,14200,10369533,-0.043771043771043794
2009-07-14,14600,14850,14400,14750,10244227,0.03873239436619724
2009-07-15,15250,15500,15050,15500,11250294,0.05084745762711873
2009-07-16,15850,16100,15550,15650,15430088,0.00967741935483879
2009-07-17,15900,16050,15600,15600,6393433,-0.0031948881789137795
2009-07-20,15900,16700,15800,16700,17268677,0.07051282051282048
2009-07-21,17150,17300,16700,17150,15621417,0.026946107784431073
2009-07-22,17000,17150,16700,16950,10763568,-0.011661807580174877
2009-07-23,16800,16850,16150,16400,15750443,-0.03244837758112096
2009-07-24,16600,16850,16150,16350,12807995,-0.0030487804878048808
2009-07-27,16550,18250,16450,18000,31801331,0.10091743119266061
2009-07-28,17800,18000,17500,17750,12783092,-0.01388888888888884
2009-07-29,18000,18600,17850,18200,18403320,0.025352112676056304
2009-07-30,18050,18350,17700,18150,10074365,-0.0027472527472527375
2009-07-31,18350,18400,17500,17600,16374335,-0.030303030303030276
2009-08-03,17600,18000,17200,17700,12948203,0.005681818181818121
2009-08-04,18100,18550,17850,17850,15731887,0.008474576271186418
2009-08-05,18250,18400,17300,17700,11745602,-0.008403361344537785
2009-08-06,17450,17600,17000,17500,12385565,-0.011299435028248594
2009-08-07,17600,18200,17500,18150,14589415,0.037142857142857144
2009-08-10,18550,18600,18200,18200,8571965,0.0027548209366390353
2009-08-11,18050,18900,18050,18600,14053236,0.0219780219780219
2009-08-12,18600,19300,18450,18900,17813032,0.016129032258064502
2009-08-13,18800,18900,18400,18400,13231369,-0.02645502645502651
2009-08-14,18700,19250,18550,19150,12320924,0.040760869565217295
2009-08-17,19100,19400,18600,18800,10552949,-0.018276762402088753
2009-08-18,18550,19400,18500,19150,12615682,0.018617021276595702
2009-08-19,19400,20150,19250,19900,17291637,0.039164490861618884
2009-08-20,20200,20300,19600,20100,11169091,0.01005025125628145
2009-08-21,20150,20150,19450,19700,13583840,-0.01990049751243783
2009-08-24,20350,20900,20200,20650,13385631,0.048223350253807196
2009-08-25,20500,21000,20300,20700,7741956,0.002421307506053294
2009-08-26,20850,21350,20550,20850,7857118,0.007246376811594235
2009-08-27,20700,21000,20550,20850,6848697,0.0
2009-08-28,21250,21600,21150,21350,11403053,0.023980815347721895
2009-08-31,22000,22250,21600,21950,11911512,0.02810304449648715
2009-09-01,21850,22400,21450,22150,10233959,0.009111617312072884
2009-09-02,21700,22550,21700,22350,8342236,0.009029345372460584
2009-09-03,22350,22600,22000,22050,5971982,-0.01342281879194629
2009-09-04,21950,22000,20500,20800,21346466,-0.05668934240362811
2009-09-07,21150,21800,20800,20950,13067509,0.007211538461538547
2009-09-08,21100,21500,20100,20800,15253246,-0.007159904534606243
2009-09-09,21250,21400,20700,20850,10782908,0.0024038461538462563
2009-09-10,21150,21400,20800,21400,8123834,0.026378896882494063
2009-09-11,21650,21650,21050,21100,6439261,-0.014018691588784993
2009-09-14,20900,21000,20000,20200,12036302,-0.042654028436018954
2009-09-15,20350,20950,20300,20650,6652241,0.022277227722772297
2009-09-16,20950,21150,20650,20700,7098391,0.002421307506053294
2009-09-17,21150,21450,20800,20850,7877347,0.007246376811594235
2009-09-18,21000,21050,20350,20400,8257655,-0.021582733812949617
2009-09-21,20750,21550,20450,21450,11924291,0.05147058823529416
2009-09-22,21700,22100,21550,22050,11165356,0.027972027972027913
2009-09-23,21150,21500,20050,20850,27899428,-0.05442176870748294
2009-09-24,20850,21050,20300,20600,9936404,-0.011990407673860948
2009-09-25,20400,20500,17600,18950,44545104,-0.08009708737864074
2009-09-28,19050,19350,18700,19000,13961779,0.0026385224274405594
2009-09-29,19700,19950,19500,19550,11695482,0.02894736842105261
2009-09-30,19400,20200,19400,19800,9964191,0.01278772378516635
2009-10-01,20100,20200,19500,19650,6399002,-0.007575757575757569
2009-10-05,19300,19500,18400,18800,10541773,-0.043256997455470736
2009-10-06,19150,19250,18550,18700,6952108,-0.005319148936170248
2009-10-07,19050,19400,17950,18400,10549157,-0.016042780748663055
2009-10-08,18600,19500,18300,19300,11539515,0.048913043478260976
2009-10-09,19600,19850,19550,19650,7666152,0.0181347150259068
2009-10-12,20200,20600,19900,20000,10681641,0.01781170483460559
2009-10-13,20050,20650,19700,20600,11563525,0.030000000000000027
2009-10-14,21050,21300,20650,20800,8521356,0.009708737864077666
2009-10-15,21000,21000,20350,20550,7248024,-0.012019230769230727
2009-10-16,20500,20750,19500,19800,10304009,-0.03649635036496346
2009-10-19,19700,20100,19350,19850,5842314,0.002525252525252597
2009-10-20,20200,20250,19600,19850,4103030,0.0
2009-10-21,19700,20000,19100,19350,6815688,-0.02518891687657432
2009-10-22,19250,19650,18700,18800,7001346,-0.028423772609819098
2009-10-23,19100,19150,18600,18750,11453452,-0.0026595744680850686
2009-10-26,18750,19150,18550,18850,7810804,0.005333333333333412
2009-10-27,18800,19050,18200,18300,8926917,-0.02917771883289122
2009-10-28,18350,18500,17500,17700,9606247,-0.032786885245901676
2009-10-29,17300,18600,17100,18400,13210887,0.039548022598870025
2009-10-30,18700,18800,18050,18050,6118400,-0.01902173913043481
2009-11-02,17700,18350,17650,18050,5556344,0.0
2009-11-03,18150,18450,17850,18200,5564158,0.008310249307479145
2009-11-04,18350,19000,18250,19000,6220331,0.04395604395604402
2009-11-05,18800,18900,18200,18350,4281928,-0.03421052631578947
2009-11-06,18900,19150,18650,19050,6840462,0.038147138964577554
2009-11-09,19300,19850,19200,19800,8795257,0.03937007874015741
2009-11-10,20100,20200,19450,19800,8107026,0.0
2009-11-11,19850,19950,19450,19950,5434950,0.007575757575757569
2009-11-12,20050,21200,19600,19600,20341952,-0.01754385964912286
2009-11-13,19750,19850,18750,18850,9738133,-0.03826530612244894
2009-11-16,18950,19750,18650,19700,7342660,0.04509283819628651
2009-11-17,19300,19450,18200,18400,21564141,-0.06598984771573602
2009-11-18,18750,18950,18400,18750,10909042,0.01902173913043481
2009-11-19,18800,19400,18750,19250,8704459,0.026666666666666616
2009-11-20,18900,19400,18900,19150,7062182,-0.0051948051948051965
2009-11-23,19200,19350,18800,19050,5345950,-0.005221932114882533
2009-11-24,19150,19250,18550,18600,6664018,-0.023622047244094446
2009-11-25,18650,19000,18650,19000,5961105,0.021505376344086002
2009-11-26,19100,19400,18900,19200,6523614,0.010526315789473717
2009-11-27,18850,19150,18250,18450,7704509,-0.0390625
2009-11-30,18800,18850,18450,18450,5175602,0.0
2009-12-01,18550,18750,17800,18050,9699450,-0.02168021680216803
2009-12-02,18350,19200,18300,19200,9718479,0.06371191135734078
2009-12-03,19250,19650,19000,19450,7435401,0.01302083333333326
2009-12-04,19300,19800,19150,19700,6019982,0.01285347043701801
2009-12-07,20000,20500,19950,20050,10036856,0.017766497461928932
2009-12-08,20300,20450,20000,20100,5629685,0.0024937655860348684
2009-12-09,19900,20600,19900,20550,8324221,0.02238805970149249
2009-12-10,20700,21000,20500,20850,9747117,0.014598540145985384
2009-12-11,20900,21100,20750,20900,5514248,0.0023980815347721673
2009-12-14,20900,20950,20350,20700,5589407,-0.009569377990430672
2009-12-15,20700,21050,20600,20950,4268920,0.012077294685990392
2009-12-16,20900,21250,20500,21050,6283206,0.004773269689737569
2009-12-17,21100,21500,21050,21100,6284160,0.002375296912114022
2009-12-18,21000,21650,20900,21650,6098604,0.026066350710900466
2009-12-21,21950,22200,21850,22050,6643108,0.018475750577367167
2009-12-22,22300,22450,21650,21900,5000002,-0.006802721088435382
2009-12-23,22000,22300,21800,22000,4006561,0.004566210045662045
2009-12-24,22250,22400,21950,22300,5460997,0.013636363636363669
2009-12-28,22150,22800,22100,22200,4791593,-0.004484304932735439
2009-12-29,22300,22450,22050,22200,2136873,0.0
2009-12-30,22400,23400,22350,23150,7868021,0.04279279279279269
2010-01-04,23350,24150,23350,24100,7346425,0.0410367170626349
2010-01-05,24500,24900,23050,23350,12118281,-0.03112033195020747
2010-01-06,23700,24550,23600,24550,7731186,0.051391862955032064
2010-01-07,25000,25200,24350,24400,11084814,-0.006109979633401208
2010-01-08,24650,24850,23450,24650,9695685,0.010245901639344357
2010-01-11,24900,25000,23750,24000,6750517,-0.026369168356997985
2010-01-12,24150,24600,23800,24050,4616931,0.002083333333333437
2010-01-13,23800,24500,23700,24050,5009003,0.0
2010-01-14,24400,25500,24300,25450,11505860,0.058212058212058215
2010-01-15,25850,26700,25700,26100,11798734,0.025540275049115824
2010-01-18,25450,26100,25450,25900,6947223,-0.007662835249042099
2010-01-19,26100,26200,25350,25600,6095082,-0.01158301158301156
2010-01-20,25850,26100,25250,25400,5997062,-0.0078125
2010-01-21,25300,26200,24750,25950,8321162,0.021653543307086576
2010-01-22,25500,26250,25250,26100,10560982,0.005780346820809301
2010-01-25,25850,26350,25650,26050,7098150,-0.0019157088122605526
2010-01-26,25900,25950,23550,23600,18901657,-0.09404990403071012
2010-01-27,23800,24200,22350,23250,20559203,-0.014830508474576232
2010-01-28,23700,24300,23250,23600,10080020,0.01505376344086029
2010-01-29,23000,23350,22200,22750,10273997,-0.03601694915254239
2010-02-01,22200,23250,21750,23100,14926334,0.01538461538461533
2010-02-02,23600,23800,22000,22000,11667143,-0.04761904761904767
2010-02-03,22350,22400,21050,21300,14618448,-0.03181818181818186
2010-02-04,21250,22200,21250,21750,9855737,0.021126760563380254
2010-02-05,20900,21350,20750,21300,7305491,-0.020689655172413834
2010-02-08,21550,22100,21400,21700,5663174,0.018779342723004744
2010-02-09,21850,22900,21700,22650,7285894,0.04377880184331806
2010-02-10,23000,23000,22300,22700,6809098,0.002207505518763808
2010-02-11,22600,22900,21600,21950,11508085,-0.033039647577092546
2010-02-12,21650,22150,21400,21600,7584876,-0.015945330296127547
2010-02-16,21550,21800,21150,21300,5951014,-0.01388888888888884
2010-02-17,21750,22400,21700,22350,7825290,0.04929577464788726
2010-02-18,22550,22600,22000,22150,3744025,-0.008948545861297563
2010-02-19,21850,22200,21400,21400,5772700,-0.033860045146726914
2010-02-22,21850,22200,21600,22150,5334169,0.035046728971962704
2010-02-23,22100,22800,22000,22650,6352083,0.02257336343115135
2010-02-24,22500,22850,22100,22200,6219693,-0.019867549668874163
2010-02-25,22450,22500,21500,21700,5013379,-0.022522522522522515
2010-02-26,21700,21800,20600,21000,9627909,-0.032258064516129004
2010-03-02,21500,21800,21400,21450,5342772,0.021428571428571352
2010-03-03,21400,22050,21200,21850,5830081,0.018648018648018683
2010-03-04,21950,22600,21900,22200,5393075,0.016018306636155666
2010-03-05,22300,22650,22100,22500,4380159,0.013513513513513598
2010-03-08,22900,22950,22100,22350,6137729,-0.00666666666666671
2010-03-09,22350,22500,21800,21850,5881404,-0.022371364653243853
2010-03-10,21950,22600,21900,22550,6443315,0.03203661327231111
2010-03-11,22850,23400,22700,23150,10673528,0.026607538802660757
2010-03-12,23350,23400,22850,23250,3048202,0.004319654427645814
2010-03-15,23450,23800,23350,23500,5574407,0.010752688172043001
2010-03-16,24100,24300,23400,23600,51719403,0.004255319148936065
2010-03-17,23900,24150,23750,24150,7589609,0.02330508474576276
2010-03-18,24100,24350,23900,23950,5576105,-0.008281573498964856
2010-03-19,24100,24500,23800,24350,5746615,0.016701461377870652
2010-03-22,24500,24800,24300,24700,5270773,0.014373716632443578
2010-03-23,24950,25100,24600,24950,4994007,0.010121457489878471
2010-03-24,25250,25700,25050,25200,6668569,0.01002004008016022
2010-03-25,25300,25500,24800,25250,4660575,0.001984126984126977
2010-03-26,25050,25350,24850,25200,3420724,-0.001980198019801982
2010-03-29,24950,26050,24900,25900,6923592,0.02777777777777768
2010-03-30,26450,26800,26300,26400,8121899,0.019305019305019266
2010-03-31,26450,27100,26050,26700,7730622,0.011363636363636465
2010-04-01,27050,28300,26900,28300,11909995,0.059925093632958726
2010-04-02,28500,29300,28050,28150,12390690,-0.005300353356890497
2010-04-05,28500,29100,28050,29100,8512243,0.03374777975133214
2010-04-06,29350,29400,28100,28350,11484726,-0.02577319587628868
2010-04-07,28150,28200,27250,27350,16311161,-0.03527336860670194
2010-04-08,27500,28150,27450,28150,10036161,0.02925045703839113
2010-04-09,28100,28450,27650,28000,7184815,-0.005328596802841923
2010-04-12,28400,28450,26900,26900,9780882,-0.03928571428571426
2010-04-13,27200,27800,26800,27700,7382940,0.029739776951672958
2010-04-14,28100,28350,27650,27900,6745613,0.0072202166064982976
2010-04-15,28150,28200,27200,27700,6822526,-0.007168458781361964
2010-04-16,27550,27850,27150,27500,4531892,-0.0072202166064981865
2010-04-19,27100,27250,26500,26650,6493712,-0.030909090909090886
2010-04-20,27000,27100,26800,27000,3663343,0.013133208255159401
2010-04-21,27500,28600,27450,28550,10560938,0.05740740740740735
2010-04-22,28250,28900,28000,28700,9828901,0.005253940455341555
2010-04-23,29050,29150,28350,28500,6109366,-0.006968641114982632
2010-04-26,28500,28800,28300,28500,6125001,0.0
2010-04-27,28250,28400,27300,27500,11259240,-0.03508771929824561
2010-04-28,26750,27450,26700,27450,9108923,-0.0018181818181818299
2010-04-29,27700,27900,27200,27700,6801366,0.00910746812386165
2010-04-30,27900,28600,27850,28400,8909526,0.025270758122743597
2010-05-03,28150,28300,27250,27600,9256409,-0.028169014084507005
2010-05-04,27850,27950,26550,27050,12653329,-0.019927536231884035
2010-05-06,26200,26550,25900,26350,8103816,-0.025878003696857665
2010-05-07,25500,26850,25350,26350,11481461,0.0
2010-05-10,26900,27150,26650,26900,7587954,0.020872865275142205
2010-05-11,27300,27350,26150,26600,7660117,-0.01115241635687736
2010-05-12,26550,26550,25550,25700,13097424,-0.03383458646616544
2010-05-13,26400,26900,26300,26850,11337817,0.04474708171206232
2010-05-14,26700,27150,26500,26600,7925968,-0.009310986964618295
2010-05-17,26050,26100,25000,25050,12635451,-0.05827067669172936
2010-05-18,24800,24950,23550,24150,20058192,-0.0359281437125748
2010-05-19,23600,24650,23100,24500,19703600,0.01449275362318847
2010-05-20,24400,24850,23550,23750,10081791,-0.030612244897959218
2010-05-24,23750,24350,23650,24100,11541283,0.01473684210526316
2010-05-25,23850,23950,22600,23800,12293259,-0.012448132780082943
2010-05-26,24150,24700,23650,24700,13150843,0.037815126050420256
2010-05-27,24350,25650,24350,25650,13430941,0.03846153846153855
2010-05-28,26100,26350,25600,25700,12826585,0.0019493177387914784
2010-05-31,25600,25750,24900,25150,12706998,-0.021400778210116767
2010-06-01,25050,25500,24400,24600,11633564,-0.021868787276341894
2010-06-03,25100,25300,24750,24900,8011807,0.012195121951219523
2010-06-04,25200,26500,24950,26400,15988869,0.06024096385542177
2010-06-07,25900,26750,25800,26650,13874493,0.009469696969697017
2010-06-08,26450,26900,26000,26450,10889286,-0.007504690431519689
2010-06-09,26450,26450,25200,25250,14761328,-0.04536862003780717
2010-06-10,25450,25950,25300,25900,9271702,0.025742574257425765
2010-06-11,26450,26650,25700,25800,8762686,-0.0038610038610038533
2010-06-14,25900,26350,25750,26000,5686833,0.007751937984496138
2010-06-15,26200,27200,26200,27100,13402214,0.04230769230769238
2010-06-16,27450,27650,27200,27300,8415214,0.007380073800737907
2010-06-17,27800,28250,27550,28200,10848104,0.03296703296703307
2010-06-18,28200,28350,27800,28150,12940850,-0.0017730496453900457
2010-06-21,28550,28750,27850,28250,8050689,0.003552397868561208
2010-06-22,27950,28250,27200,27200,11557147,-0.03716814159292037
2010-06-23,27050,27650,26900,27050,6595503,-0.005514705882352922
2010-06-24,27050,27450,27050,27150,5203161,0.003696857670979714
2010-06-25,26800,26900,26350,26450,9787032,-0.025782688766114226
2010-06-28,26500,26600,25850,26050,10143372,-0.015122873345935761
2010-06-29,26250,26750,25600,25600,10326061,-0.017274472168905985
2010-06-30,24950,25200,24750,25050,13952014,-0.021484375
2010-07-01,25100,25600,24550,25500,12695993,0.017964071856287456
2010-07-02,25450,25950,25150,25300,8237987,-0.007843137254901933
2010-07-05,25300,25450,24650,24750,7736756,-0.021739130434782594
2010-07-06,24650,25850,24250,25850,9753797,0.04444444444444451
2010-07-07,26050,26100,25150,25150,8243930,-0.027079303675048405
2010-07-08,25700,26100,25300,25350,7219081,0.007952286282306265
2010-07-09,25700,25900,24950,25700,8171473,0.013806706114398493
2010-07-12,25900,26250,25700,25900,6412277,0.0077821011673151474
2010-07-13,25750,25900,24800,24900,16803984,-0.038610038610038644
2010-07-14,25300,25800,25050,25750,17890263,0.034136546184738936
2010-07-15,25600,25750,25100,25150,7695339,-0.023300970873786353
2010-07-16,24550,24650,23500,23500,26408695,-0.0656063618290258
2010-07-19,23700,24100,23500,23700,10915618,0.008510638297872353
2010-07-20,23850,24050,23550,23850,6009885,0.006329113924050667
2010-07-21,24250,24350,23500,23600,7489851,-0.010482180293501009
2010-07-22,23850,24000,22250,22600,21388196,-0.0423728813559322
2010-07-23,23000,23400,22800,23250,12343729,0.028761061946902755
2010-07-26,23300,24150,23300,23950,9656787,0.03010752688172036
2010-07-27,24200,24200,23500,23500,37144652,-0.018789144050104345
2010-07-28,23700,23850,22700,23100,13310872,-0.017021276595744705
2010-07-29,22900,23250,22300,22350,12478780,-0.03246753246753242
2010-07-30,22250,22850,22150,22500,8930756,0.006711409395973256
2010-08-02,22550,22650,21500,21600,18732935,-0.040000000000000036
2010-08-03,21950,22400,21800,21950,14346069,0.01620370370370372
2010-08-04,22000,22250,21400,21600,11434849,-0.015945330296127547
2010-08-05,22000,22400,21700,21900,11637399,0.01388888888888884
2010-08-06,22100,22900,22050,22850,14508311,0.04337899543378998
2010-08-09,22900,23100,22600,22700,6486022,-0.006564551422319487
2010-08-10,22850,23250,22600,22600,7329207,-0.004405286343612369
2010-08-11,22000,22100,21200,21200,18817693,-0.06194690265486724
2010-08-12,20600,21500,20200,21200,13041798,0.0
2010-08-13,21500,21800,21300,21650,7460749,0.021226415094339535
2010-08-16,21550,22150,21200,22100,7543971,0.020785219399538146
2010-08-17,21900,22250,21700,22100,5851598,0.0
2010-08-18,22250,22300,21500,21700,7017763,-0.018099547511312264
2010-08-19,22150,22650,22000,22500,9857803,0.03686635944700467
2010-08-20,22250,22450,21950,22000,6506966,-0.022222222222222254
2010-08-23,22000,22350,21300,21400,8185249,-0.027272727272727226
2010-08-24,21300,22050,21050,21950,7212879,0.025700934579439227
2010-08-25,21700,22150,21550,22050,7298041,0.004555808656036442
2010-08-26,22400,23000,22050,22600,15405418,0.024943310657596474
2010-08-27,22500,22700,22250,22550,6317557,-0.0022123893805309214
2010-08-30,22900,22950,22350,22500,7788047,-0.0022172949002217113
2010-08-31,22100,22200,21000,21100,18006565,-0.06222222222222218
2010-09-01,21250,21350,20500,20850,17891433,-0.011848341232227444
2010-09-02,21300,21400,20900,21100,12935639,0.011990407673860837
2010-09-03,21300,21950,21300,21800,13682222,0.033175355450236976
2010-09-06,22200,22450,21750,21850,9768969,0.002293577981651307
2010-09-07,21750,21950,21300,21500,7147421,-0.016018306636155555
2010-09-08,21100,21200,20500,20750,16624161,-0.03488372093023251
2010-09-09,20800,21050,20100,20300,15189733,-0.02168674698795181
2010-09-10,20500,20800,20350,20650,8103091,0.01724137931034475
2010-09-13,20650,21000,20400,20500,9030044,-0.007263922518159771
2010-09-14,21100,21250,20300,20450,11749312,-0.0024390243902439046
2010-09-15,20700,21000,20350,21000,9591589,0.02689486552567244
2010-09-16,20900,21300,20800,21100,9047633,0.004761904761904745
2010-09-17,21400,22500,21350,22500,24186132,0.06635071090047395
2010-09-20,22600,22650,22000,22100,10471186,-0.01777777777777778
2010-09-24,21700,21750,21050,21100,15723927,-0.04524886877828049
2010-09-27,21550,21800,21100,21200,11332593,0.004739336492890933
2010-09-28,21250,21650,21100,21350,6960963,0.007075471698113178
2010-09-29,21500,22200,21500,21850,12752750,0.023419203747072626
2010-09-30,22050,22300,21750,22150,7530575,0.013729977116704761
2010-10-01,22100,22450,21900,22450,8945751,0.013544018058690765
2010-10-04,22600,22950,22450,22500,10634669,0.00222717149220486
2010-10-05,22350,22750,22000,22750,8459372,0.011111111111111072
2010-10-06,23300,23600,23100,23400,15727497,0.02857142857142847
2010-10-07,23250,23500,22950,23200,9521740,-0.008547008547008517
2010-10-08,23200,23700,23150,23500,7573508,0.012931034482758674
2010-10-11,23750,23800,22250,22350,14794038,-0.04893617021276597
2010-10-12,22450,23000,22400,22600,8463492,0.01118568232662187
2010-10-13,23000,23500,22950,23400,11261698,0.03539823008849563
2010-10-14,23600,23800,23050,23350,10001339,-0.002136752136752129
2010-10-15,23200,23650,23050,23600,6311478,0.010706638115631772
2010-10-18,23700,23700,22800,22900,10138166,-0.029661016949152574
2010-10-19,22900,23350,22600,22850,10535814,-0.0021834061135370675
2010-10-20,22850,23950,22700,23900,14952331,0.045951859956236296
2010-10-21,24000,24400,23750,23750,13108254,-0.006276150627615107
2010-10-22,24000,24400,23900,24200,7903928,0.0189473684210526
2010-10-25,24400,24400,23750,24300,8245692,0.004132231404958775
2010-10-26,24100,24250,23400,23700,10858815,-0.024691358024691357
2010-10-27,23500,23600,22900,22900,12636747,-0.03375527426160341
2010-10-28,23300,23450,22600,22850,13682522,-0.0021834061135370675
2010-10-29,22700,23150,22300,23150,11672512,0.013129102844638973
2010-11-01,23200,23300,22600,22700,8679690,-0.01943844492440605
2010-11-02,22600,22700,21900,21900,13148677,-0.03524229074889873
2010-11-03,21950,22400,21750,21800,7882993,-0.004566210045662156
2010-11-04,22200,23150,22200,22950,14373857,0.05275229357798161
2010-11-05,24100,24200,23650,23750,18979574,0.034858387799564294
2010-11-08,24050,24350,23700,23800,9799616,0.002105263157894832
2010-11-09,23700,23800,23250,23450,6554767,-0.014705882352941124
2010-11-10,23200,23950,23200,23900,7224958,0.019189765458422103
2010-11-11,23800,24400,23400,23400,11616394,-0.02092050209205021
2010-11-12,23600,23700,22700,22800,11758691,-0.02564102564102566
2010-11-15,22900,23800,22750,23650,9850014,0.037280701754385914
2010-11-16,23650,24000,23300,23700,8517799,0.0021141649048626032
2010-11-17,23600,23650,23100,23350,7311065,-0.014767932489451518
2010-11-18,23550,23700,23050,23700,6420573,0.01498929336188426
2010-11-19,23700,24200,23550,23900,8188817,0.00843881856540074
2010-11-22,24300,25300,24200,25300,21524408,0.05857740585774063
2010-11-23,25400,25650,25100,25350,12947289,0.0019762845849802257
2010-11-24,24800,25850,24650,25750,18819363,0.015779092702169706
2010-11-25,26000,26000,25100,25200,11277437,-0.021359223300970842
2010-11-26,25200,25600,24500,24650,10551194,-0.02182539682539686
2010-11-29,24800,25000,24550,24800,7308951,0.006085192697768749
2010-11-30,24050,24150,23400,23500,19537475,-0.05241935483870963
2010-12-01,23550,23750,23000,23400,10722538,-0.004255319148936176
2010-12-02,23650,24050,23550,23800,9237817,0.017094017094017033
2010-12-03,24000,24150,23250,23450,7911082,-0.014705882352941124
2010-12-06,23600,24100,23500,23950,6730217,0.021321961620469176
2010-12-07,23400,23650,23200,23600,9142980,-0.014613778705636737
2010-12-08,23650,23900,23250,23300,5620721,-0.012711864406779627
2010-12-09,23350,24200,23300,24150,10169510,0.03648068669527893
2010-12-10,24100,24650,23800,24500,9835555,0.01449275362318847
2010-12-13,24300,24500,24000,24350,5446369,-0.006122448979591799
2010-12-14,24500,25150,24450,24750,8123939,0.01642710472279263
2010-12-15,24900,24900,24100,24250,6719247,-0.02020202020202022
2010-12-16,24250,24750,24100,24200,5123501,-0.0020618556701030855
2010-12-17,24450,24600,23650,23800,9453699,-0.016528925619834656
2010-12-20,23400,23650,23100,23650,7858392,-0.006302521008403339
2010-12-21,23850,24200,23650,23750,8090612,0.0042283298097252064
2010-12-22,23500,23850,23300,23300,7811301,-0.0189473684210526
2010-12-23,23350,23500,23000,23300,5727070,0.0
2010-12-24,23400,23800,23050,23150,5647373,-0.006437768240343367
2010-12-27,22900,23350,22900,23100,3579168,-0.002159827213822907
2010-12-28,23250,24250,23250,23950,11941653,0.03679653679653683
2010-12-29,24200,24400,24050,24250,5395331,0.012526096033402823
2010-12-30,24300,24500,23900,24000,5687987,-0.010309278350515427
2011-01-03,25000,25300,24800,25300,15107759,0.054166666666666696
2011-01-04,25400,25600,25050,25600,10931161,0.011857707509881354
2011-01-05,25450,26300,25200,25900,14139328,0.01171875
2011-01-06,26250,26600,25800,26100,14287171,0.007722007722007707
2011-01-07,26100,26450,25700,26100,7024336,0.0
2011-01-10,26000,26050,25300,25300,9601918,-0.03065134099616862
2011-01-11,25500,25650,25100,25400,6904019,0.0039525691699604515
2011-01-12,25600,26550,25550,26350,16029780,0.03740157480314954
2011-01-13,27000,27600,26850,27250,19311300,0.034155597722960174
2011-01-14,27300,27450,26750,27250,8859686,0.0
2011-01-17,27350,27450,26900,26900,6204899,-0.012844036697247652
2011-01-18,26850,28100,26800,27650,15637718,0.027881040892193232
2011-01-19,28050,28400,27600,27850,8666295,0.00723327305605781
2011-01-20,27650,28200,27600,28200,6930500,0.012567324955116588
2011-01-21,28150,28450,27700,28100,7630162,-0.0035460992907800915
2011-01-24,28250,28650,28000,28350,8014756,0.008896797153024938
2011-01-25,28700,28800,27300,27400,10865239,-0.0335097001763669
2011-01-26,27650,28300,27400,28200,7873016,0.029197080291970767
2011-01-27,28600,28700,27900,28000,6841459,-0.007092198581560294
2011-01-28,29250,29500,28900,29500,19314590,0.0535714285714286
2011-01-31,29400,30200,29300,29650,12114107,0.005084745762711895
2011-02-01,29800,30350,29200,29650,9606594,0.0
2011-02-07,30300,30700,29500,29700,9679798,0.001686340640809414
2011-02-08,29700,30300,29100,30150,9801975,0.015151515151515138
2011-02-09,30200,30300,29400,29550,6956946,-0.01990049751243783
2011-02-10,29450,29900,28800,28800,8468961,-0.025380710659898442
2011-02-11,28700,29700,28700,28800,8298076,0.0
2011-02-14,29200,29700,28950,29700,5954589,0.03125
2011-02-15,29750,29800,29200,29750,4609849,0.0016835016835017313
2011-02-16,29650,29950,29150,29200,4811721,-0.01848739495798324
2011-02-17,29550,29700,28800,29100,5876031,-0.003424657534246589
2011-02-18,29350,29500,29000,29400,4481286,0.010309278350515427
2011-02-21,29400,29500,28750,28800,5147091,-0.020408163265306145
2011-02-22,28400,28950,28150,28800,5917754,0.0
2011-02-23,28600,28700,27400,27600,11843278,-0.04166666666666663
2011-02-24,27200,27350,26600,26900,10782089,-0.025362318840579712
2011-02-25,27450,28050,27350,28000,7918505,0.040892193308550207
2011-02-28,28000,28400,27900,28350,5304614,0.012499999999999956
2011-03-02,27900,28200,27350,27550,4652449,-0.02821869488536155
2011-03-03,27950,28600,27850,28450,4337686,0.03266787658802173
2011-03-04,29000,29550,28800,29200,6744388,0.026362038664323295
2011-03-07,29200,29400,28750,28900,4206440,-0.010273972602739767
2011-03-08,28500,28800,27900,28650,8140323,-0.00865051903114189
2011-03-09,28650,28950,28300,28400,5641431,-0.008726003490401424
2011-03-10,28000,28100,27550,27700,9118115,-0.02464788732394363
2011-03-11,27200,28050,27150,27700,5850959,0.0
2011-03-14,29100,30150,28300,30100,22881687,0.08664259927797824
2011-03-15,29700,29800,27450,28700,22932891,-0.046511627906976716
2011-03-16,29400,29600,28800,29200,10333677,0.017421602787456525
2011-03-17,28400,28950,28200,28950,10815775,-0.008561643835616417
2011-03-18,29050,29200,28550,28550,8317816,-0.013816925734024155
2011-03-21,28550,28850,28000,28500,11015422,-0.0017513134851138146
2011-03-22,28750,28950,27800,27850,11574524,-0.02280701754385961
2011-03-23,28200,29100,27850,29050,11112405,0.04308797127468589
2011-03-24,29150,29600,29100,29100,9140284,0.001721170395869276
2011-03-25,30100,30150,29600,29900,12041899,0.027491408934707806
2011-03-28,29950,30950,29800,30900,14875481,0.03344481605351168
2011-03-29,30800,31350,30700,31000,8533855,0.003236245954692629
2011-03-30,31100,31950,31000,31550,11906300,0.01774193548387104
2011-03-31,31700,31900,31000,31300,7670699,-0.007923930269413626
2011-04-01,31350,31700,30850,31600,6802701,0.009584664536741228
2011-04-04,30850,31800,30550,31800,12046547,0.006329113924050667
2011-04-05,32250,32700,32150,32450,8775396,0.020440251572326984
2011-04-06,32700,33000,32350,32500,8509539,0.0015408320493066618
2011-04-07,32800,32900,31850,32000,7097712,-0.01538461538461533
2011-04-08,31800,31850,31150,31300,10084204,-0.021874999999999978
2011-04-11,31500,32150,31500,31800,6076949,0.015974440894568787
2011-04-12,32000,32600,31600,31700,6421672,-0.0031446540880503138
2011-04-13,31700,32400,31600,32350,6193410,0.020504731861198833
2011-04-14,32650,33800,32500,33750,12934539,0.043276661514683123
2011-04-15,33700,34200,33600,34150,7233661,0.01185185185185178
2011-04-18,34000,34450,33500,33800,7218572,-0.010248901903367469
2011-04-19,33400,33750,32750,32800,8866655,-0.029585798816568087
2011-04-20,33600,34500,33250,34300,8432079,0.0457317073170731
2011-04-21,35300,37200,35100,37000,19357750,0.07871720116618075
2011-04-22,36700,37400,36200,36600,10270340,-0.010810810810810811
2011-04-25,36450,37000,36200,36450,5529488,-0.004098360655737654
2011-04-26,36750,37200,34700,34750,19001814,-0.04663923182441698
2011-04-27,35100,35500,33450,33900,18014715,-0.024460431654676262
2011-04-28,34600,35050,34050,34350,10388984,0.01327433628318575
2011-04-29,34200,34300,32850,33800,11392768,-0.01601164483260553
2011-05-02,33600,34600,33600,34600,5524897,0.023668639053254337
2011-05-03,34450,34700,33700,34450,7224077,-0.00433526011560692
2011-05-04,34150,34200,32450,32450,13763373,-0.05805515239477499
2011-05-06,31900,32850,31700,32500,7867052,0.0015408320493066618
2011-05-09,33000,33550,32750,33300,5968611,0.024615384615384706
2011-05-11,33700,34200,33600,33700,6207767,0.012012012012011963
2011-05-12,33450,34300,33300,33750,6600699,0.0014836795252226587
2011-05-13,34600,34850,34400,34500,6713597,0.022222222222222143
2011-05-16,35000,35200,34100,34400,5275126,-0.0028985507246376274
2011-05-17,34150,34250,33100,33100,8007576,-0.03779069767441856
2011-05-18,33100,33350,32500,32800,9103458,-0.009063444108761365
2011-05-19,32950,33350,31350,31550,8302142,-0.038109756097560954
2011-05-20,31750,32350,31700,32200,5057674,0.020602218700475516
2011-05-23,31950,32450,30850,30850,6564960,-0.04192546583850931
2011-05-24,30800,31450,30550,31250,5647670,0.01296596434359798
2011-05-25,31350,31600,29800,30000,7212000,-0.040000000000000036
2011-05-26,30500,31250,30350,31100,5070024,0.036666666666666625
2011-05-27,31200,31600,30900,31300,4797661,0.006430868167202508
2011-05-30,31400,31500,29200,29500,15176513,-0.057507987220447254
2011-05-31,29200,30100,29050,30100,11913318,0.02033898305084736
2011-06-01,30100,30100,28150,28400,22119286,-0.056478405315614655
2011-06-02,27650,28250,27300,27550,18003988,-0.029929577464788748
2011-06-03,27850,28100,27150,27650,9838831,0.003629764065335772
2011-06-07,27300,28800,27300,28600,9191909,0.03435804701627476
2011-06-08,28900,29350,28600,28900,12557220,0.010489510489510412
2011-06-09,29200,29250,28350,28700,9415804,-0.00692041522491349
2011-06-10,28600,28700,26350,26700,24177110,-0.06968641114982577
2011-06-13,26600,27150,25900,26350,8790991,-0.01310861423220977
2011-06-14,26250,26800,26200,26650,6514032,0.011385199240986799
2011-06-15,26850,27650,26800,26950,6872322,0.011257035647279645
2011-06-16,26650,26850,26200,26250,4599234,-0.025974025974025983
2011-06-17,26400,26450,24100,24650,20477438,-0.06095238095238098
2011-06-20,24800,25600,24400,25200,8219371,0.022312373225152227
2011-06-21,25550,26200,24950,25900,8505024,0.02777777777777768
2011-06-22,26600,27150,26100,26100,8915253,0.007722007722007707
2011-06-23,26200,26750,26100,26350,4236692,0.009578544061302763
2011-06-24,26400,27900,26350,27900,9898892,0.05882352941176472
2011-06-27,27350,27400,26550,26700,9559487,-0.043010752688172005
2011-06-28,26700,26750,25400,25550,13451515,-0.04307116104868913
2011-06-29,25750,26100,24900,25550,12290225,0.0
2011-06-30,25250,25550,24900,25050,8432185,-0.019569471624266144
2011-07-01,25600,26750,25500,26700,13345738,0.06586826347305386
2011-07-04,27300,27700,26650,26950,13215741,0.009363295880149725
2011-07-05,27400,28150,27200,28000,12594246,0.03896103896103886
2011-07-06,27700,27900,25800,26500,18889817,-0.0535714285714286
2011-07-07,27100,27200,26350,26400,8763541,-0.0037735849056603765
2011-07-08,26900,27350,26550,26600,10495898,0.007575757575757569
2011-07-11,26650,26850,26400,26450,4936683,-0.005639097744360888
2011-07-12,25850,26150,25300,25350,8802917,-0.041587901701323204
2011-07-13,25250,25250,24050,24300,17203663,-0.041420118343195256
2011-07-14,24500,24750,23400,23700,14730395,-0.024691358024691357
2011-07-15,23600,24400,23600,24000,9378791,0.012658227848101333
2011-07-18,23650,23850,22900,22950,11775269,-0.043749999999999956
2011-07-19,22950,23750,22950,23350,10298790,0.017429193899782147
2011-07-20,24200,24400,23900,24200,10030134,0.036402569593147804
2011-07-21,24500,24700,23500,23650,9223301,-0.022727272727272707
2011-07-22,24000,24100,23550,23750,7369926,0.0042283298097252064
2011-07-25,23650,24300,23500,23900,6812398,0.006315789473684275
2011-07-26,24150,24550,23750,24500,7505839,0.025104602510460206
2011-07-27,24300,24350,23650,23800,7997090,-0.02857142857142858
2011-07-28,23150,23750,23100,23550,5742429,-0.010504201680672232
2011-07-29,23900,24700,23850,24250,15569978,0.02972399150743099
2011-08-01,24700,25600,24400,25550,10275261,0.053608247422680444
2011-08-02,25100,25950,24900,25450,11462084,-0.003913894324853229
2011-08-03,25000,25050,24200,24300,10595808,-0.04518664047151277
2011-08-04,24800,25300,23850,24100,11149944,-0.008230452674897082
2011-08-05,22850,23650,22500,23550,12438185,-0.022821576763485507
2011-08-08,23200,23650,20700,21850,17609715,-0.0721868365180467
2011-08-09,21000,21200,19250,20200,23001206,-0.07551487414187641
2011-08-10,21550,21600,20850,21000,15212209,0.03960396039603964
2011-08-11,19900,21900,19900,21850,13323654,0.040476190476190554
2011-08-12,21200,21650,19750,19750,26788209,-0.09610983981693366
2011-08-16,20400,20700,20250,20500,8624717,0.03797468354430378
2011-08-17,20250,20650,19600,19600,13712538,-0.04390243902439028
2011-08-18,19450,19750,17200,17200,35616692,-0.12244897959183676
2011-08-19,16200,16600,15550,15600,23890629,-0.09302325581395354
2011-08-22,15800,16300,15500,15750,18277535,0.009615384615384581
2011-08-23,16200,17050,16000,17050,21553936,0.08253968253968247
2011-08-24,17200,17550,15900,16250,21395980,-0.04692082111436946
2011-08-25,16900,17700,16700,17300,20187641,0.06461538461538452
2011-08-26,17050,17950,16950,17950,14558460,0.037572254335260125
2011-08-29,18550,19600,18350,19450,17545626,0.08356545961002793
2011-08-30,19900,20250,19000,19000,16532870,-0.023136246786632397
2011-08-31,18800,19150,18150,19100,13460683,0.0052631578947368585
2011-09-01,19300,20100,19150,19200,16845832,0.005235602094240788
2011-09-02,19200,19650,18900,19100,8025667,-0.00520833333333337
2011-09-05,18550,18600,17550,17550,9483784,-0.08115183246073299
2011-09-06,16950,17500,16550,17000,11397318,-0.031339031339031376
2011-09-07,17600,19550,17500,19500,15678828,0.1470588235294117
2011-09-08,19900,19900,18800,19300,17096701,-0.01025641025641022
2011-09-09,19800,21300,19600,19900,29359964,0.031088082901554515
2011-09-14,20550,21150,19850,19850,18966529,-0.002512562814070307
2011-09-15,21150,21400,20500,21100,20491884,0.06297229219143574
2011-09-16,21250,22000,20850,21900,20343850,0.03791469194312791
2011-09-19,21500,22150,20850,21000,11980863,-0.04109589041095896
2011-09-20,20500,21850,20200,21650,14858543,0.030952380952380842
2011-09-21,21850,22300,21550,21600,9936965,-0.002309468822170868
2011-09-22,21000,21750,20950,21550,9640910,-0.0023148148148147696
2011-09-23,20750,21350,20200,20250,13178942,-0.06032482598607891
2011-09-26,20950,21050,19750,19950,14403585,-0.014814814814814836
2011-09-27,20900,21250,20650,21250,9665974,0.06516290726817053
2011-09-28,21450,21500,20550,20550,8811547,-0.03294117647058825
2011-09-29,20450,21850,20350,21850,9542657,0.06326034063260333
2011-09-30,21500,21900,21050,21350,9401314,-0.022883295194508046
2011-10-04,20000,20700,19850,20700,10959265,-0.030444964871194413
2011-10-05,21050,21400,20000,20000,11287269,-0.033816425120772986
2011-10-06,20850,22000,20750,21200,14245183,0.06000000000000005
2011-10-07,22050,22100,21350,21500,9115213,0.014150943396226356
2011-10-10,21550,22100,21550,21950,7029961,0.020930232558139528
2011-10-11,22650,22700,22200,22250,8212865,0.013667425968109326
2011-10-12,22150,22550,22050,22550,5880365,0.01348314606741563
2011-10-13,22700,22850,21750,21850,9543524,-0.03104212860310418
2011-10-14,21800,22100,21650,21950,4605910,0.004576659038901587
2011-10-17,22350,22400,21900,21950,5211940,0.0
2011-10-18,21500,21850,21300,21800,4354331,-0.006833712984054663
2011-10-19,22000,22100,21200,21750,7150548,-0.002293577981651418
2011-10-20,21550,22550,21050,21050,10252965,-0.03218390804597704
2011-10-21,21600,23200,21250,23200,17938542,0.10213776722090251
2011-10-24,23250,24150,22850,23900,12451097,0.030172413793103425
2011-10-25,24050,24200,23600,23650,5652614,-0.010460251046025104
2011-10-26,23400,24150,23300,24150,5774628,0.02114164904862581
2011-10-27,23800,24300,23400,23800,9196704,-0.01449275362318836
2011-10-28,24200,24450,22850,22900,11200673,-0.037815126050420145
2011-10-31,22950,23550,22800,22850,5395050,-0.0021834061135370675
2011-11-01,22500,24150,22500,23900,10593299,0.045951859956236296
2011-11-02,23400,24200,23200,24000,8021546,0.004184100418409997
2011-11-03,24100,24100,23250,23300,5682575,-0.029166666666666674
2011-11-04,24000,24850,23900,24850,9642217,0.0665236051502145
2011-11-07,24900,24950,23900,24100,8088193,-0.030181086519114664
2011-11-08,24050,24100,23000,23000,12005275,-0.0456431535269709
2011-11-09,22400,23050,21800,22050,22772116,-0.04130434782608694
2011-11-10,21200,22550,20650,21500,23467154,-0.024943310657596363
2011-11-11,22350,22600,21550,21550,14421635,0.0023255813953488857
2011-11-14,22100,22900,22000,22300,10805252,0.03480278422273786
2011-11-15,22200,22700,22000,22050,7045165,-0.011210762331838597
2011-11-16,22250,22950,22100,22350,9867606,0.013605442176870763
2011-11-17,23400,23600,22700,23200,13550780,0.03803131991051445
2011-11-18,22800,23400,22700,23300,7377636,0.004310344827586299
2011-11-21,23050,23150,22600,22900,5390048,-0.01716738197424894
2011-11-22,22650,23350,22600,23250,5995517,0.015283842794759916
2011-11-23,23150,23200,21800,21850,10010655,-0.06021505376344083
2011-11-24,21700,22400,21200,22150,6265997,0.013729977116704761
2011-11-25,22000,22300,21550,21750,4433721,-0.018058690744920947
2011-11-28,22400,23300,22200,23300,9848049,0.07126436781609202
2011-11-29,23300,23550,22950,23400,10290437,0.0042918454935623185
2011-11-30,23200,23400,22900,22950,5239801,-0.019230769230769273
2011-12-01,23950,24050,23350,23450,9146677,0.02178649237472774
2011-12-02,23300,23600,22850,23100,6314973,-0.014925373134328401
2011-12-05,23200,23350,22750,23250,4785846,0.006493506493506551
2011-12-06,23100,23150,22700,22750,3593535,-0.021505376344086002
2011-12-07,22850,22950,22200,22400,8899221,-0.01538461538461533
2011-12-08,22400,22400,21800,22050,6537903,-0.015625
2011-12-09,21700,21700,21300,21400,6988929,-0.02947845804988658
2011-12-12,21800,22400,21650,22250,6319715,0.03971962616822422
2011-12-13,22000,23000,21650,22650,9293904,0.01797752808988773
2011-12-14,22800,23100,22550,22850,6515855,0.008830022075055233
2011-12-15,22600,23150,22400,22750,6873946,-0.004376367614879695
2011-12-16,23000,23000,21900,22150,6809614,-0.02637362637362639
2011-12-19,21800,21950,19750,20850,9392801,-0.05869074492099324
2011-12-20,21000,21250,20450,20750,5391267,-0.004796163069544335
2011-12-21,21400,21500,21200,21350,5626938,0.028915662650602414
2011-12-22,21100,21350,20800,21150,5151591,-0.00936768149882905
2011-12-23,21850,22100,21650,21700,6167013,0.026004728132387633
2011-12-26,21900,21900,21450,21600,2297003,-0.004608294930875556
2011-12-27,21650,21850,21100,21100,3986592,-0.02314814814814814
2011-12-28,21000,21300,20950,21150,2688208,0.0023696682464455776
2011-12-29,21000,22000,20950,21950,5006606,0.0378250591016549
2012-01-02,22700,23500,22600,23450,12170153,0.06833712984054663
2012-01-03,23700,23850,23350,23650,7239708,0.008528784648187626
2012-01-04,23850,24350,23650,23850,9643808,0.008456659619450413
2012-01-05,23900,24550,23700,24000,5948158,0.0062893081761006275
2012-01-06,24450,24550,24050,24400,7633067,0.016666666666666607
2012-01-09,24550,24600,23800,23850,5191657,-0.02254098360655743
2012-01-10,24050,24350,23850,24350,4596542,0.020964360587002018
2012-01-11,24400,24700,24100,24250,4747105,-0.004106776180698102
2012-01-12,24200,24350,23850,24150,3566256,-0.004123711340206171
2012-01-13,24350,25150,24300,25150,7993006,0.04140786749482395
2012-01-16,25050,25600,24900,25400,6341825,0.00994035785288272
2012-01-17,25650,25800,25200,25550,5982819,0.0059055118110236116
2012-01-18,25500,25800,25050,25250,4764455,-0.011741682974559686
2012-01-19,25800,26500,25600,26300,8987450,0.04158415841584162
2012-01-20,26600,27150,26200,26950,8726770,0.024714828897338448
2012-01-25,27000,28000,26900,27450,8693588,0.01855287569573294
2012-01-26,27450,27450,26650,27050,9028099,-0.014571948998178486
2012-01-27,26850,27000,25900,26000,12062057,-0.038817005545286554
2012-01-30,25900,26750,25850,26250,7982762,0.009615384615384581
2012-01-31,26350,27100,26200,26850,6048223,0.02285714285714291
2012-02-01,26850,27200,26600,27200,5595741,0.013035381750465591
2012-02-02,27750,27750,26100,27300,15281596,0.003676470588235281
2012-02-03,26700,27200,26200,26300,11299302,-0.03663003663003661
2012-02-06,26550,26550,25900,26100,7061764,-0.0076045627376425395
2012-02-07,26000,26250,25200,25400,9405339,-0.026819923371647514
2012-02-08,25700,26600,25250,26500,8751100,0.04330708661417315
2012-02-09,26450,27150,26300,27050,7705120,0.020754716981132182
2012-02-10,27000,27300,26750,27000,5751848,-0.001848428835489857
2012-02-13,27300,27400,26700,26850,4941208,-0.005555555555555536
2012-02-14,26850,27550,26650,27550,6615913,0.026070763500931182
2012-02-15,29150,29450,28600,29000,20697390,0.05263157894736836
2012-02-16,28800,29400,28600,28700,9961359,-0.010344827586206917
2012-02-17,29250,29550,28700,28850,8465777,0.005226480836237002
2012-02-20,29050,29100,28200,28300,5753690,-0.01906412478336217
2012-02-21,28200,29000,28100,28300,5840835,0.0
2012-02-22,28300,29000,28150,29000,4712997,0.02473498233215543
2012-02-23,28850,29200,28700,28850,5192308,-0.005172413793103403
2012-02-24,28400,28950,27750,28850,7997699,0.0
2012-02-27,28800,28850,27800,27950,5153509,-0.03119584055459268
2012-02-28,29800,30150,29500,29850,20808560,0.06797853309481217
2012-02-29,30350,30750,30100,30200,9345314,0.011725293132328396
2012-03-02,30350,30450,29700,30450,7961280,0.008278145695364225
2012-03-05,30600,30600,29900,30050,3839128,-0.013136288998357948
2012-03-06,29900,30000,29250,29400,5967675,-0.021630615640598982
2012-03-07,28800,29200,28700,29100,5359769,-0.010204081632653073
2012-03-08,29400,29950,29200,29750,4741781,0.022336769759450092
2012-03-09,30000,30150,29700,29800,3565512,0.001680672268907557
2012-03-12,30000,30050,29400,29600,2568440,-0.006711409395973145
2012-03-13,29750,29900,29200,29300,5055287,-0.010135135135135087
2012-03-14,29900,30200,29600,29600,4906654,0.010238907849829282
2012-03-15,29500,29600,28950,29250,4849707,-0.011824324324324342
2012-03-16,29350,29450,28750,28800,3696225,-0.01538461538461533
2012-03-19,28700,29300,28700,29300,4885898,0.01736111111111116
2012-03-20,29350,29600,29050,29150,3873987,-0.005119453924914641
2012-03-21,28950,29300,28850,28900,2626551,-0.00857632933104635
2012-03-22,29050,29600,29050,29350,4117144,0.015570934256055269
2012-03-23,29100,30250,29050,30150,6294185,0.027257240204429323
2012-03-26,30250,30650,30050,30300,6658186,0.004975124378109541
2012-03-27,30450,30700,30050,30450,5718097,0.004950495049504955
2012-03-28,30200,30950,30150,30550,4918214,0.003284072249589487
2012-03-29,30350,30900,30350,30500,5114998,-0.0016366612111292644
2012-03-30,30400,30450,29100,29250,9809386,-0.040983606557377095
2012-04-02,29150,29550,29100,29350,4727837,0.0034188034188034067
2012-04-03,29550,30400,29350,30300,6693182,0.03236797274275971
2012-04-04,30250,30350,29350,29400,4413819,-0.02970297029702973
2012-04-05,28750,30050,28300,29850,8899496,0.015306122448979664
2012-04-06,29700,29900,29250,29250,3184217,-0.02010050251256279
2012-04-09,28800,29350,27900,28050,5568643,-0.04102564102564099
2012-04-10,28050,28350,27350,27750,5098219,-0.010695187165775444
2012-04-12,27800,27850,26850,27200,5583246,-0.01981981981981984
2012-04-13,27750,29050,27650,29000,6983362,0.06617647058823528
2012-04-16,28700,29450,28550,29250,4160701,0.008620689655172376
2012-04-17,29200,29250,28250,28300,4670489,-0.032478632478632474
2012-04-18,28850,28950,28050,28050,5482631,-0.00883392226148405
2012-04-19,27900,29000,27500,28800,6179883,0.02673796791443861
2012-04-20,28200,28350,27600,27650,5649678,-0.03993055555555558
2012-04-23,27650,28450,27600,27800,4549672,0.005424954792043302
2012-04-24,27500,27850,27050,27250,4750282,-0.01978417266187049
2012-04-25,27600,27700,27000,27050,4836561,-0.007339449541284404
2012-04-26,27500,27700,27000,27200,4858423,0.005545286506469571
2012-04-27,27400,28250,27350,28050,4531018,0.03125
2012-04-30,28050,28450,27800,28050,3759698,0.0
2012-05-02,28300,28350,27100,27350,7203804,-0.024955436720142554
2012-05-03,27300,27850,27150,27250,4021667,-0.003656307129798919
2012-05-04,27050,28900,26800,28150,10901418,0.03302752293577971
2012-05-07,27750,27950,27150,27250,5466152,-0.03197158081705154
2012-05-08,27450,27500,26500,26650,6327999,-0.022018348623853212
2012-05-09,26450,26850,26050,26200,6859416,-0.016885553470919357
2012-05-10,26100,26850,26100,26600,4786754,0.01526717557251911
2012-05-11,26450,26550,25300,25400,6791152,-0.045112781954887216
2012-05-14,25500,26200,25450,26100,4883326,0.027559055118110187
2012-05-15,25800,25950,24750,25300,7122988,-0.03065134099616862
2012-05-16,24900,24950,22900,23050,16239262,-0.08893280632411071
2012-05-17,23300,24650,23050,24500,12063990,0.06290672451193058
2012-05-18,23850,24450,23450,23600,6982606,-0.03673469387755102
2012-05-21,24200,24300,23200,23400,6240734,-0.008474576271186418
2012-05-22,24050,24100,23400,23550,8273153,0.0064102564102563875
2012-05-23,23400,23400,22300,22400,9271264,-0.04883227176220806
2012-05-24,22450,22950,22000,22400,6445583,0.0
2012-05-25,22650,22800,21800,22000,7771291,-0.017857142857142905
2012-05-29,22250,23500,22200,23450,8661422,0.06590909090909092
2012-05-30,23550,23750,23150,23450,5137111,0.0
2012-05-31,23000,23200,22600,23100,4914910,-0.014925373134328401
2012-06-01,23050,23250,22750,22750,3513845,-0.015151515151515138
2012-06-04,21700,22150,21350,21550,9463895,-0.05274725274725278
2012-06-05,21800,21900,21500,21650,5342939,0.004640371229698292
2012-06-07,22500,22900,22450,22550,7121619,0.04157043879907629
2012-06-08,22450,22500,21700,21750,5465246,-0.03547671840354771
2012-06-11,22400,23150,22350,23050,6838614,0.05977011494252871
2012-06-12,22550,23850,22350,23550,7930382,0.021691973969631295
2012-06-13,23850,23950,23200,23650,4669175,0.00424628450106157
2012-06-14,23350,23950,23350,23900,5033207,0.010570824524312794
2012-06-15,23550,23650,23150,23400,16156049,-0.02092050209205021
2012-06-18,24100,24200,23550,23600,5037166,0.008547008547008517
2012-06-19,23650,24000,23450,23850,3788167,0.010593220338983134
2012-06-20,24350,25100,24200,24800,9176434,0.0398322851153039
2012-06-21,24800,24950,24300,24550,3751425,-0.01008064516129037
2012-06-22,24050,24350,23950,24100,4506535,-0.018329938900203624
2012-06-25,24100,24350,22700,23050,9744824,-0.04356846473029041
2012-06-26,22950,23400,22900,23100,4631121,0.002169197396963085
2012-06-27,23200,23250,22600,22800,4778045,-0.012987012987012991
2012-06-28,22800,23400,22800,23300,3483226,0.021929824561403466
2012-06-29,23050,23900,22850,23850,4697087,0.023605150214592197
2012-07-02,24300,24350,23700,23700,3887302,-0.0062893081761006275
2012-07-03,23800,24300,23800,24300,3047839,0.025316455696202445
2012-07-04,24400,24650,24000,24050,3199905,-0.010288065843621408
2012-07-05,23950,24200,23750,23800,2657599,-0.01039501039501034
2012-07-06,24000,24450,23850,24000,4009123,0.008403361344537785
2012-07-09,23700,23950,23550,23700,3156411,-0.012499999999999956
2012-07-10,23850,23900,23500,23700,2647193,0.0
2012-07-11,23450,23700,22900,22950,5151231,-0.03164556962025311
2012-07-12,23000,23150,22250,22250,5450204,-0.030501089324618702
2012-07-13,22250,22450,21450,22400,6627802,0.006741573033707926
2012-07-16,22450,22600,21750,21800,6340054,-0.0267857142857143
2012-07-17,21550,21700,21250,21300,9112719,-0.022935779816513735
2012-07-18,21250,21500,20150,20250,12954262,-0.04929577464788737
2012-07-19,20700,20800,20300,20400,7401854,0.007407407407407307
2012-07-20,20800,21550,20750,21250,7870436,0.04166666666666674
2012-07-23,20800,20850,20200,20350,6964724,-0.04235294117647059
2012-07-24,20550,21150,20550,20800,7328882,0.02211302211302213
2012-07-25,20350,20850,20100,20400,6280081,-0.019230769230769273
2012-07-26,20700,20800,20250,20400,5976319,0.0
2012-07-27,20850,21250,20700,21150,7453097,0.03676470588235303
2012-07-30,21500,21800,21250,21300,4916872,0.007092198581560183
2012-07-31,21350,21900,21200,21700,7215276,0.018779342723004744
2012-08-01,21900,22100,21450,21500,5633215,-0.009216589861751112
2012-08-02,21650,21800,21300,21550,4816006,0.0023255813953488857
2012-08-03,21150,21250,20850,20950,5525416,-0.02784222737819031
2012-08-06,21500,22000,21400,21750,6733285,0.038186157517899666
2012-08-07,21800,22200,21650,22000,4757101,0.011494252873563315
2012-08-08,22300,23000,22250,22750,10972713,0.03409090909090917
2012-08-09,22800,22950,22450,22900,8196833,0.00659340659340657
2012-08-10,22900,23050,22750,23000,3993418,0.004366812227074135
2012-08-13,23150,23250,22600,22700,3415389,-0.013043478260869601
2012-08-14,22700,23000,22600,22900,3662137,0.008810572687224738
2012-08-16,22800,22950,22100,22200,7787699,-0.03056768558951961
2012-08-17,22450,22650,22300,22500,4112850,0.013513513513513598
2012-08-20,22300,22750,22250,22550,3278867,0.0022222222222221255
2012-08-21,22650,23350,22650,23100,9152697,0.024390243902439046
2012-08-22,23150,23300,22650,22850,4582101,-0.010822510822510845
2012-08-23,22850,22900,22300,22400,6340317,-0.01969365426695846
2012-08-24,22000,22450,21750,21800,6175133,-0.0267857142857143
2012-08-27,21650,22200,21550,21700,5324077,-0.004587155963302725
2012-08-28,21700,21850,21100,21300,7433538,-0.018433179723502335
2012-08-29,21350,21600,21250,21450,4295175,0.007042253521126751
2012-08-30,21400,21450,21050,21200,3263544,-0.011655011655011704
2012-08-31,20950,21400,20950,21200,2702479,0.0
2012-09-03,21200,21450,20900,21400,3518196,0.009433962264151052
2012-09-04,21350,21800,21250,21500,3775480,0.004672897196261738
2012-09-05,21500,21650,21200,21200,3826683,-0.013953488372092981
2012-09-06,21400,21400,20550,20900,9041756,-0.014150943396226467
2012-09-07,22000,22550,21750,22500,15221162,0.07655502392344493
2012-09-10,22350,22500,22150,22250,4757626,-0.011111111111111072
2012-09-11,22150,22150,21800,21950,3664743,-0.013483146067415741
2012-09-12,22200,22400,22000,22200,3267122,0.011389521640091216
2012-09-13,22100,22150,21800,21850,4237233,-0.015765765765765716
2012-09-14,22550,23000,22350,22950,10517447,0.05034324942791768
2012-09-17,23150,23200,22850,22950,4248504,0.0
2012-09-18,22950,23300,22800,22850,3843199,-0.004357298474945481
2012-09-19,22950,23650,22900,23500,7673229,0.02844638949671774
2012-09-20,23700,24650,23600,23900,12250096,0.017021276595744705
2012-09-21,24200,24250,23650,23850,4797968,-0.0020920502092049986
2012-09-24,23950,24000,23350,23500,3509912,-0.014675052410901501
2012-09-25,23250,23350,22750,22900,5377949,-0.025531914893617058
2012-09-26,22600,22950,22450,22750,3227444,-0.0065502183406113135
2012-09-27,22550,22950,22450,22900,3525787,0.00659340659340657
2012-09-28,22950,23250,22600,22750,3873405,-0.0065502183406113135
2012-10-02,22950,23000,22350,22500,2858070,-0.01098901098901095
2012-10-04,22850,23500,22750,23150,6192433,0.028888888888888964
2012-10-05,23400,23600,23150,23250,3119376,0.004319654427645814
2012-10-08,23350,23850,23300,23700,5661298,0.019354838709677358
2012-10-09,23800,23900,23550,23550,3477414,-0.006329113924050667
2012-10-10,23250,23300,23000,23000,3010313,-0.023354564755838636
2012-10-11,22800,23100,22600,22900,2957524,-0.004347826086956497
2012-10-12,22900,23000,22250,22550,4262738,-0.015283842794759805
2012-10-15,22550,22700,22100,22250,3034811,-0.013303769401330379
2012-10-16,22700,23050,22700,22850,3901823,0.026966292134831482
2012-10-17,23400,23600,23200,23500,4594202,0.02844638949671774
2012-10-18,23500,23650,23200,23550,2682573,0.0021276595744681437
2012-10-19,23550,23750,23250,23300,2646218,-0.010615711252653925
2012-10-22,22700,23450,22650,23400,2573262,0.0042918454935623185
2012-10-23,23400,23700,23050,23050,2851721,-0.014957264957264904
2012-10-24,23500,24150,23350,24000,8709303,0.04121475054229928
2012-10-25,24150,24800,24050,24300,7780836,0.012499999999999956
2012-10-26,24300,24650,24000,24100,3832976,-0.008230452674897082
2012-10-29,24550,24950,23900,24100,6197870,0.0
2012-10-30,24500,24750,24200,24300,3782716,0.008298755186721962
2012-10-31,24800,25000,24650,24850,5789405,0.02263374485596703
2012-11-01,24950,25900,24700,25500,8312753,0.026156941649899457
2012-11-02,26000,26300,25900,25950,6592179,0.01764705882352935
2012-11-05,25950,26350,25750,26150,3347263,0.007707129094412402
2012-11-06,26250,26300,25550,25900,5042809,-0.009560229445506718
2012-11-07,26000,26100,25450,26000,4411461,0.0038610038610038533
2012-11-08,25600,26100,25350,26050,4522898,0.0019230769230769162
2012-11-09,25700,25950,25350,25400,5241275,-0.0249520153550864
2012-11-12,25200,25550,24800,25300,4373224,-0.003937007874015741
2012-11-13,25200,25550,25000,25350,3314201,0.0019762845849802257
2012-11-14,25550,26700,25500,26600,8690475,0.04930966469428011
2012-11-15,26350,26550,25900,26150,4774667,-0.016917293233082664
2012-11-16,26100,26300,24550,24950,9295709,-0.04588910133843216
2012-11-19,25200,25500,24750,25200,3934488,0.01002004008016022
2012-11-20,25650,25750,25300,25350,3293980,0.005952380952380931
2012-11-21,25500,25750,24900,24900,3705474,-0.017751479289940808
2012-11-22,25250,25700,25000,25600,3192295,0.028112449799196693
2012-11-23,25500,25850,25350,25700,2772673,0.00390625
2012-11-26,25800,26300,25750,25800,3757376,0.0038910505836575737
2012-11-27,25750,26000,25350,25550,4349165,-0.009689922480620172
2012-11-28,25400,25550,25000,25350,3108705,-0.007827788649706457
2012-11-29,25700,25800,25100,25400,4030728,0.0019723865877712132
2012-11-30,25250,25350,24400,24400,8420949,-0.03937007874015752
2012-12-03,24300,24650,24200,24400,4155082,0.0
2012-12-04,24300,24700,24200,24450,3560107,0.002049180327868827
2012-12-05,24450,24900,24250,24850,3504294,0.01635991820040905
2012-12-06,24850,25100,24700,24850,3774704,0.0
2012-12-07,25450,25950,25400,25900,7130678,0.04225352112676051
2012-12-10,25850,26150,25800,26000,3280121,0.0038610038610038533
2012-12-11,26250,26500,25900,25950,4189236,-0.0019230769230769162
2012-12-12,26350,26500,26050,26050,4902981,0.003853564547206201
2012-12-13,26200,26500,25650,26250,7585467,0.007677543186180413
2012-12-14,26000,26350,25850,26200,3680399,-0.0019047619047618536
2012-12-17,26400,26800,26250,26650,5228814,0.01717557251908386
2012-12-18,26900,27100,26400,26500,5741215,-0.0056285178236398226
2012-12-20,26850,26950,26150,26300,4736996,-0.007547169811320753
2012-12-21,26300,26450,25250,25400,7103654,-0.034220532319391594
2012-12-24,25400,25700,25050,25150,3887250,-0.009842519685039353
2012-12-26,25300,25700,25300,25450,3166701,0.011928429423459175
2012-12-27,25450,25800,25400,25750,2010360,0.011787819253438192
2012-12-28,25750,25950,25500,25750,2648924,0.0
2013-01-02,26150,26650,26100,26600,5151547,0.03300970873786402
2013-01-03,26900,27100,26400,26650,4587780,0.001879699248120259
2013-01-04,26800,26900,26200,26350,4856327,-0.011257035647279534
2013-01-07,26400,26450,25650,25900,4283105,-0.017077798861480087
2013-01-08,26050,26550,25950,26250,3468081,0.013513513513513598
2013-01-09,26500,26600,25950,26050,2517811,-0.007619047619047636
2013-01-10,26150,26800,25850,26800,4762542,0.028790786948176494
2013-01-11,27100,27250,26500,27100,6269825,0.011194029850746245
2013-01-14,27250,27300,26850,26950,3130049,-0.005535055350553542
2013-01-15,26800,27000,25800,25950,6736761,-0.03710575139146566
2013-01-16,26200,26700,26050,26200,5723625,0.009633911368015502
2013-01-17,26350,26350,25450,25900,4758701,-0.011450381679389277
2013-01-18,26050,26150,25500,25600,5547605,-0.01158301158301156
2013-01-21,25750,25850,25300,25750,3295467,0.005859375
2013-01-22,25500,25700,24850,25050,7158297,-0.027184466019417486
2013-01-23,25050,25100,24600,24650,6619066,-0.015968063872255467
2013-01-24,24600,24650,24050,24250,6007784,-0.016227180527383367
2013-01-25,24300,24700,23800,24200,5001969,-0.0020618556701030855
2013-01-28,24150,24500,24000,24400,2586394,0.008264462809917328
2013-01-29,24500,24550,24100,24200,4408627,-0.008196721311475419
2013-01-30,24650,24950,24300,24350,5631792,0.006198347107438051
2013-01-31,24400,24600,24200,24400,4329870,0.002053388090349051
2013-02-01,24250,24450,24050,24200,4025938,-0.008196721311475419
2013-02-04,24500,24600,24300,24300,2604422,0.004132231404958775
2013-02-05,24050,24200,23600,23700,4574149,-0.024691358024691357
2013-02-06,23850,24650,23800,24500,5764265,0.03375527426160341
2013-02-07,24650,25000,24550,24850,4681401,0.014285714285714235
2013-02-08,24850,25000,24550,24750,3258865,-0.004024144869215318
2013-02-12,24950,25300,24800,25000,3432175,0.010101010101010166
2013-02-13,25250,25600,25200,25500,4490716,0.020000000000000018
2013-02-14,25550,25750,25350,25700,2859954,0.007843137254901933
2013-02-15,25700,25750,25550,25650,2277981,-0.0019455252918287869
2013-02-18,25600,26000,25550,25900,2456890,0.00974658869395717
2013-02-19,25800,26100,25750,25850,1779504,-0.0019305019305019266
2013-02-20,26250,26700,26200,26500,6657608,0.025145067698259194
2013-02-21,26350,26650,26300,26600,2826255,0.0037735849056603765
2013-02-22,26400,26600,26300,26400,2689623,-0.007518796992481258
2013-02-25,26500,26550,26050,26300,2604691,-0.0037878787878787845
2013-02-26,26100,26650,25850,26550,3772301,0.009505703422053147
2013-02-27,26850,26950,26250,26250,3098659,-0.011299435028248594
2013-02-28,26700,26750,26500,26500,4038185,0.00952380952380949
2013-03-04,26600,26700,25900,26000,3753949,-0.018867924528301883
2013-03-05,26400,27200,26400,27000,8141593,0.03846153846153855
2013-03-06,27650,28200,27600,28000,11109877,0.03703703703703698
2013-03-07,28100,28450,27850,28150,6588200,0.005357142857142838
2013-03-08,28350,28400,27800,28250,3607159,0.003552397868561208
2013-03-11,28250,28800,28200,28600,6597705,0.012389380530973382
2013-03-12,28850,28900,28050,28100,3957978,-0.0174825174825175
2013-03-13,28300,28550,28100,28300,2769799,0.007117437722419906
2013-03-14,28450,29000,28400,28900,5071138,0.021201413427561766
2013-03-15,29000,29200,28400,28800,4473661,-0.0034602076124568004
2013-03-18,28550,28900,28400,28400,2926693,-0.01388888888888884
2013-03-19,28800,28900,28350,28650,3232956,0.008802816901408494
2013-03-20,28500,28850,28350,28600,2632433,-0.0017452006980802626
2013-03-21,28850,28900,28050,28050,3426566,-0.019230769230769273
2013-03-22,27900,28450,27650,28300,3555515,0.00891265597147961
2013-03-25,29050,29200,28850,29050,3959211,0.026501766784452263
2013-03-26,29050,29500,29000,29500,5570927,0.015490533562822817
2013-03-27,29600,29700,29200,29450,3184531,-0.0016949152542372614
2013-03-28,29450,29450,28950,29250,3223050,-0.006791171477079749
2013-03-29,29500,29650,28750,28750,3045853,-0.017094017094017144
2013-04-01,28900,29050,28600,28650,1972865,-0.003478260869565264
2013-04-02,28750,28900,28350,28400,3577498,-0.008726003490401424
2013-04-03,28600,29150,28550,28900,3584222,0.01760563380281699
2013-04-04,28550,29200,28400,29200,4869239,0.01038062283737018
2013-04-05,29300,29300,28350,28550,3681853,-0.022260273972602773
2013-04-08,28600,28700,27800,27900,4153747,-0.02276707530647981
2013-04-09,27900,28200,27300,27800,4473759,-0.0035842293906810374
2013-04-10,28150,28200,27800,27950,2896417,0.0053956834532373765
2013-04-11,28450,29100,28300,29000,5236997,0.0375670840787119
2013-04-12,29050,29350,28650,28800,3407336,-0.006896551724137945
2013-04-15,28950,29350,28700,29150,2715965,0.012152777777777679
2013-04-16,28850,29250,28750,29100,3276359,-0.0017152658662092923
2013-04-17,29350,29400,28650,28750,3075896,-0.012027491408934665
2013-04-18,28400,28500,27850,27900,5206918,-0.029565217391304355
2013-04-19,27900,28850,27850,28800,3895261,0.032258064516129004
2013-04-22,28800,29100,28600,29000,2012549,0.00694444444444442
2013-04-23,29050,29050,28450,28850,2009817,-0.005172413793103403
2013-04-24,29400,29600,29000,29100,4683116,0.008665511265164572
2013-04-25,29650,29950,29450,29500,11394824,0.013745704467353903
2013-04-26,29400,29750,29250,29450,2667806,-0.0016949152542372614
2013-04-29,29550,29850,29500,29550,2368216,0.00339558573853993
2013-04-30,29850,30000,29550,29900,4973679,0.011844331641285955
2013-05-02,29750,29850,29300,29450,2792031,-0.015050167224080258
2013-05-03,29650,29700,29000,29550,3767197,0.00339558573853993
2013-05-06,29700,29850,28850,28900,4225049,-0.021996615905245376
2013-05-07,28900,28950,28400,28600,3154316,-0.01038062283737029
2013-05-08,28900,28900,28400,28550,3400637,-0.0017482517482517723
2013-05-09,28500,29250,28500,29050,4575248,0.017513134851138368
2013-05-10,29200,29550,29050,29100,4776435,0.001721170395869276
2013-05-13,29000,29200,28900,29100,2518819,0.0
2013-05-14,29150,29600,29150,29500,2701509,0.013745704467353903
2013-05-15,29550,29850,29500,29750,4030862,0.008474576271186418
2013-05-16,29900,30200,29850,30050,6423610,0.010084033613445342
2013-05-20,30500,30850,30300,30700,6958530,0.021630615640598982
2013-05-21,30800,31000,30600,30600,5033266,-0.0032573289902280145
2013-05-22,30900,31600,30850,31300,7608286,0.02287581699346397
2013-05-23,31400,32000,31250,31400,7512672,0.0031948881789136685
2013-05-24,31800,31850,31050,31400,3871042,0.0
2013-05-27,31550,31900,31400,31400,2849669,0.0
2013-05-28,31400,31650,30850,31400,4431590,0.0
2013-05-29,31700,32150,31550,32000,4381622,0.019108280254777066
2013-05-30,31850,32200,31700,31850,10882238,-0.004687499999999956
2013-05-31,32200,32200,31750,32200,3870613,0.01098901098901095
2013-06-03,31950,32150,31750,31900,3449693,-0.009316770186335366
2013-06-04,32150,32450,32000,32250,3233657,0.01097178683385569
2013-06-05,32350,32400,31150,31150,4570226,-0.03410852713178292
2013-06-07,31650,31900,30900,31100,5758634,-0.0016051364365970988
2013-06-10,31700,32900,31600,32650,6709195,0.04983922829581999
2013-06-11,32900,32950,32300,32500,3941737,-0.004594180704441064
2013-06-12,32300,32700,32250,32350,2590486,-0.004615384615384577
2013-06-13,32250,32450,31600,32050,6075091,-0.009273570324574987
2013-06-14,32150,32250,31200,31500,3971095,-0.01716068642745705
2013-06-17,31400,31600,30100,30450,6582178,-0.033333333333333326
2013-06-18,30900,31750,30900,31750,5215736,0.04269293924466333
2013-06-19,32000,32400,31550,31900,4438175,0.0047244094488188
2013-06-20,31400,31700,30850,31050,4371986,-0.026645768025078342
2013-06-21,30200,31000,30000,30800,5163521,-0.008051529790660261
2013-06-24,30900,30950,29750,29750,4897019,-0.03409090909090906
2013-06-25,29500,30300,28900,29500,6659713,-0.008403361344537785
2013-06-26,30150,30400,29700,30250,5040418,0.025423728813559254
2013-06-27,30900,31000,30600,30650,5209137,0.013223140495867813
2013-06-28,30900,31200,30450,31200,4309458,0.01794453507340954
2013-07-01,30950,31850,30850,31550,4062599,0.011217948717948678
2013-07-02,31500,31550,28750,28800,21019436,-0.08716323296354989
2013-07-03,29350,29800,28550,28750,10969350,-0.0017361111111111605
2013-07-04,28950,29050,28000,28750,9130872,0.0
2013-07-05,28950,29300,27950,28400,7983219,-0.012173913043478257
2013-07-08,28100,28600,27400,27800,7227558,-0.021126760563380254
2013-07-09,28050,28450,27750,28350,5276470,0.019784172661870603
2013-07-10,28150,28300,27400,27500,6362139,-0.029982363315696703
2013-07-11,27900,28400,27650,28400,6330650,0.032727272727272716
2013-07-12,28450,28650,28100,28500,4499172,0.0035211267605634866
2013-07-15,28500,28750,28050,28450,2613544,-0.0017543859649122862
2013-07-16,28650,28700,28300,28450,2886705,0.0
2013-07-17,28750,28850,28200,28600,4374401,0.005272407732864748
2013-07-18,28950,29450,28750,29200,6437820,0.020979020979021046
2013-07-19,29300,29350,28400,28400,5306867,-0.0273972602739726
2013-07-22,28400,28500,27850,28000,5042732,-0.014084507042253502
2013-07-23,27900,28400,27750,28200,4952809,0.0071428571428571175
2013-07-24,28300,28750,28300,28550,3818831,0.012411347517730542
2013-07-25,29150,29250,28400,28600,6778488,0.0017513134851139256
2013-07-26,28850,28850,27900,28150,7755181,-0.01573426573426573
2013-07-29,27950,27950,26900,27000,15227768,-0.04085257548845467
2013-07-30,27050,27300,26600,27100,6903868,0.0037037037037037646
2013-07-31,27200,27350,27150,27200,4386284,0.0036900369003689537
2013-08-01,27250,27450,27100,27400,6151190,0.007352941176470562
2013-08-02,27500,27700,27250,27450,6877232,0.0018248175182482562
2013-08-05,27300,27400,27150,27400,4180804,-0.0018214936247723523
2013-08-06,27600,27750,27350,27550,4125157,0.005474452554744547
2013-08-07,27350,27400,26550,26550,7771130,-0.0362976406533575
2013-08-08,26350,26600,26000,26200,5396449,-0.013182674199623379
2013-08-09,26200,27100,26200,26650,4669522,0.01717557251908386
2013-08-12,26650,27300,26600,27000,3849323,0.013133208255159401
2013-08-13,27050,28300,27050,28300,8719662,0.04814814814814805
2013-08-14,28750,29200,28600,29150,10262550,0.030035335689045928
2013-08-16,28700,29000,28500,28700,5110848,-0.015437392795883409
2013-08-19,28550,28650,28300,28550,2594470,-0.005226480836236891
2013-08-20,28500,29150,28400,28500,5699909,-0.0017513134851138146
2013-08-21,28700,28850,28050,28200,3079266,-0.010526315789473717
2013-08-22,27800,28350,27700,28050,3639542,-0.005319148936170248
2013-08-23,28400,28850,28300,28500,4137108,0.016042780748663166
2013-08-26,28500,28700,28150,28350,2937697,-0.0052631578947368585
2013-08-27,28100,28350,27800,27950,3547412,-0.014109347442680775
2013-08-28,27350,27850,27350,27700,3556086,-0.008944543828264706
2013-08-29,27700,28000,27400,27450,5326833,-0.009025270758122761
2013-08-30,27600,28250,27550,28250,5663772,0.02914389799635697
2013-09-02,28500,28650,28200,28300,3035909,0.001769911504424737
2013-09-03,28550,28650,28300,28450,3100871,0.005300353356890497
2013-09-04,28400,28700,28200,28650,3042973,0.007029876977152849
2013-09-05,27400,28150,27300,28150,20625403,-0.017452006980802848
2013-09-06,28100,28250,26850,27100,12199781,-0.03730017761989346
2013-09-09,27600,28450,27550,28450,9571714,0.04981549815498165
2013-09-10,28550,28950,28400,28950,6680750,0.017574692442882345
2013-09-11,29100,29300,28700,28900,4893860,-0.0017271157167529916
2013-09-12,29000,29300,28750,28900,6018991,0.0
2013-09-13,28900,29250,28800,29000,4674307,0.0034602076124568004
2013-09-16,29300,29850,29300,29800,5218534,0.02758620689655178
2013-09-17,30000,30450,29650,30300,6788948,0.016778523489932917
2013-09-23,30650,30700,30200,30550,4872847,0.008250825082508184
2013-09-24,30400,30850,30250,30500,3788474,-0.0016366612111292644
2013-09-25,30300,30400,29600,29750,4839999,-0.024590163934426257
2013-09-26,29750,30600,29700,30350,4297077,0.020168067226890685
2013-09-27,30550,30600,29850,30350,3597617,0.0
2013-09-30,30300,30750,30000,30250,3883347,-0.0032948929159802853
2013-10-01,30200,30500,29800,29950,3094789,-0.00991735537190086
2013-10-02,30650,31250,30600,31150,7077277,0.04006677796327218
2013-10-04,31700,32450,31550,32450,10794205,0.04173354735152479
2013-10-07,32750,33100,32600,32900,10211692,0.013867488443759735
2013-10-08,32800,32900,32450,32750,20161933,-0.00455927051671734
2013-10-10,32750,33900,32700,33600,6362115,0.025954198473282508
2013-10-11,33900,34000,33100,33350,6953280,-0.007440476190476164
2013-10-14,33100,33400,32550,33100,4504637,-0.007496251874062998
2013-10-15,33450,33600,33250,33450,2875473,0.010574018126888296
2013-10-16,33800,34300,33250,33400,3964240,-0.001494768310911776
2013-10-17,33800,33900,33400,33800,3432731,0.011976047904191711
2013-10-18,34000,34650,33950,34600,4896108,0.023668639053254337
2013-10-21,34650,35000,33900,34100,4601446,-0.014450867052023142
2013-10-22,34000,34000,32600,32600,9113649,-0.04398826979472137
2013-10-23,32900,33200,32500,32500,5848372,-0.0030674846625766694
2013-10-24,32500,33150,32300,33100,3285591,0.01846153846153853
2013-10-25,32950,33000,32500,32600,3464261,-0.015105740181268867
2013-10-28,32650,33250,32600,33100,3104202,0.015337423312883347
2013-10-29,33350,33600,31900,31950,6681059,-0.03474320241691842
2013-10-30,32300,33000,32300,32850,4858305,0.028169014084507005
2013-10-31,32800,32800,31950,31950,4023353,-0.0273972602739726
2013-11-01,32150,33300,32100,33250,4753636,0.04068857589984343
2013-11-04,33350,33500,32950,33050,2893775,-0.006015037593984918
2013-11-05,33000,33050,32250,32550,1860583,-0.015128593040847238
2013-11-06,32350,32950,32350,32500,1872076,-0.001536098310291889
2013-11-07,32600,32750,32350,32350,1825749,-0.004615384615384577
2013-11-08,32050,32950,32050,32250,2964930,-0.0030911901081916993
2013-11-11,32400,32700,31350,31500,3518342,-0.023255813953488413
2013-11-12,31900,32400,31700,31950,3027493,0.014285714285714235
2013-11-13,31850,32000,31500,31550,2266975,-0.012519561815336422
2013-11-14,32350,32650,32000,32300,3084645,0.023771790808240878
2013-11-15,32550,33800,32550,33700,5187831,0.04334365325077405
2013-11-18,33900,34100,33500,33750,2917194,0.0014836795252226587
2013-11-19,33700,33850,33300,33450,2790771,-0.008888888888888835
2013-11-20,33150,33200,32350,32500,4652929,-0.02840059790732441
2013-11-21,32400,32450,31750,32050,3397106,-0.013846153846153841
2013-11-22,32800,32900,32250,32400,3511174,0.010920436817472678
2013-11-25,32800,33400,32750,33250,2869284,0.026234567901234573
2013-11-26,33300,33600,32750,33600,3288876,0.010526315789473717
2013-11-27,33750,34700,33500,34600,6944989,0.029761904761904656
2013-11-28,35100,35450,34850,35450,6520172,0.024566473988439252
2013-11-29,35550,35900,35150,35400,4030182,-0.0014104372355430161
2013-12-02,35650,35900,35250,35700,3268831,0.008474576271186418
2013-12-03,35500,35700,34600,34700,4945227,-0.02801120448179273
2013-12-04,34850,35400,34750,34800,3284235,0.0028818443804035088
2013-12-05,34550,34900,34200,34250,4205701,-0.015804597701149392
2013-12-06,34400,35650,34400,35500,4156598,0.03649635036496357
2013-12-09,36000,36700,35950,36350,5211103,0.023943661971830954
2013-12-10,36800,37100,36400,36500,5070477,0.004126547455295837
2013-12-11,36500,37150,36400,36800,3600547,0.008219178082191858
2013-12-12,36300,36500,35850,36450,5008826,-0.009510869565217406
2013-12-13,36300,36600,35850,36500,2488730,0.00137174211248281
2013-12-16,36600,37200,36550,37150,3285802,0.017808219178082174
2013-12-17,37500,37550,36550,36600,3534783,-0.014804845222072704
2013-12-18,36600,36800,35450,35550,4929380,-0.02868852459016391
2013-12-19,35950,36150,34800,34900,6726027,-0.01828410689170179
2013-12-20,35200,35750,34900,35300,3905267,0.011461318051575908
2013-12-23,35600,37000,35550,37000,5630251,0.04815864022662897
2013-12-24,37000,37100,36550,36750,2771057,-0.006756756756756799
2013-12-26,36900,37000,35900,36000,3738849,-0.020408163265306145
2013-12-27,36450,36950,36350,36650,2088963,0.01805555555555549
2013-12-30,36800,37000,36250,36800,2537422,0.004092769440654953
2014-01-02,37100,37350,35550,35550,4503101,-0.03396739130434778
2014-01-03,35700,36450,35600,36300,3866819,0.021097046413502074
2014-01-06,36400,37700,36350,37650,5489696,0.037190082644628086
2014-01-07,37350,37950,37200,37800,3365854,0.003984063745019917
2014-01-08,38550,39100,38150,39000,6541929,0.031746031746031855
2014-01-09,39150,39250,38500,38850,4456686,-0.0038461538461538325
2014-01-10,38450,38700,37700,38500,4661839,-0.009009009009009028
2014-01-13,38350,39000,38150,38150,2173830,-0.009090909090909038
2014-01-14,37750,38400,37350,38400,2373406,0.006553079947575258
2014-01-15,38700,38750,36450,36650,11312073,-0.04557291666666663
2014-01-16,36900,37000,36050,36550,5058860,-0.0027285129604365244
2014-01-17,36600,36850,36000,36000,3390054,-0.015047879616963078
2014-01-20,36050,36850,36050,36850,3038514,0.023611111111111027
2014-01-21,36950,37100,36400,36400,2458095,-0.012211668928086894
2014-01-22,36100,36350,35000,36300,8866139,-0.0027472527472527375
2014-01-23,36300,36650,35400,35400,5413166,-0.024793388429752095
2014-01-24,35350,36150,35350,35900,4696232,0.01412429378531077
2014-01-27,35100,35550,35000,35250,3810292,-0.01810584958217265
2014-01-28,35550,36800,35250,36800,5134501,0.04397163120567371
2014-01-29,37100,37900,37000,37850,5768140,0.028532608695652106
2014-02-03,37500,38200,37450,37950,3258954,0.0026420079260238705
2014-02-04,37350,37400,36500,36500,5123321,-0.03820816864295129
2014-02-05,36900,37000,36000,36650,3722340,0.004109589041095818
2014-02-06,37050,38600,37000,38600,6520048,0.05320600272851306
2014-02-07,39300,39500,38900,39300,6263133,0.0181347150259068
2014-02-10,39400,39950,39000,39000,2749618,-0.007633587786259555
2014-02-11,39200,39600,38950,39000,1922133,0.0
2014-02-12,39600,39850,39200,39850,3365602,0.021794871794871717
2014-02-13,39850,40200,39700,39900,3408592,0.0012547051442910462
2014-02-14,39950,40100,39000,39050,3144548,-0.02130325814536338
2014-02-17,39450,39700,38400,38700,3462266,-0.008962868117797673
2014-02-18,38800,39000,38550,38800,1740161,0.0025839793281654533
2014-02-19,38650,39400,38500,39150,2779561,0.009020618556700999
2014-02-20,39400,39650,38700,38800,2634888,-0.008939974457215838
2014-02-21,39250,39700,39050,39300,3222452,0.012886597938144284
2014-02-24,39100,39350,38700,38850,1853563,-0.011450381679389277
2014-02-25,39000,39100,37850,38650,5377950,-0.005148005148005175
2014-02-26,38500,39700,38450,39250,3372770,0.015523932729624823
2014-02-27,39650,39650,39100,39500,2537038,0.006369426751592355
2014-02-28,39700,39700,38550,38750,3571285,-0.01898734177215189
2014-03-03,38300,38950,38200,38950,2334413,0.005161290322580614
2014-03-04,38600,39050,38550,38950,1659174,0.0
2014-03-05,39600,39600,39200,39450,2287413,0.012836970474968012
2014-03-06,39450,39450,38900,39100,1894702,-0.008871989860583018
2014-03-07,39300,39350,38300,38550,3360351,-0.014066496163682829
2014-03-10,38350,38650,37650,37700,3290391,-0.022049286640726362
2014-03-11,37700,38200,37650,37750,2570762,0.0013262599469496816
2014-03-12,37550,38050,37350,37400,3136809,-0.009271523178807972
2014-03-13,37800,38600,37700,38050,2831772,0.017379679144384985
2014-03-14,37550,38300,37000,37950,4047773,-0.0026281208935611255
2014-03-17,37400,37450,36600,36700,4053729,-0.03293807641633728
2014-03-18,37200,37400,36350,36350,4067115,-0.009536784741144388
2014-03-19,36850,37150,36550,37000,3174111,0.017881705639614776
2014-03-20,36900,37400,36700,36950,1966739,-0.0013513513513513375
2014-03-21,37400,38750,37400,38700,4027721,0.047361299052774086
2014-03-24,38750,38800,38000,38150,2911594,-0.014211886304909549
2014-03-25,38250,38300,37500,37600,2484259,-0.014416775884665833
2014-03-26,38100,38400,37650,38400,2520441,0.02127659574468077
2014-03-27,38050,38400,37550,37700,2539853,-0.01822916666666663
2014-03-28,37850,37900,37000,37050,3497637,-0.017241379310344862
2014-03-31,37000,37100,35550,36000,8110589,-0.028340080971659964
2014-04-01,36650,37100,36600,37000,4963237,0.02777777777777768
2014-04-02,37450,37700,36800,37050,3128863,0.0013513513513514486
2014-04-03,37300,37350,36500,36550,2239712,-0.013495276653171406
2014-04-04,36750,37250,36600,37250,3042845,0.019151846785225635
2014-04-07,36800,37000,36500,37000,2614349,-0.006711409395973145
2014-04-08,36650,37200,36650,36750,2287296,-0.006756756756756799
2014-04-09,36900,37700,36850,37650,2781992,0.02448979591836742
2014-04-10,37600,37850,37400,37700,1940111,0.0013280212483399723
2014-04-11,37450,37600,36850,37050,2678811,-0.017241379310344862
2014-04-14,37100,37250,36900,36900,1769488,-0.004048582995951455
2014-04-15,37450,37950,37150,37400,2511655,0.013550135501354976
2014-04-16,37750,37900,37550,37650,2279437,0.006684491978609541
2014-04-17,38050,38300,37850,38050,2518569,0.010624169986719778
2014-04-18,39400,39550,38900,39200,6226765,0.030223390275952777
2014-04-21,39300,39500,39000,39400,2012021,0.005102040816326481
2014-04-22,39900,40050,39750,39800,4429639,0.010152284263959421
2014-04-23,40200,40850,40050,40750,6302966,0.023869346733668362
2014-04-24,40850,40900,40150,40900,4202633,0.0036809815950920033
2014-04-25,41100,41350,40650,40750,6413507,-0.003667481662591676
2014-04-28,40450,40800,39900,40500,2962593,-0.006134969325153339
2014-04-29,40250,40500,39600,39700,2864162,-0.01975308641975304
2014-04-30,39700,40300,39650,40150,2280636,0.01133501259445846
2014-05-02,41200,41350,40550,40650,3374051,0.012453300124533051
2014-05-07,41000,41350,40900,41100,2617891,0.011070110701107083
2014-05-08,41450,41450,40550,40650,2228813,-0.010948905109489093
2014-05-09,40950,41200,40250,41150,2286422,0.012300123001230068
2014-05-12,40900,41600,40900,41400,2028310,0.0060753341433779084
2014-05-13,41850,42000,41700,41700,2671855,0.007246376811594235
2014-05-14,42200,42200,41750,42100,2857522,0.00959232613908867
2014-05-15,41850,42100,41600,42000,2002289,-0.002375296912114022
2014-05-16,42000,42300,41800,42250,1793135,0.005952380952380931
2014-05-19,42000,42150,40750,40900,3868734,-0.031952662721893454
2014-05-20,41100,42000,41100,42000,3173904,0.02689486552567244
2014-05-21,41950,42250,41650,41900,2044792,-0.0023809523809523725
2014-05-22,42400,42750,42150,42400,2314558,0.01193317422434359
2014-05-23,42300,42500,41950,42350,2091017,-0.001179245283018826
2014-05-26,42600,42750,42350,42400,1337761,0.0011806375442739991
2014-05-27,42600,42650,42050,42200,1206673,-0.004716981132075526
2014-05-28,42750,42750,42400,42600,2267797,0.009478672985782088
2014-05-29,42700,42900,42450,42600,2788250,0.0
2014-05-30,42600,44150,42600,44150,5719933,0.03638497652582151
2014-06-02,44200,45200,44150,44700,2594762,0.01245753114382775
2014-06-03,44250,45050,44000,44650,2452555,-0.0011185682326622093
2014-06-05,45300,46450,44850,46450,3867206,0.04031354983202684
2014-06-09,47000,47450,46000,46100,4008341,-0.00753498385360607
2014-06-10,46600,47350,46500,47350,2173265,0.027114967462039008
2014-06-11,47550,47950,46750,47000,2699834,-0.007391763463569179
2014-06-12,48000,48450,46850,47400,3533745,0.008510638297872353
2014-06-13,47000,47200,46400,47050,2038552,-0.007383966244725704
2014-06-16,46600,48550,46400,48350,2328428,0.02763018065887346
2014-06-17,49000,49850,48850,49350,3064765,0.020682523267838704
2014-06-18,49400,49700,48850,49000,8540327,-0.007092198581560294
2014-06-19,49850,50700,49700,50700,3832975,0.03469387755102038
2014-06-20,50900,50900,49100,49400,7739475,-0.02564102564102566
2014-06-23,49250,49700,48250,48900,3331587,-0.010121457489878583
2014-06-24,49000,50300,48950,50300,3486605,0.02862985685071573
2014-06-25,50200,50900,49600,49800,2370023,-0.00994035785288272
2014-06-26,50300,50600,48050,48750,4329921,-0.02108433734939763
2014-06-27,48350,48500,47500,47500,4132822,-0.02564102564102566
2014-06-30,47900,48750,47850,48550,3033278,0.022105263157894628
2014-07-01,49450,49450,48400,48450,2661236,-0.002059732234809486
2014-07-02,49150,50500,49000,50400,4295212,0.04024767801857587
2014-07-03,50700,51000,50200,50900,2679502,0.009920634920634885
2014-07-04,51000,51000,49550,50400,2256886,-0.00982318271119842
2014-07-07,50400,51700,49900,51600,2222399,0.023809523809523725
2014-07-08,51300,52000,51100,51900,2207233,0.005813953488372103
2014-07-09,51500,51500,49600,49750,4902932,-0.041425818882466325
2014-07-10,49750,50300,49300,49300,2652157,-0.009045226130653283
2014-07-11,48950,49250,48350,48950,2438265,-0.007099391480730244
2014-07-14,49250,50200,49100,49350,2127881,0.008171603677221695
2014-07-15,50300,50400,49550,49750,1757915,0.008105369807497542
2014-07-16,50000,51000,49900,51000,2314317,0.025125628140703515
2014-07-17,51600,52400,51300,51500,3615315,0.009803921568627416
2014-07-18,50200,51100,49900,50800,2334689,-0.013592233009708687
2014-07-21,51300,51700,50300,50500,1627408,-0.0059055118110236116
2014-07-22,50100,51000,49650,51000,2319621,0.00990099009900991
2014-07-23,50900,51000,49400,49450,2861486,-0.0303921568627451
2014-07-24,49650,49700,47450,47550,7777210,-0.03842264914054605
2014-07-25,47800,48300,47200,47500,4385822,-0.001051524710830698
2014-07-28,47450,47950,46400,46550,5195081,-0.020000000000000018
2014-07-29,45200,45700,44400,44400,8507170,-0.04618689581095592
2014-07-30,45000,46750,45000,46750,6237617,0.052927927927928
2014-07-31,46050,46500,45100,45450,5587330,-0.027807486631016065
2014-08-01,44100,46400,44000,46300,5318497,0.018701870187018743
2014-08-04,46400,47900,46350,47850,3226358,0.03347732181425478
2014-08-05,48250,48300,46500,47300,3424229,-0.011494252873563204
2014-08-06,46750,46800,45050,45400,14682581,-0.04016913319238902
2014-08-07,45700,46100,44650,45200,3846213,-0.004405286343612369
2014-08-08,44500,45000,43500,44200,6182189,-0.02212389380530977
2014-08-11,44900,45550,44500,45000,3098675,0.018099547511312153
2014-08-12,45000,45150,43050,43250,5457423,-0.03888888888888886
2014-08-13,43600,44450,43500,43900,3848799,0.015028901734104094
2014-08-14,44500,44800,43200,43550,3825576,-0.007972665148063829
2014-08-18,44400,44400,43650,43850,2842982,0.006888633754305484
2014-08-19,44250,44550,43800,43800,3046890,-0.0011402508551880963
2014-08-20,44150,45350,44100,45350,3912499,0.035388127853881235
2014-08-21,45800,46350,45400,45850,4749347,0.011025358324145529
2014-08-22,46700,46750,45350,45950,2874325,0.0021810250817884125
2014-08-25,45850,47300,45700,47150,3083363,0.02611534276387384
2014-08-26,47150,47300,46550,46700,2110839,-0.009544008483563071
2014-08-27,46700,47000,45150,45350,3858033,-0.028907922912205564
2014-08-28,45600,45650,44400,45600,3705945,0.005512679162072764
2014-08-29,45100,45700,45000,45400,2167684,-0.004385964912280715
2014-09-01,45700,45800,44500,44500,1892686,-0.01982378854625555
2014-09-02,44700,44950,43850,44050,2171185,-0.010112359550561778
2014-09-03,43450,43750,41700,41800,8149751,-0.05107832009080593
2014-09-04,42450,42850,41950,42050,3744556,0.005980861244019087
2014-09-05,42600,43300,42500,43200,3074526,0.027348394768133222
2014-09-11,45700,45700,43850,43850,5791277,0.01504629629629628
2014-09-12,44200,44550,44050,44500,1445681,0.014823261117445918
2014-09-15,44300,44400,42800,42800,2371058,-0.038202247191011285
2014-09-16,42300,43600,42300,43500,2247094,0.016355140186915973
2014-09-17,43850,44450,43650,44100,2721126,0.01379310344827589
2014-09-18,43800,44100,42800,42900,1766197,-0.027210884353741527
2014-09-19,43400,44200,43200,44000,2586406,0.02564102564102555
2014-09-22,43550,43700,42850,43250,1476639,-0.017045454545454586
2014-09-23,42900,43550,42500,42500,2203104,-0.017341040462427793
2014-09-24,42550,44400,42500,44200,3922847,0.040000000000000036
2014-09-25,44400,45450,44350,44600,3632706,0.009049773755656076
2014-09-26,44500,45800,44300,45600,3154902,0.022421524663677195
2014-09-29,46500,47450,46350,47150,4912552,0.033991228070175517
2014-09-30,46900,47300,46250,46750,3038001,-0.008483563096500557
2014-10-01,46750,47200,46000,46400,2482308,-0.007486631016042744
2014-10-02,46000,47300,45700,47100,2952839,0.015086206896551824
2014-10-06,47850,47850,43250,44700,7288648,-0.05095541401273884
2014-10-07,44500,45350,42950,44700,5680210,0.0
2014-10-08,44500,44850,43600,44150,2053318,-0.01230425055928408
2014-10-10,42050,42950,41850,42200,4630979,-0.04416761041902606
2014-10-13,40350,42150,40300,41700,4361715,-0.011848341232227444
2014-10-14,41750,43450,41550,43300,2953492,0.0383693045563549
2014-10-15,43200,44000,43000,43400,2372222,0.002309468822170979
2014-10-16,43500,45200,43450,45100,3553225,0.03917050691244239
2014-10-17,45000,45750,43650,44100,2900418,-0.022172949002217335
2014-10-20,44100,45050,43550,44900,1788929,0.018140589569161092
2014-10-21,45050,46000,44650,45250,2147556,0.007795100222717233
2014-10-22,46250,46700,45900,46300,2420313,0.023204419889502725
2014-10-23,46300,46800,45500,45500,1829919,-0.017278617710583144
2014-10-24,46450,46500,45050,45300,2214244,-0.00439560439560438
2014-10-27,45800,45900,44400,44600,1722449,-0.015452538631346546
2014-10-28,45150,46100,45000,46000,2907131,0.03139013452914807
2014-10-29,46350,47000,45800,47000,2638547,0.021739130434782705
2014-10-30,47300,47450,46400,47200,2924313,0.004255319148936065
2014-10-31,47550,47550,46900,47450,2577692,0.005296610169491567
2014-11-03,48000,48250,47600,48050,2388430,0.012644889357218192
2014-11-04,48300,48300,47000,47450,1888587,-0.012486992715920908
2014-11-05,47850,47950,46900,47200,1617220,-0.005268703898840932
2014-11-06,47750,48200,47550,47950,1555748,0.01588983050847448
2014-11-07,47950,47950,47000,47400,1624430,-0.01147028154327423
2014-11-10,47500,48100,47450,47550,1583801,0.0031645569620253333
2014-11-11,48000,48000,47200,47600,1558513,0.001051524710830698
2014-11-12,47900,48300,47300,48100,1960104,0.010504201680672232
2014-11-13,48350,48350,47600,48100,1421799,0.0
2014-11-14,48500,49200,47900,49200,2592089,0.022869022869022926
2014-11-17,49200,49350,45700,45900,5493082,-0.06707317073170727
2014-11-18,46500,47150,46000,46400,2798997,0.01089324618736387
2014-11-19,47400,47500,46900,47150,1813849,0.016163793103448176
2014-11-20,47000,47350,46700,47250,1104697,0.0021208907741250282
2014-11-21,47450,47500,46000,46450,1839020,-0.016931216931216908
2014-11-24,47250,47300,46800,47100,1416719,0.013993541442411273
2014-11-25,48400,48800,47800,48500,2680733,0.02972399150743099
2014-11-26,48600,48700,48100,48600,914772,0.0020618556701030855
2014-11-27,48700,48700,47650,47850,1558962,-0.015432098765432056
2014-11-28,48050,48600,47700,48050,1131555,0.004179728317659448
2014-12-01,48050,48500,47800,47950,1444205,-0.002081165452653466
2014-12-02,47850,48000,47300,47700,1417999,-0.005213764337851923
2014-12-03,48300,48500,47750,48050,1199173,0.007337526205450695
2014-12-04,48600,48800,48150,48700,1438113,0.013527575442247697
2014-12-05,48800,49150,48100,48350,1335134,-0.007186858316221789
2014-12-08,49000,49200,48500,48650,2243336,0.006204756980351611
2014-12-09,48800,49950,48550,49450,2775375,0.016443987667009274
2014-12-10,49100,49600,48550,48850,1590462,-0.01213346814964611
2014-12-11,48300,48400,47100,47200,2702767,-0.03377686796315249
2014-12-12,47300,47700,47000,47550,1602103,0.00741525423728806
2014-12-15,47100,47850,46950,47650,1182288,0.002103049421661396
2014-12-16,47150,47300,45900,46500,2486899,-0.02413431269674715
2014-12-17,46500,47150,46500,46700,1652948,0.004301075268817289
2014-12-18,47600,47700,47000,47700,1542575,0.021413276231263323
2014-12-19,48500,48900,48300,48500,1910410,0.016771488469601747
2014-12-22,48000,48500,47100,48250,1159184,-0.005154639175257714
2014-12-23,48050,48500,47300,47450,1169038,-0.016580310880829008
2014-12-24,47100,47850,47100,47800,842562,0.007376185458377149
2014-12-26,47600,47800,47000,47000,1474213,-0.01673640167364021
2014-12-29,47100,48500,47000,48050,1750952,0.022340425531914843
2014-12-30,48300,48500,47500,47750,1159390,-0.00624349635796051
2015-01-02,47950,48400,47650,47750,1155944,0.0
2015-01-05,48050,48400,47500,47650,1409146,-0.0020942408376963817
2015-01-06,47000,47600,46900,47500,1661196,-0.0031479538300105414
2015-01-07,46700,47600,46700,47400,1821266,-0.002105263157894721
2015-01-08,48250,50000,47900,49950,5006675,0.053797468354430444
2015-01-09,50700,51400,49700,49700,3313929,-0.005005005005005003
2015-01-12,50000,50500,49450,50300,1709997,0.012072434607645954
2015-01-13,48500,49650,48500,49000,3047952,-0.025844930417495027
2015-01-14,48900,49850,48850,48900,2241954,-0.0020408163265306367
2015-01-15,48900,49500,48850,49500,1468474,0.012269938650306678
2015-01-16,48450,48900,47250,47450,4820176,-0.04141414141414146
2015-01-19,47500,47950,46800,47000,3180759,-0.009483667017913588
2015-01-20,47250,47650,46800,47050,2211331,0.0010638297872340718
2015-01-21,47500,48200,47400,48050,2156709,0.02125398512221044
2015-01-22,48100,48450,47000,47000,2905955,-0.02185223725286156
2015-01-23,47600,47750,47200,47500,1572903,0.010638297872340496
2015-01-26,47250,48300,47000,48250,1410144,0.015789473684210575
2015-01-27,49350,49350,48800,49150,2292330,0.01865284974093262
2015-01-28,49150,49300,48200,49200,2333159,0.0010172939979653517
2015-01-29,48500,49200,47300,47400,5020783,-0.03658536585365857
2015-01-30,48000,48000,47300,47650,2743159,0.0052742616033756295
2015-02-02,47300,47600,46350,46600,3258140,-0.022035676810073457
2015-02-03,46450,47450,46450,46700,2513399,0.0021459227467810482
2015-02-04,47400,47450,47000,47300,1823018,0.012847965738758127
2015-02-05,47300,47400,46300,47150,1984849,-0.003171247357293905
2015-02-06,47100,47200,45200,45500,4547785,-0.03499469777306474
2015-02-09,45300,45950,45000,45200,2741040,-0.00659340659340657
2015-02-10,45250,45800,45050,45150,2254222,-0.0011061946902655162
2015-02-11,45900,47050,45650,46850,3231887,0.037652270210409844
2015-02-12,47450,47500,46600,46650,1903965,-0.004268943436499417
2015-02-13,47000,47450,46750,47050,1354556,0.008574490889603492
2015-02-16,47550,47550,47200,47500,1534022,0.009564293304994642
2015-02-17,47350,47450,46300,46450,1677139,-0.02210526315789474
2015-02-23,46500,47200,46400,47200,2273267,0.016146393972013007
2015-02-24,47900,47900,47200,47600,1880503,0.008474576271186418
2015-02-25,47200,47400,46400,46500,2633709,-0.02310924369747902
2015-02-26,46750,47200,46450,47100,1938544,0.012903225806451646
2015-02-27,47000,47300,46250,46600,2344677,-0.010615711252653925
2015-03-02,46850,46900,46300,46850,2246166,0.005364806866952732
2015-03-03,47150,47500,46650,47300,2100433,0.009605122732123883
2015-03-04,47300,47300,45700,45900,4160256,-0.029598308668076112
2015-03-05,45650,46100,45250,45500,2214809,-0.008714596949891074
2015-03-06,46050,46400,45950,46200,1877771,0.01538461538461533
2015-03-09,45450,45750,44850,45100,3175721,-0.023809523809523836
2015-03-10,45200,45500,43100,44150,5232109,-0.02106430155210648
2015-03-11,43500,44000,43150,43400,4527681,-0.016987542468856143
2015-03-12,43400,44100,43250,43250,3929253,-0.003456221198156695
2015-03-13,43350,44150,43350,44100,1962212,0.01965317919075149
2015-03-16,44400,46000,44400,45800,4031380,0.038548752834467015
2015-03-17,46100,46450,45850,46250,2790117,0.009825327510917026
2015-03-18,46250,46400,45600,46250,2790286,0.0
2015-03-19,46950,47000,46300,46400,1983215,0.00324324324324321
2015-03-20,46450,46850,45850,46850,1948819,0.00969827586206895
2015-03-23,47100,48200,47050,48150,3781841,0.0277481323372466
2015-03-24,47700,48200,47550,48000,2155547,-0.0031152647975077885
2015-03-25,48000,48350,47850,48300,1830867,0.006250000000000089
2015-03-26,47250,47500,46550,47000,4469503,-0.026915113871635588
2015-03-27,46150,46400,45400,45800,4492231,-0.025531914893617058
2015-03-30,46000,46350,45100,45500,2776997,-0.0065502183406113135
2015-03-31,46300,46350,45450,45550,2399612,0.001098901098901095
2015-04-01,45950,46200,44900,45000,2051147,-0.01207464324917673
2015-04-02,44550,45350,44100,44800,3148519,-0.004444444444444473
2015-04-03,44300,44800,44000,44200,2834100,-0.013392857142857095
2015-04-06,44450,45100,44250,44750,2068077,0.012443438914027105
2015-04-07,45000,45050,43500,43950,3691912,-0.01787709497206702
2015-04-08,43900,44150,42450,42600,5694496,-0.030716723549488067
2015-04-09,42000,42550,41550,41900,5892744,-0.016431924882629123
2015-04-10,42850,43800,42700,43600,6518647,0.04057279236276856
2015-04-13,44400,44500,43800,44200,3362917,0.013761467889908285
2015-04-14,44250,44400,43700,44000,2134645,-0.004524886877828038
2015-04-15,44000,44500,44000,44300,2146331,0.006818181818181834
2015-04-16,44750,44900,44150,44500,2096120,0.004514672686230181
2015-04-17,44700,44750,44050,44550,2153757,0.0011235955056179137
2015-04-20,44100,44400,43600,44250,2355455,-0.006734006734006703
2015-04-21,44600,45500,44250,45150,3270598,0.02033898305084736
2015-04-22,45700,46100,45250,45250,3816002,0.00221483942414169
2015-04-23,46400,46800,45650,45800,4995010,0.012154696132596676
2015-04-24,46700,47250,46500,47200,4400132,0.03056768558951961
2015-04-27,47300,47500,45400,45800,3688453,-0.029661016949152574
2015-04-28,46150,46950,45700,46950,2311231,0.025109170305676942
2015-04-29,47050,47400,46300,46900,2422884,-0.0010649627263046302
2015-04-30,46900,46900,45650,46150,2419318,-0.015991471215351827
2015-05-04,46500,47100,46400,46800,2239896,0.014084507042253502
2015-05-06,46300,46350,45000,45300,3291950,-0.03205128205128205
2015-05-07,44850,46000,44550,45900,2142745,0.013245033112582849
2015-05-08,45300,46300,45050,45950,1695019,0.0010893246187364536
2015-05-11,46100,46700,46000,46300,1592730,0.007616974972796564
2015-05-12,46300,47250,46000,46050,2364231,-0.005399568034557212
2015-05-13,46100,46150,45200,45250,1896100,-0.017372421281216077
2015-05-14,45650,46050,45200,45550,1889682,0.006629834254143541
2015-05-15,45750,45950,45200,45300,1215027,-0.005488474204171201
2015-05-18,45100,45450,44400,45450,2195599,0.0033112582781456013
2015-05-19,45650,46150,45500,46100,1510095,0.014301430143014215
2015-05-20,46500,46900,46400,46850,1784488,0.01626898047722336
2015-05-21,47000,47500,46200,46350,1880002,-0.01067235859124871
2015-05-22,46750,47850,46350,47850,3953338,0.032362459546925626
2015-05-26,48500,49150,47800,48000,3594626,0.0031347962382444194
2015-05-27,48000,48800,47500,48450,3441135,0.009374999999999911
2015-05-28,49450,50000,49150,49650,5512264,0.024767801857585203
2015-05-29,49350,51300,49200,51100,6512595,0.02920443101711978
2015-06-01,50600,50900,49550,50600,4623131,-0.009784735812133127
2015-06-02,50700,51500,50300,51200,2173205,0.011857707509881354
2015-06-03,51000,51700,49600,49800,2724813,-0.02734375
2015-06-04,49500,49600,48100,48300,3262007,-0.030120481927710885
2015-06-05,48300,49550,48150,49050,2134371,0.01552795031055898
2015-06-08,48600,48800,48000,48050,1954503,-0.020387359836901098
2015-06-09,47750,48300,47200,48000,2168902,-0.0010405827263267886
2015-06-10,48000,48000,47500,47500,2649918,-0.01041666666666663
2015-06-11,47800,47900,47050,47100,2696182,-0.008421052631578996
2015-06-12,47750,47800,46450,46550,2307036,-0.011677282377919318
2015-06-15,46550,47100,46050,46150,1775422,-0.008592910848549962
2015-06-16,45250,45300,44200,44200,6161260,-0.04225352112676062
2015-06-17,44250,45250,44250,44950,3461566,0.016968325791855143
2015-06-18,44900,44950,44300,44300,2225236,-0.014460511679644017
2015-06-19,44350,44550,43500,43550,3858378,-0.0169300225733634
2015-06-22,43800,44150,43550,43850,2843715,0.006888633754305484
2015-06-23,44350,44600,44000,44150,2676531,0.0068415051311288
2015-06-24,44250,44250,43150,43350,2694795,-0.01812004530011324
2015-06-25,43100,43400,42800,43100,3270655,-0.005767012687427964
2015-06-26,41550,42250,41550,42000,7935060,-0.025522041763341052
2015-06-29,41000,43050,40600,42600,4892150,0.014285714285714235
2015-06-30,42650,42800,41950,42300,2598797,-0.007042253521126751
2015-07-01,42800,43200,42250,42800,2126825,0.011820330969267046
2015-07-02,43000,43000,42000,42100,2592544,-0.016355140186915862
2015-07-03,42700,43100,42200,42650,2903385,0.013064133016627011
2015-07-06,42000,42050,40350,40750,4533535,-0.04454865181711609
2015-07-07,41200,41850,41000,41350,3183795,0.014723926380368013
2015-07-08,41100,41300,40750,40900,3335846,-0.010882708585247869
2015-07-09,40400,41050,39600,40950,3018029,0.0012224938875304847
2015-07-10,41250,41300,40350,40850,2738522,-0.0024420024420024333
2015-07-13,41450,41850,40500,40550,3707444,-0.007343941248470043
2015-07-14,40600,40650,37800,37850,15180511,-0.06658446362515413
2015-07-15,38400,39400,38350,39300,8281669,0.03830911492734468
2015-07-16,39000,39500,38650,39450,2373825,0.003816793893129722
2015-07-17,39500,40500,38700,39950,3352178,0.012674271229404344
2015-07-20,40150,40350,38650,38650,2535208,-0.03254067584480602
2015-07-21,38950,39350,38500,39050,2531422,0.010349288486416475
2015-07-22,39000,39000,37750,38200,3986610,-0.0217669654289373
2015-07-23,40000,40300,38600,39000,8215778,0.020942408376963373
2015-07-24,39250,39450,38500,38550,3411382,-0.011538461538461497
2015-07-27,38500,38850,36850,37250,4142170,-0.03372243839169908
2015-07-28,36500,37650,36500,37100,3657208,-0.004026845637583931
2015-07-29,37450,37600,36800,37000,3040352,-0.0026954177897574594
2015-07-30,36550,36800,34050,34500,9328208,-0.06756756756756754
2015-07-31,34800,37100,34750,37100,7074785,0.07536231884057965
2015-08-03,36500,37100,35500,35950,5481242,-0.030997304582210283
2015-08-04,35450,37950,35450,37250,4060733,0.03616133518776077
2015-08-05,37850,38300,37000,37300,3330999,0.0013422818791946067
2015-08-06,37750,37750,36050,36100,3888988,-0.03217158176943702
2015-08-07,35650,36450,35050,36200,3381532,0.0027700831024930483
2015-08-10,36200,36400,35750,36300,1336480,0.0027624309392264568
2015-08-11,36300,37200,36100,36100,2890084,-0.0055096418732781816
2015-08-12,35600,36400,35400,35800,2824462,-0.008310249307479256
2015-08-13,35900,36900,35850,36900,2748437,0.030726256983240274
2015-08-17,37300,37400,35650,35650,3808016,-0.03387533875338755
2015-08-18,35800,36400,34700,35050,4706366,-0.016830294530154277
2015-08-19,34500,34800,32650,33000,8813242,-0.05848787446504988
2015-08-20,33050,33550,32850,33050,4588759,0.0015151515151514694
2015-08-21,31400,32250,31400,32000,6084203,-0.0317700453857791
2015-08-24,31600,32350,30300,31050,8593829,-0.029687499999999978
2015-08-25,31300,33950,31300,33500,11821629,0.07890499194847012
2015-08-26,33500,34200,32850,33450,6534943,-0.0014925373134327957
2015-08-27,34200,35500,34150,35500,7063277,0.06128550074738426
2015-08-28,36550,37700,36300,36900,7382006,0.03943661971830981
2015-08-31,36850,36850,35650,35800,4408499,-0.02981029810298108
2015-09-01,35150,35450,34200,34400,6442285,-0.03910614525139666
2015-09-02,33500,34600,33350,34350,4161070,-0.0014534883720930258
2015-09-03,34850,35700,34700,35400,4222565,0.03056768558951961
2015-09-04,35500,35950,34650,34850,2438126,-0.015536723163841804
2015-09-07,34800,35100,34300,34750,1624613,-0.0028694404591105283
2015-09-08,35000,35100,34600,34750,1494929,0.0
2015-09-09,35800,36500,35650,36000,3035809,0.03597122302158273
2015-09-10,35400,35950,35400,35950,3079224,-0.001388888888888884
2015-09-11,35450,35750,35000,35000,3242067,-0.026425591098748313
2015-09-14,35300,35450,34350,34600,2163452,-0.011428571428571455
2015-09-15,34500,34600,33350,33600,3880824,-0.028901734104046284
2015-09-16,33800,35350,33800,35100,3876376,0.044642857142857206
2015-09-17,35750,36450,35350,36150,4734065,0.029914529914529808
2015-09-18,36400,36450,35450,35750,3267741,-0.011065006915629283
2015-09-21,35200,35250,34700,34800,2538367,-0.02657342657342654
2015-09-22,34900,35150,34700,34900,2004067,0.002873563218390718
2015-09-23,34500,35250,34350,34700,1641929,-0.005730659025787954
2015-09-24,34900,34950,33600,33850,4172759,-0.02449567723342938
2015-09-25,33750,34400,33400,34350,2813254,0.01477104874446078
2015-09-30,33700,33800,33350,33550,4158644,-0.02328966521106257
2015-10-01,33750,33950,33500,33700,3667742,0.0044709388971684305
2015-10-02,34200,34750,33800,34550,3052650,0.02522255192878342
2015-10-05,35250,35950,35100,35350,4367169,0.02315484804630974
2015-10-06,36300,37200,36250,37200,5944141,0.05233380480905225
2015-10-07,37050,37700,36800,37300,3879936,0.0026881720430107503
2015-10-08,38000,38100,36600,37550,3824312,0.006702412868632601
2015-10-12,37550,37550,36700,36850,2519174,-0.018641810918774926
2015-10-13,36800,37150,35800,36000,2961513,-0.023066485753052923
2015-10-14,36300,37050,35900,36400,3720738,0.011111111111111072
2015-10-15,35950,36800,35850,36750,2943506,0.009615384615384581
2015-10-16,36900,37050,36000,36100,1899386,-0.017687074829931926
2015-10-19,36150,36200,35600,35750,1967828,-0.00969529085872578
2015-10-20,36000,36150,35250,35700,2686193,-0.0013986013986013734
2015-10-21,35000,35000,33600,33650,9957394,-0.05742296918767509
2015-10-22,33200,33450,31850,31950,10914420,-0.050520059435364084
2015-10-23,32400,32950,32050,32100,6341772,0.0046948356807512415
2015-10-26,32350,33100,32300,32900,3326112,0.024922118380062308
2015-10-27,32100,32650,32050,32150,3535671,-0.022796352583586588
2015-10-28,32150,32450,31400,31450,4322506,-0.021772939346811793
2015-10-29,31700,32150,31300,31450,4273016,0.0
2015-10-30,31150,31200,30450,30700,4640184,-0.02384737678855331
2015-11-02,30700,32250,30400,32150,4493014,0.04723127035830621
2015-11-03,32500,33000,31550,31900,4453120,-0.007776049766718529
2015-11-04,32500,32700,32100,32600,3276995,0.021943573667711602
2015-11-05,32350,32700,32200,32650,1928001,0.0015337423312884457
2015-11-06,32350,32400,31050,31200,5219855,-0.0444104134762634
2015-11-09,30900,31300,30400,31250,3563095,0.0016025641025640969
2015-11-10,30850,31350,30600,31150,2724051,-0.0031999999999999806
2015-11-11,30700,31200,30550,31000,2898877,-0.0048154093097912964
2015-11-12,30950,31000,30700,30700,1537585,-0.009677419354838679
2015-11-13,30500,31600,30500,31150,1962129,0.014657980456026065
2015-11-16,30600,30950,30500,30500,2351453,-0.020866773675762396
2015-11-17,31050,31150,30600,30600,1935683,0.003278688524590123
2015-11-18,30600,30800,30050,30550,3137103,-0.0016339869281045694
2015-11-19,30800,31600,30700,31200,2525784,0.02127659574468077
2015-11-20,31500,31750,31000,31000,2097039,-0.0064102564102563875
2015-11-23,31150,31250,30600,30650,2430154,-0.011290322580645107
2015-11-24,30600,30850,30100,30200,3308696,-0.014681892332789603
2015-11-25,30400,32000,30400,31900,6941459,0.056291390728476776
2015-11-26,32400,34150,32250,32750,13223992,0.026645768025078453
2015-11-27,33200,33600,32000,32000,3890920,-0.022900763358778664
2015-11-30,32050,32650,31600,31600,3917877,-0.012499999999999956
2015-12-01,31650,31650,30900,31350,3752942,-0.007911392405063333
2015-12-02,31550,31900,31200,31200,2731791,-0.004784688995215336
2015-12-03,31050,31350,30850,31150,1730137,-0.0016025641025640969
2015-12-04,30700,31450,30600,31200,2125421,0.0016051364365972098
2015-12-07,31450,31700,30700,30700,2238378,-0.01602564102564108
2015-12-08,30500,30750,30050,30200,2483443,-0.016286644951140072
2015-12-09,30100,30550,30100,30250,1524501,0.0016556291390728006
2015-12-10,30200,30550,30050,30300,3145787,0.0016528925619834212
2015-12-11,30200,30550,29600,29850,2725258,-0.014851485148514865
2015-12-14,29000,29350,28550,29000,3669577,-0.028475711892797295
2015-12-15,29050,29600,28800,29400,2006190,0.01379310344827589
2015-12-16,30050,30500,29900,30400,2601080,0.03401360544217691
2015-12-17,30250,30550,29800,30250,2210682,-0.004934210526315819
2015-12-18,29800,30700,29800,30600,2854920,0.011570247933884392
2015-12-21,30450,30800,30250,30500,1576561,-0.0032679738562091387
2015-12-22,31000,32200,30800,32200,6861264,0.05573770491803276
2015-12-23,32100,33000,31900,32700,5331047,0.01552795031055898
2015-12-24,32950,33150,31700,31700,3624175,-0.030581039755351647
2015-12-28,31750,31850,30900,30900,2535636,-0.025236593059936863
2015-12-29,30900,31550,30800,31200,1965713,0.009708737864077666
2015-12-30,31100,31450,30550,30750,1801261,-0.014423076923076872
2016-01-04,30550,30750,30150,30150,1878039,-0.019512195121951237
2016-01-05,30500,31200,30350,30600,2482905,0.014925373134328401
2016-01-06,30600,30900,30300,30750,2461593,0.004901960784313708
2016-01-07,30400,30750,30200,30200,2424880,-0.01788617886178867
2016-01-08,29800,30100,29550,29700,3967121,-0.01655629139072845
2016-01-11,29400,29500,28600,28650,5358223,-0.03535353535353536
2016-01-12,28600,28900,27700,27800,4418384,-0.029668411867364797
2016-01-13,28100,28450,28000,28100,3481523,0.010791366906474753
2016-01-14,27300,27900,27200,27900,3957935,-0.007117437722419906
2016-01-15,27950,28300,26800,26800,5431851,-0.03942652329749108
2016-01-18,25900,27000,25800,26700,3658921,-0.003731343283582045
2016-01-19,26700,28300,26700,28300,4291742,0.059925093632958726
2016-01-20,28050,28100,26750,26800,4186899,-0.05300353356890464
2016-01-21,26600,27250,26600,26600,2840628,-0.007462686567164201
2016-01-22,27200,27600,27000,27150,2361216,0.020676691729323293
2016-01-25,27550,28200,27300,28000,2977310,0.03130755064456725
2016-01-26,28000,29100,27750,27850,5351814,-0.005357142857142838
2016-01-27,28100,28350,27250,27650,3205822,-0.007181328545781018
2016-01-28,27450,27750,26850,27650,3035447,0.0
2016-01-29,27250,27350,26950,27300,2898720,-0.012658227848101222
2016-02-01,28100,28650,27700,28400,4767927,0.04029304029304037
2016-02-02,28450,28800,28150,28450,2865209,0.0017605633802817433
2016-02-03,27600,27850,27200,27450,2705269,-0.03514938488576447
2016-02-04,27700,28150,27600,28100,2459305,0.023679417122040025
2016-02-05,28100,28350,27900,28100,1484771,0.0
2016-02-11,27000,27400,26950,27150,2468082,-0.03380782918149461
2016-02-12,26850,27750,26850,27350,2429857,0.007366482504604033
2016-02-15,27750,28200,27500,27700,2162111,0.01279707495429605
2016-02-16,27850,29000,27800,28900,3851681,0.04332129963898912
2016-02-17,29250,30300,29150,30050,6106318,0.03979238754325265
2016-02-18,30550,30850,29800,30200,2972873,0.004991680532445919
2016-02-19,29950,30050,29250,29600,2336536,-0.019867549668874163
2016-02-22,29400,30000,29400,29900,1366180,0.010135135135135087
2016-02-23,30100,30600,30000,30400,2123648,0.01672240802675584
2016-02-24,31050,31250,30600,30900,3480563,0.016447368421052655
2016-02-25,31400,31500,30650,30800,2527297,-0.003236245954692518
2016-02-26,31000,31100,30450,30800,1282277,0.0
2016-02-29,30800,30900,29600,30000,2989861,-0.025974025974025983
2016-03-02,31050,31300,30650,30950,3567312,0.03166666666666673
2016-03-03,31550,32000,31100,31950,3898363,0.03231017770597733
2016-03-04,31800,32100,31550,31900,1913316,-0.0015649452269170805
2016-03-07,32150,32250,31500,31900,3487206,0.0
2016-03-08,31200,31500,30300,30500,4616147,-0.043887147335423204
2016-03-09,29900,30550,29650,30550,3503375,0.0016393442622950616
2016-03-10,30550,30650,30150,30300,2734070,-0.008183306055646433
2016-03-11,29900,30850,29900,30700,2117430,0.013201320132013139
2016-03-14,31100,31100,30250,30350,2062549,-0.01140065146579805
2016-03-15,30350,30550,29750,29900,2078857,-0.014827018121911006
2016-03-16,29900,29950,29050,29200,2902896,-0.02341137123745818
2016-03-17,29350,29750,29100,29250,2768278,0.001712328767123239
2016-03-18,29500,29900,29250,29450,2864640,0.006837606837606813
2016-03-21,29800,29850,29300,29550,1783055,0.00339558573853993
2016-03-22,29700,30200,29550,30200,2546366,0.021996615905245376
2016-03-23,30100,30450,29850,30250,1868041,0.0016556291390728006
2016-03-24,29850,29900,29350,29450,3587082,-0.026446280991735516
2016-03-25,29450,29500,28900,29150,1978956,-0.01018675721561968
2016-03-28,29000,29050,28150,28550,2795412,-0.020583190394511175
2016-03-29,28850,29150,28700,28900,2343876,0.012259194395796813
2016-03-30,29150,29500,28650,28650,3512889,-0.00865051903114189
2016-03-31,28700,28850,28000,28150,4336581,-0.017452006980802848
2016-04-01,28450,28500,28050,28200,2991431,0.001776198934280604
2016-04-04,28100,28150,27800,27900,2823088,-0.010638297872340385
2016-04-05,27900,28100,27600,27850,2032745,-0.0017921146953404632
2016-04-06,27550,27850,27450,27500,2410844,-0.012567324955116699
2016-04-07,27450,27450,26750,26900,4588396,-0.021818181818181848
2016-04-08,26950,27800,26900,27800,3718690,0.03345724907063197
2016-04-11,27600,27700,27150,27150,2425426,-0.023381294964028743
2016-04-12,27200,27550,27100,27150,1850577,0.0
2016-04-14,27600,27850,27250,27250,4761215,0.0036832412523020164
2016-04-15,27450,27800,27350,27650,2785108,0.014678899082568808
2016-04-18,28000,28150,27200,27200,3861103,-0.016274864376130238
2016-04-19,27500,27550,27350,27450,1843729,0.009191176470588314
2016-04-20,27500,28000,27500,27550,3231788,0.0036429872495447047
2016-04-21,27700,27950,27500,27550,2999400,0.0
2016-04-22,27450,27800,27350,27500,1556764,-0.001814882032667886
2016-04-25,27650,27800,27350,27500,1506644,0.0
2016-04-26,27550,29200,27550,29150,7750203,0.06000000000000005
2016-04-27,29300,29750,29000,29150,6213757,0.0
2016-04-28,29100,29150,27850,27900,6766879,-0.04288164665523153
2016-04-29,27700,28250,27500,28150,2878692,0.008960573476702427
2016-05-02,27950,28300,27750,27850,1306092,-0.010657193605683846
2016-05-03,27950,28100,27650,27650,1373116,-0.007181328545781018
2016-05-04,27450,27500,26500,26650,4388484,-0.03616636528028938
2016-05-09,26150,26550,25700,25750,5291220,-0.0337711069418386
2016-05-10,25750,26400,25750,26400,2564593,0.025242718446601975
2016-05-11,26500,26550,26100,26200,1735332,-0.007575757575757569
2016-05-12,26050,26250,25850,26100,1759282,-0.003816793893129722
2016-05-13,26100,26250,25900,26100,1849910,0.0
2016-05-16,26100,26300,25900,26100,1337159,0.0
2016-05-17,26250,26300,25900,25900,1545947,-0.007662835249042099
2016-05-18,25800,26400,25650,26200,2474774,0.01158301158301156
2016-05-19,26750,26900,26400,26600,4367007,0.01526717557251911
2016-05-20,26600,26650,26250,26300,2245019,-0.011278195488721776
2016-05-23,26800,27450,26650,27200,4534043,0.034220532319391594
2016-05-24,27350,27350,26700,26850,2428278,-0.012867647058823484
2016-05-25,27450,27450,26950,27050,2250906,0.007448789571694592
2016-05-26,27150,27200,26850,27000,1938084,-0.001848428835489857
2016-05-27,27200,28750,27150,28650,7719656,0.061111111111111116
2016-05-30,28850,29400,28650,29000,5492886,0.01221640488656206
2016-05-31,28650,29000,28200,28700,5414611,-0.010344827586206917
2016-06-01,28850,29000,28400,28500,3630711,-0.006968641114982632
2016-06-02,28600,29050,28000,28050,3443745,-0.015789473684210575
2016-06-03,28150,28450,27400,27600,3680988,-0.016042780748663055
2016-06-07,27700,28750,27650,28650,4435065,0.03804347826086962
2016-06-08,29050,29300,28450,28550,3940058,-0.003490401396160525
2016-06-09,28700,29400,28650,29000,5336122,0.015761821366024442
2016-06-10,29150,29200,28700,29000,2413698,0.0
2016-06-13,28650,28700,28000,28350,2607031,-0.022413793103448265
2016-06-14,28150,29300,28150,29050,3490535,0.024691358024691468
2016-06-15,29350,30150,29300,29950,5751526,0.030981067125645412
2016-06-16,30250,30400,29350,29650,3687253,-0.01001669449081799
2016-06-17,30000,30000,28750,29000,2891783,-0.021922428330522714
2016-06-20,29800,30050,29050,30050,4501015,0.036206896551724155
2016-06-21,30050,30150,29550,29800,2376833,-0.008319467554076532
2016-06-22,30200,30950,30000,30950,5122638,0.038590604026845554
2016-06-23,30900,31800,30850,31750,7147499,0.025848142164781818
2016-06-24,32800,33100,30450,31800,16852175,0.0015748031496063408
2016-06-27,31350,32050,31050,32050,6146337,0.007861635220125729
2016-06-28,31150,31600,30650,31150,5072467,-0.02808112324492984
2016-06-29,31800,32200,31700,31800,3801424,0.020866773675762396
2016-06-30,32000,32550,31700,32400,4558372,0.018867924528301883
2016-07-01,31800,32700,31600,32150,5289586,-0.007716049382716084
2016-07-04,32250,32900,32050,32750,3192033,0.018662519440124425
2016-07-05,32650,32650,31850,31850,2577231,-0.027480916030534375
2016-07-06,31100,31350,30300,30600,6314347,-0.039246467817896424
2016-07-07,30750,31350,30600,30650,2715183,0.0016339869281045694
2016-07-08,30700,31250,30550,31050,2424460,0.013050570962479524
2016-07-11,31750,32300,31650,32000,3938161,0.03059581320450877
2016-07-12,32250,32300,31550,32000,2523664,0.0
2016-07-13,32700,32950,32450,32650,3779418,0.020312499999999956
2016-07-14,32500,33300,32450,33050,3145494,0.012251148545176171
2016-07-15,33300,33500,32650,32700,2580255,-0.010590015128593033
2016-07-18,32900,33100,32500,32750,1515167,0.001529051987767538
2016-07-19,32900,33000,31950,32450,2340759,-0.009160305343511421
2016-07-20,32300,32400,31850,32100,1775583,-0.01078582434514641
2016-07-21,32400,32800,32100,32150,1879147,0.0015576323987538387
2016-07-22,32150,32150,31200,32000,2442893,-0.004665629860031051
2016-07-25,32300,32650,32150,32500,2147590,0.015625
2016-07-26,32400,32400,31100,32050,5028045,-0.013846153846153841
2016-07-27,32600,33450,32550,33450,4762165,0.043681747269890714
2016-07-28,33150,33550,33000,33550,3586965,0.002989536621823552
2016-07-29,33550,34400,33450,34400,4660512,0.0253353204172877
2016-08-01,34700,35300,34600,34850,3274413,0.013081395348837122
2016-08-02,34600,34700,33650,33750,2123735,-0.031563845050215256
2016-08-03,33300,34400,33000,33550,2698841,-0.00592592592592589
2016-08-04,33950,34200,33350,33650,1477680,0.0029806259314455463
2016-08-05,34300,34900,33950,34800,2830058,0.034175334323922835
2016-08-08,35150,35250,34400,34950,2157854,0.004310344827586299
2016-08-09,34850,35200,34450,35050,2112078,0.0028612303290413976
2016-08-10,34900,35000,33650,33800,3193311,-0.03566333808844513
2016-08-11,33700,34800,33450,34800,2980478,0.029585798816567976
2016-08-12,34450,35100,34200,34350,2437735,-0.012931034482758674
2016-08-16,34950,34950,33700,33700,2883043,-0.018922852983988325
2016-08-17,33750,33900,32900,33550,2083372,-0.004451038575667643
2016-08-18,33550,34250,33550,34150,1855081,0.017883755588673722
2016-08-19,34400,35400,34200,35400,4683750,0.03660322108345526
2016-08-22,35500,36050,35250,36000,4149396,0.016949152542372836
2016-08-23,36250,36300,35550,35600,3014421,-0.011111111111111072
2016-08-24,35900,35950,35300,35750,1689924,0.004213483146067398
2016-08-25,35100,35750,34900,35700,1568516,-0.0013986013986013734
2016-08-26,35850,36350,35750,36250,2635343,0.01540616246498594
2016-08-29,35350,36400,35300,36250,2782441,0.0
2016-08-30,36800,36950,35550,36300,2766460,0.0013793103448276334
2016-08-31,36400,36450,35750,36450,2832970,0.004132231404958775
2016-09-01,36400,36400,35700,36100,1713669,-0.009602194787380003
2016-09-02,36100,36700,35950,36650,1828390,0.015235457063711877
2016-09-05,36900,37500,36850,37500,2337575,0.023192360163710735
2016-09-06,37750,38000,37350,38000,2123160,0.01333333333333342
2016-09-07,38200,38800,37900,37900,3786844,-0.0026315789473684292
2016-09-08,37900,38700,37900,38700,3698781,0.02110817941952514
2016-09-09,38550,39000,38350,38950,2748415,0.006459948320413522
2016-09-12,37500,38300,37000,37000,4885896,-0.05006418485237485
2016-09-13,37600,38300,37500,37800,3928646,0.021621621621621623
2016-09-19,38700,39450,38250,39200,5283684,0.03703703703703698
2016-09-20,39200,39450,38750,39250,2594490,0.0012755102040815647
2016-09-21,39000,39150,38650,39150,1731450,-0.002547770700636942
2016-09-22,39800,39800,39150,39400,3214630,0.0063856960408683605
2016-09-23,39550,39650,39050,39350,2095120,-0.0012690355329949554
2016-09-26,39350,39500,38800,39500,1669862,0.003811944091486552
2016-09-27,39400,41150,39150,41150,4001505,0.04177215189873418
2016-09-28,41300,42000,40950,41200,4189804,0.0012150668286756705
2016-09-29,40600,40750,40150,40200,3976705,-0.024271844660194164
2016-09-30,39750,40950,39600,40200,3764773,0.0
2016-10-04,41500,41800,41000,41800,3639803,0.03980099502487566
2016-10-05,42150,42950,41200,42600,4387312,0.019138755980861344
2016-10-06,43100,43150,42400,42550,2815496,-0.0011737089201877549
2016-10-07,42700,42700,41900,42200,2637734,-0.008225616921269108
2016-10-10,42200,42500,41200,41300,2916252,-0.021327014218009532
2016-10-11,41300,42000,41100,41300,2810503,0.0
2016-10-12,41000,41900,41000,41250,3521492,-0.001210653753026647
2016-10-13,41450,41700,40950,40950,3638071,-0.0072727272727273196
2016-10-14,41300,41900,41200,41550,2708972,0.0146520146520146
2016-10-17,41750,42300,41400,42300,2314725,0.018050541516245522
2016-10-18,42200,42300,41300,41650,2559222,-0.015366430260047248
2016-10-19,41150,41450,39850,40050,5033246,-0.038415366146458574
2016-10-20,40250,40300,38850,40050,5423960,0.0
2016-10-21,39500,41000,39500,40950,2436212,0.022471910112359605
2016-10-24,41000,41150,39850,40150,2211109,-0.019536019536019578
2016-10-25,40350,41650,40200,41050,4469224,0.022415940224159492
2016-10-26,41300,42900,41300,42900,6364037,0.045066991473812434
2016-10-27,42900,43600,42600,43000,4814197,0.002331002331002363
2016-10-28,42700,42950,42100,42450,2251179,-0.01279069767441865
2016-10-31,42500,42900,41000,41000,3297943,-0.0341578327444052
2016-11-01,41700,42350,41600,42000,3173446,0.024390243902439046
2016-11-02,41250,41400,40450,41000,2822651,-0.023809523809523836
2016-11-03,40900,41700,40700,41150,2580396,0.003658536585365857
2016-11-04,41150,41400,40850,41200,2600930,0.0012150668286756705
2016-11-07,41800,42050,41200,41500,2033220,0.00728155339805836
2016-11-08,42100,42150,41250,41500,1882987,0.0
2016-11-09,41650,41750,38700,39650,5779291,-0.04457831325301209
2016-11-10,41000,41050,40500,41000,2520434,0.034047919293821005
2016-11-11,40000,40450,39550,39850,2962651,-0.028048780487804903
2016-11-14,40000,40450,39700,39700,1589911,-0.0037641154328732496
2016-11-15,39700,40400,39500,39700,2030086,0.0
2016-11-16,40450,41000,40250,40850,2101878,0.02896725440806036
2016-11-17,41500,41900,41200,41900,2383464,0.025703794369644983
2016-11-18,42300,42400,41700,42000,3331134,0.0023866348448686736
2016-11-21,41800,41900,40650,40750,1883627,-0.029761904761904767
2016-11-22,41250,42800,41200,42700,3306186,0.047852760736196265
2016-11-23,43000,43900,42550,43050,4047443,0.008196721311475308
2016-11-24,43350,43850,42500,42650,1789745,-0.009291521486643473
2016-11-25,43050,43300,42250,42600,1328958,-0.0011723329425556983
2016-11-28,42400,43250,42100,42600,1513215,0.0
2016-11-29,42400,43100,41800,42400,1777480,-0.0046948356807511304
2016-11-30,42900,43800,42650,42900,4325524,0.011792452830188704
2016-12-01,43000,44400,43000,44200,3491185,0.030303030303030276
2016-12-02,43350,44500,43300,44400,4244113,0.004524886877828038
2016-12-05,44050,44600,43800,44400,1703219,0.0
2016-12-06,44700,45500,44600,45200,3099065,0.018018018018018056
2016-12-07,45750,45800,45200,45250,1984369,0.0011061946902655162
2016-12-08,46200,46650,46100,46250,3313157,0.022099447513812098
2016-12-09,46450,46750,45450,45500,3003326,-0.01621621621621616
2016-12-12,45750,45850,44850,45300,1440589,-0.00439560439560438
2016-12-13,44700,45700,44700,44950,1822952,-0.007726269315673329
2016-12-14,45350,46100,45350,45850,2010708,0.020022246941045596
2016-12-15,45850,46050,45000,45600,1828843,-0.005452562704471142
2016-12-16,45800,46450,45700,46400,2100809,0.01754385964912286
2016-12-19,46250,46300,45050,45150,1997194,-0.026939655172413812
2016-12-20,45400,45550,44950,45150,1110753,0.0
2016-12-21,45500,45750,45000,45000,1662010,-0.0033222591362126463
2016-12-22,46000,46650,45150,45500,4045912,0.011111111111111072
2016-12-23,46200,46400,45950,46300,2982024,0.01758241758241752
2016-12-26,46200,46600,45250,45650,1603230,-0.01403887688984884
2016-12-27,45550,45950,45400,45650,1175619,0.0
2016-12-28,45350,45750,45100,45350,1296254,-0.006571741511500528
2016-12-29,45150,45200,44600,44700,1808856,-0.01433296582138921
2017-01-02,44750,46000,44600,45800,1547681,0.02460850111856816
2017-01-03,46200,47300,46200,47250,2655477,0.031659388646288145
2017-01-04,47000,47150,46200,46500,2722599,-0.015873015873015928
2017-01-05,47000,47500,46850,46950,2377163,0.00967741935483879
2017-01-06,47700,48450,47600,48000,3166843,0.022364217252396124
2017-01-09,48500,49750,48200,49550,3871999,0.03229166666666661
2017-01-10,49850,50200,49200,49750,2561968,0.004036326942482349
2017-01-11,50000,51900,50000,51600,4360058,0.0371859296482413
2017-01-12,51600,51600,50400,50600,5060622,-0.019379844961240345
2017-01-13,49850,50700,49850,50300,4219771,-0.005928853754940677
2017-01-16,50100,50300,48800,49300,4974924,-0.01988071570576544
2017-01-17,49300,50200,49250,49300,2309955,0.0
2017-01-18,48950,49400,48300,48850,2974091,-0.009127789046653123
2017-01-19,49550,50100,49100,49600,2332268,0.01535312180143289
2017-01-20,49700,50100,49150,49150,1943195,-0.009072580645161255
2017-01-23,49950,51000,49900,50800,4148659,0.033570701932858604
2017-01-24,51300,52000,51100,51600,3449130,0.015748031496062964
2017-01-25,52200,52500,51600,51700,2715809,0.0019379844961240345
2017-01-26,52500,53500,52400,53300,4517114,0.030947775628626717
2017-01-31,53300,54500,52700,53700,4118790,0.007504690431519689
2017-02-01,54300,54900,53700,54000,2813046,0.005586592178770999
2017-02-02,53500,54000,52700,52800,3486140,-0.022222222222222254
2017-02-03,52500,53700,51800,53700,3718619,0.017045454545454586
2017-02-06,54200,54400,53300,53700,1897002,0.0
2017-02-07,53800,54500,53100,53300,2405891,-0.007448789571694592
2017-02-08,53700,54600,52400,54600,3552260,0.024390243902439046
2017-02-09,53100,53700,52500,52700,6547266,-0.034798534798534786
2017-02-10,52000,52200,50000,50000,9120878,-0.05123339658444026
2017-02-13,49550,51000,49500,50700,4124290,0.014000000000000012
2017-02-14,51100,51600,48100,48450,8593878,-0.044378698224852076
2017-02-15,48300,48700,47550,47900,8725221,-0.011351909184726505
2017-02-16,48350,49600,48200,49600,4840918,0.035490605427974886
2017-02-17,50400,51100,50200,50400,4927937,0.016129032258064502
2017-02-20,50900,51000,49600,49900,2265276,-0.009920634920634885
2017-02-21,49950,51000,49350,50900,2227708,0.02004008016032066
2017-02-22,51600,51700,50600,50600,2678429,-0.005893909626719096
2017-02-23,50000,50400,49050,50200,3374139,-0.007905138339920903
2017-02-24,49850,50000,47400,47500,7707747,-0.05378486055776888
2017-02-27,46850,47000,45650,46000,7604699,-0.03157894736842104
2017-02-28,46600,47600,46200,46700,5588155,0.01521739130434785
2017-03-02,46850,47850,46800,47700,7093071,0.021413276231263323
2017-03-03,47650,48250,46700,47100,3937032,-0.012578616352201255
2017-03-06,47600,49400,47550,49350,5045970,0.047770700636942776
2017-03-07,49100,49300,48050,48800,3439908,-0.011144883485309065
2017-03-08,48800,49300,47900,48000,3728263,-0.016393442622950838
2017-03-09,48200,48850,48000,48000,2957372,0.0
2017-03-10,48100,49550,47500,49200,3849912,0.02499999999999991
2017-03-13,49550,51100,49300,51000,4948062,0.03658536585365857
2017-03-14,51800,51900,50300,50300,4024138,-0.013725490196078383
2017-03-15,49350,49500,48550,48800,4688787,-0.02982107355864816
2017-03-16,49350,49650,48500,49150,3458839,0.0071721311475410054
2017-03-17,48400,48400,46600,46750,8098258,-0.04883011190233977
2017-03-20,46950,47650,46550,47600,3929405,0.018181818181818077
2017-03-21,47900,48250,47000,47550,3720816,-0.0010504201680672232
2017-03-22,47000,48800,47000,48650,4157526,0.023133543638275578
2017-03-23,48950,49300,48150,48450,2473925,-0.004110996916752319
2017-03-24,50000,50200,49300,49500,5174622,0.021671826625387025
2017-03-27,50000,51100,49950,50700,5607032,0.024242424242424176
2017-03-28,51200,51300,50000,50800,2862493,0.0019723865877712132
2017-03-29,51000,52200,50800,51300,4154277,0.009842519685039353
2017-03-30,51100,51500,50200,50900,2204243,-0.007797270955165692
2017-03-31,50800,50800,49900,50500,2682196,-0.007858546168958758
2017-04-03,50800,51900,50700,51800,2361892,0.025742574257425765
2017-04-04,52100,52200,50800,51000,2192884,-0.015444015444015413
2017-04-05,50600,51000,49950,50300,2758658,-0.013725490196078383
2017-04-06,50300,50500,49100,49400,2991825,-0.017892644135188873
2017-04-07,49450,49800,48700,49800,2645476,0.00809716599190291
2017-04-10,49700,49750,48950,49000,1824895,-0.016064257028112428
2017-04-11,48550,49350,48400,48850,2384127,-0.003061224489795955
2017-04-12,48800,49200,48550,49000,1694663,0.003070624360286489
2017-04-13,49100,50200,48650,49750,2367158,0.015306122448979664
2017-04-14,49750,50700,49450,49800,2845128,0.0010050251256281673
2017-04-17,50200,50300,49100,49200,2002100,-0.012048192771084376
2017-04-18,49600,50400,49300,50200,1899560,0.020325203252032464
2017-04-19,50300,50400,49850,49850,1587172,-0.006972111553784854
2017-04-20,49750,51700,49700,51400,3573280,0.031093279839518484
2017-04-21,51800,52500,51300,52000,3834454,0.011673151750972721
2017-04-24,52700,53200,52100,52400,3158545,0.007692307692307665
2017-04-25,52800,52800,51300,52400,5312931,0.0
2017-04-26,53100,54200,53000,53700,5609007,0.024809160305343525
2017-04-27,53800,53900,52700,53600,2743963,-0.0018621973929237035
2017-04-28,53600,54700,53400,54000,3573387,0.00746268656716409
2017-05-02,55300,55900,54800,55400,4347745,0.025925925925925908
2017-05-04,55900,55900,55000,55900,2780438,0.00902527075812265
2017-05-08,56000,57000,55700,56900,3818771,0.017889087656529412
2017-05-10,57400,58100,55200,55600,4766870,-0.02284710017574687
2017-05-11,56000,56400,54800,56400,3509393,0.014388489208633004
2017-05-12,56400,56400,55100,55300,2303244,-0.019503546099290725
2017-05-15,55300,56100,55300,55600,1542366,0.005424954792043302
2017-05-16,56200,56800,55200,55300,2546047,-0.0053956834532373765
2017-05-17,55400,55700,54400,54700,2485465,-0.010849909584086825
2017-05-18,53600,55700,53400,55700,3494997,0.018281535648994485
2017-05-19,55100,55600,54200,54200,2860160,-0.026929982046678624
2017-05-22,54900,56000,54800,56000,2544180,0.03321033210332103
2017-05-23,56400,56500,55000,55100,2410542,-0.016071428571428625
2017-05-24,55700,56500,55600,55800,2324952,0.012704174228675091
2017-05-25,56400,56400,55400,55800,1996135,0.0
2017-05-26,56000,57100,56000,57100,3145737,0.023297491039426577
2017-05-29,57700,58800,57100,57900,3294700,0.014010507880910739
2017-05-30,58200,58400,56600,57400,2368225,-0.008635578583765069
2017-05-31,57400,57900,56500,57000,3314659,-0.006968641114982632
2017-06-01,56700,56900,56100,56400,2006611,-0.010526315789473717
2017-06-02,56900,57500,56400,57100,2481215,0.012411347517730542
2017-06-05,57200,57200,55900,56100,2525078,-0.017513134851138368
2017-06-07,55900,56900,55400,56500,3040030,0.007130124777183555
2017-06-08,56500,57000,56200,56700,3943311,0.003539823008849474
2017-06-09,56700,58400,56500,58300,4799560,0.02821869488536155
2017-06-12,57200,57900,56800,57500,2650404,-0.013722126929674117
2017-06-13,57700,58900,56900,58800,3431811,0.022608695652173827
2017-06-14,59200,60000,58800,59300,4441904,0.008503401360544283
2017-06-15,59300,61000,59300,60600,4549233,0.021922428330522825
2017-06-16,61100,61600,59900,60500,3932203,-0.0016501650165016146
2017-06-19,61300,63200,61300,62800,5315543,0.0380165289256198
2017-06-20,64700,65400,63700,64000,6519471,0.019108280254777066
2017-06-21,63300,66300,62900,64800,5650669,0.012499999999999956
2017-06-22,66500,66500,64500,65000,4977159,0.0030864197530864335
2017-06-23,64500,65400,63500,65000,3189590,0.0
2017-06-26,65000,67500,65000,67500,3516630,0.03846153846153855
2017-06-27,68200,69600,67000,69200,4951341,0.0251851851851852
2017-06-28,68100,69200,66800,67200,5520578,-0.028901734104046284
2017-06-29,67900,68800,67100,68500,3702501,0.019345238095238138
2017-06-30,67400,67800,67000,67400,3230282,-0.016058394160583966
2017-07-03,66500,66900,65500,66300,3763473,-0.016320474777448024
2017-07-04,65900,67100,65300,65800,2895782,-0.007541478129713397
2017-07-05,65600,68200,65300,68000,4557456,0.033434650455927084
2017-07-06,69000,69400,67500,68100,4048922,0.0014705882352941124
2017-07-07,67600,68400,66100,66600,3242213,-0.022026431718061623
2017-07-10,67000,67500,65700,67300,2667048,0.010510510510510551
2017-07-11,67400,69000,66900,69000,3187332,0.02526002971768193
2017-07-12,68700,69500,68400,68900,3462150,-0.0014492753623188692
2017-07-13,69500,71900,69200,70600,5432312,0.02467343976777947
2017-07-14,71400,72200,70700,71100,2931832,0.007082152974504208
2017-07-17,71800,71900,70200,71200,2804598,0.0014064697609001975
2017-07-18,70700,71800,70600,70800,2066194,-0.005617977528089901
2017-07-19,71200,71200,70000,71000,2009799,0.0028248587570620654
2017-07-20,71400,71700,70800,71300,1647153,0.004225352112676051
2017-07-21,70800,71300,70300,71200,1599111,-0.0014025245441795509
2017-07-24,71300,73000,71000,73000,3598173,0.02528089887640439
2017-07-25,72900,73000,70100,70400,6028435,-0.03561643835616435
2017-07-26,69600,69900,66700,66800,9659618,-0.051136363636363646
2017-07-27,66800,69500,66800,68400,6177375,0.0239520958083832
2017-07-28,67800,67900,64200,64600,8093780,-0.05555555555555558
2017-07-31,63700,66000,63700,66000,4769724,0.021671826625387025
2017-08-01,65300,66500,64700,65500,3744523,-0.007575757575757569
2017-08-02,67900,68200,66600,68000,4161592,0.03816793893129766
2017-08-03,67900,67900,65200,65500,4992104,-0.03676470588235292
2017-08-04,65100,66100,63200,64000,5938549,-0.022900763358778664
2017-08-07,64000,65000,63700,64100,3518575,0.0015624999999999112
2017-08-08,64900,66400,64800,66300,4372768,0.0343213728549141
2017-08-09,65400,65400,64000,64200,4037319,-0.03167420814479638
2017-08-10,63700,64600,63200,64400,4474120,0.0031152647975076775
2017-08-11,62000,63000,61400,61400,6664578,-0.04658385093167705
2017-08-14,63000,65100,62300,65100,5239246,0.06026058631921827
2017-08-16,67200,67300,65800,66100,4714899,0.015360983102918668
2017-08-17,66800,67300,66100,66400,3709768,0.004538577912254205
2017-08-18,64900,67300,64800,67000,3130891,0.009036144578313143
2017-08-21,67300,67800,66600,67200,2570150,0.0029850746268655914
2017-08-22,67400,68200,67200,68200,2208365,0.014880952380952328
2017-08-23,69000,69000,67600,68000,3072911,-0.0029325513196480912
2017-08-24,68200,68700,67500,68100,2333347,0.0014705882352941124
2017-08-25,68300,68400,67600,68400,1862764,0.004405286343612369
2017-08-28,68000,68100,67100,67900,1843458,-0.007309941520467822
2017-08-29,67300,67900,66400,67600,2967906,-0.004418262150220897
2017-08-30,68300,68900,68100,68500,2118742,0.013313609467455523
2017-08-31,68900,69300,68200,68600,2054717,0.0014598540145984717
2017-09-01,69000,69200,67700,68700,2304425,0.001457725947521915
2017-09-04,66600,68600,66600,68100,3234465,-0.008733624454148492
2017-09-05,68600,70100,67900,69900,4026248,0.026431718061673992
2017-09-06,69900,71900,69700,71700,4476200,0.025751072961373467
2017-09-07,71600,72800,71200,71400,3877849,-0.004184100418409997
2017-09-08,72000,72800,71500,72600,2868673,0.01680672268907557
2017-09-11,73600,74200,73200,73800,3321612,0.016528925619834656
2017-09-12,74800,74900,73500,74700,3676865,0.012195121951219523
2017-09-13,75000,77400,74300,75700,5682708,0.01338688085676032
2017-09-14,76300,76800,75700,76800,3366621,0.014531043593130732
2017-09-15,76100,77500,76000,77200,2725277,0.005208333333333259
2017-09-18,78200,80000,77700,79700,3638325,0.032383419689119064
2017-09-19,80100,80500,78500,79200,3934389,-0.006273525721455453
2017-09-20,79300,81200,78400,80700,5268665,0.018939393939394034
2017-09-21,81100,83400,80400,83100,6961713,0.029739776951672958
2017-09-22,82900,84300,82000,83100,5970218,0.0
2017-09-25,83600,86300,83600,86300,4656285,0.038507821901323736
2017-09-26,84100,85100,81000,82100,11035272,-0.04866743916570104
2017-09-27,83100,83800,81400,82400,5029200,0.0036540803897686658
2017-09-28,84500,85500,82500,83200,4817018,0.009708737864077666
2017-09-29,83300,84300,82200,82900,3579139,-0.0036057692307692735
2017-10-10,86300,90000,85300,88700,7956055,0.0699638118214716
2017-10-11,89900,90300,88100,89100,5500820,0.004509582863585049
2017-10-12,89200,89900,88100,88500,4313702,-0.006734006734006703
2017-10-13,88500,88500,85600,86100,6101810,-0.027118644067796627
2017-10-16,86100,87100,82800,84200,6985619,-0.022067363530778206
2017-10-17,85700,86600,83500,83500,6802500,-0.008313539192399078
2017-10-18,83200,83300,80000,80900,9070685,-0.03113772455089825
2017-10-19,79900,81800,79000,79000,7675978,-0.023485784919653918
2017-10-20,79800,82400,79600,81200,6911051,0.02784810126582271
2017-10-23,82600,84700,82100,84700,5388391,0.0431034482758621
2017-10-24,84000,84200,81600,81800,5236092,-0.03423848878394331
2017-10-25,82100,82600,80300,81700,3914170,-0.0012224938875305957
2017-10-26,80000,82000,78500,78700,7528077,-0.0367197062423501
2017-10-27,78100,78700,76500,78400,8929263,-0.003811944091486663
2017-10-30,79600,81300,79100,79800,5883529,0.017857142857142794
2017-10-31,80000,82700,79200,82200,6620890,0.03007518796992481
2017-11-01,86000,86000,84000,85300,7067296,0.03771289537712885
2017-11-02,85000,85100,83200,83400,4464960,-0.022274325908558046
2017-11-03,83400,84500,81900,84400,4050123,0.011990407673860837
2017-11-06,83600,84100,83000,83500,3131468,-0.010663507109004766
2017-11-07,82800,83300,82200,82400,2993945,-0.013173652694610793
2017-11-08,82100,84400,81800,83200,3396387,0.009708737864077666
2017-11-09,83200,83500,81600,82400,3748489,-0.009615384615384581
2017-11-10,81300,82800,81000,82000,2357772,-0.004854368932038833
2017-11-13,82000,83100,81800,82300,2955651,0.003658536585365857
2017-11-14,83000,84500,82900,83400,3399976,0.013365735115431265
2017-11-15,83800,84200,81900,82000,3207872,-0.016786570743405282
2017-11-16,82300,82800,81200,82500,3053355,0.0060975609756097615
2017-11-17,83300,84800,83000,83000,4339090,0.0060606060606061
2017-11-20,83300,83300,81800,82100,2988991,-0.010843373493975905
2017-11-21,83200,85000,82800,85000,5540888,0.035322777101096214
2017-11-22,86500,87700,86100,86800,4592670,0.021176470588235352
2017-11-23,86200,86300,84500,84700,2840382,-0.024193548387096753
2017-11-24,84500,85400,83900,85100,2073899,0.0047225501770955525
2017-11-27,86000,86700,82000,83100,7105679,-0.023501762632197387
2017-11-28,82900,83600,81200,82600,4083144,-0.006016847172081841
2017-11-29,82900,83000,82100,82400,2418748,-0.002421307506053294
2017-11-30,77000,79600,76800,76800,11213748,-0.06796116504854366
2017-12-01,77200,78800,77100,77400,4340592,0.0078125
2017-12-04,77600,79200,76800,79100,4115752,0.021963824289405576
2017-12-05,77600,79300,77100,77900,3736568,-0.015170670037926715
2017-12-06,78700,79500,77200,77500,3934238,-0.005134788189987138
2017-12-07,78300,78300,75600,76000,5166136,-0.01935483870967747
2017-12-08,77500,78900,76900,78700,3660716,0.03552631578947363
2017-12-11,79000,79500,78000,78700,2493176,0.0
2017-12-12,79000,79000,77100,77800,3746347,-0.01143583227445999
2017-12-13,77400,77500,76200,76800,3485920,-0.01285347043701801
2017-12-14,77200,77600,76000,76000,5552560,-0.01041666666666663
2017-12-15,77100,77400,75600,75700,3374982,-0.003947368421052588
2017-12-18,76200,77300,75900,77200,3237589,0.01981505944517825
2017-12-19,78400,80800,78200,80200,6782210,0.03886010362694292
2017-12-20,80900,81600,79900,80100,4375810,-0.0012468827930174342
2017-12-21,80200,80600,76900,77000,4831110,-0.038701622971285876
2017-12-22,76400,77400,76300,76700,3382954,-0.003896103896103842
2017-12-26,76600,76900,74000,74000,6253943,-0.03520208604954367
2017-12-27,75400,76400,74400,75100,4291492,0.014864864864864824
2017-12-28,75400,76700,75200,76500,2825939,0.018641810918774926
2018-01-02,77300,77300,76200,76600,2014838,0.0013071895424836555
2018-01-03,78100,78800,77300,77700,3097644,0.01436031331592691
2018-01-04,78700,79700,77100,77100,3729328,-0.007722007722007707
2018-01-05,78400,79400,78300,79300,3395065,0.028534370946822207
2018-01-08,79500,80000,77400,78200,2960495,-0.013871374527112179
2018-01-09,78300,78900,76300,76900,3343874,-0.01662404092071612
2018-01-10,76700,76700,72500,72900,9123901,-0.052015604681404426
2018-01-11,73200,73800,72000,72600,3777867,-0.004115226337448541
2018-01-12,73300,74500,72000,74400,5659087,0.024793388429751984
2018-01-15,73700,74100,72500,72700,3541267,-0.022849462365591378
2018-01-16,72700,74700,72700,74400,4383229,0.023383768913342484
2018-01-17,74400,75000,73700,74100,3256624,-0.0040322580645161255
2018-01-18,75800,76800,74600,75200,6199800,0.014844804318488558
2018-01-19,75300,75800,73000,73300,3898397,-0.025265957446808485
2018-01-22,72800,72800,70700,71100,5610463,-0.030013642564802212
2018-01-23,71800,72200,70900,71300,4671451,0.002812939521800173
2018-01-24,71600,73200,71500,72400,3802939,0.015427769985974837
2018-01-25,73400,76200,72300,75800,8758929,0.046961325966850875
2018-01-26,76400,76400,74200,75500,4296170,-0.00395778364116095
2018-01-29,76500,77000,75000,75300,3618328,-0.0026490066225165476
2018-01-30,74300,74600,73100,73100,5443314,-0.02921646746347939
2018-01-31,72200,74500,72200,73500,5800892,0.00547195622435015
2018-02-01,74900,75200,74000,74400,2987816,0.012244897959183598
2018-02-02,74500,74600,71800,72200,4343077,-0.029569892473118253
2018-02-05,70200,70900,69800,70200,4058439,-0.027700831024930705
2018-02-06,69100,71300,68200,70200,5679965,0.0
2018-02-07,73700,73800,70800,71100,6007913,0.012820512820512775
2018-02-08,71900,74200,71600,73900,5586858,0.039381153305203975
2018-02-09,72100,74200,72000,73400,5118112,-0.006765899864682012
2018-02-12,73700,74700,73400,74500,3317876,0.014986376021798309
2018-02-13,75900,77800,75800,77700,7814367,0.04295302013422808
2018-02-14,78400,79500,77000,77600,3943628,-0.0012870012870013214
2018-02-19,78900,79000,76100,76500,3350577,-0.014175257731958713
2018-02-20,76400,76500,75200,75500,2507719,-0.013071895424836555
2018-02-21,75800,77200,75800,76900,2653870,0.018543046357615944
2018-02-22,76100,77400,75700,75900,1879461,-0.013003901170351106
2018-02-23,76100,77600,76000,77300,2404473,0.01844532279314892
2018-02-26,78300,78500,77200,77500,2327486,0.002587322121604174
2018-02-27,78700,79200,78400,78700,3395415,0.015483870967741842
2018-02-28,78600,79200,76600,76800,3102987,-0.02414231257941546
2018-03-02,76300,77800,75900,77400,2673152,0.0078125
2018-03-05,77500,78900,77100,78300,3415061,0.011627906976744207
2018-03-06,80100,82500,80000,82400,7588369,0.0523627075351214
2018-03-07,83600,83900,82400,82700,4992841,0.00364077669902918
2018-03-08,83900,84300,81800,83500,4440076,0.0096735187424426
2018-03-09,84400,85900,83100,83300,5159197,-0.0023952095808382756
2018-03-12,84900,85600,84300,84900,2744795,0.019207683073229287
2018-03-13,88000,90000,87600,90000,8775741,0.060070671378091856
2018-03-14,89300,90900,89200,90700,5939290,0.007777777777777883
2018-03-15,90300,90500,88600,89600,4106667,-0.012127894156560126
2018-03-16,88500,89900,87200,89800,5006430,0.0022321428571427937
2018-03-19,90200,91500,89500,89900,3743718,0.00111358574610243
2018-03-20,88900,89700,88000,89600,3083666,-0.0033370411568409697
2018-03-21,89600,90300,88000,88400,2942484,-0.013392857142857095
2018-03-22,88800,89300,88000,88600,2698169,0.002262443438914019
2018-03-23,85100,86400,82800,83100,7310739,-0.06207674943566588
2018-03-26,82300,84000,81000,84000,6121334,0.010830324909747224
2018-03-27,84700,84800,80100,81400,7184488,-0.030952380952380953
2018-03-28,79900,82200,79600,80300,4820673,-0.013513513513513487
2018-03-29,80800,81300,79600,80300,3618849,0.0
2018-03-30,81200,83300,81100,81300,3681673,0.012453300124533051
2018-04-02,81700,82800,81100,81300,2342407,0.0
2018-04-03,80300,81800,78700,81800,3553815,0.006150061500614923
2018-04-04,82500,83000,80000,80400,2964537,-0.017114914425427896
2018-04-05,82200,83200,81200,82900,3255356,0.031094527363184188
2018-04-06,80000,80600,79300,80300,5693281,-0.03136308805790111
2018-04-09,80000,81200,79300,80600,3231256,0.0037359900373599153
2018-04-10,80000,80800,79200,80400,2924054,-0.002481389578163795
2018-04-11,82400,82400,81000,81200,3053453,0.00995024875621886
2018-04-12,81900,85100,81500,84000,5725102,0.034482758620689724
2018-04-13,85000,85900,83900,84200,3032369,0.0023809523809523725
2018-04-16,84200,84700,83400,84000,1489091,-0.002375296912114022
2018-04-17,83900,84000,82300,82800,2501282,-0.014285714285714235
2018-04-18,84100,85400,83700,84600,3375376,0.021739130434782705
2018-04-19,85800,88200,85300,87900,5901782,0.03900709219858145
2018-04-20,85900,86300,84000,84400,4590640,-0.03981797497155859
2018-04-23,83400,85300,83300,84400,3002461,0.0
2018-04-24,83300,83400,80400,82100,6804182,-0.027251184834123254
2018-04-25,81600,83000,80900,82400,3845661,0.0036540803897686658
2018-04-26,83800,87100,83300,86500,7551747,0.04975728155339798
2018-04-27,88500,88800,86800,87100,4961867,0.006936416184971206
2018-04-30,85400,85700,84000,84500,4653153,-0.02985074626865669
2018-05-02,85900,86000,82900,83100,5444240,-0.016568047337278125
2018-05-03,83200,83900,82800,82900,2362792,-0.002406738868832692
2018-05-04,83500,84100,82600,83000,2696141,0.0012062726176116367
2018-05-08,84500,85300,83200,83500,2979605,0.006024096385542244
2018-05-09,84300,84700,83100,83400,2284106,-0.0011976047904191933
2018-05-10,85400,85800,84500,85800,3274963,0.02877697841726623
2018-05-11,86600,86800,85400,86100,2107047,0.0034965034965035446
2018-05-14,86100,86300,84500,85400,1959236,-0.008130081300813052
2018-05-15,86000,86000,83900,84600,2239370,-0.00936768149882905
2018-05-16,85000,87000,84800,87000,3040180,0.028368794326241176
2018-05-17,88400,88700,86000,86700,2864278,-0.0034482758620689724
2018-05-18,87200,88000,85400,87900,2187789,0.01384083044982698
2018-05-21,88400,89400,87400,89100,3262983,0.013651877133105783
2018-05-23,91900,95500,91500,95300,10378915,0.06958473625140282
2018-05-24,95300,95900,94600,94600,3220029,-0.007345225603357819
2018-05-25,94300,97700,93900,95200,4145819,0.00634249471458781
2018-05-28,94600,95600,93700,94500,2505786,-0.007352941176470562
2018-05-29,94600,96100,93500,94800,2733549,0.0031746031746031633
2018-05-30,94800,95700,92800,95000,3808299,0.0021097046413502962
2018-05-31,94500,94700,92800,93400,5996671,-0.01684210526315788
2018-06-01,90800,92200,89600,91400,4790644,-0.021413276231263434
2018-06-04,91000,92400,89700,89800,3141036,-0.017505470459518557
2018-06-05,89800,91300,89800,91000,2758383,0.013363028953229383
2018-06-07,92700,92700,90600,90900,2754947,-0.001098901098901095
2018-06-08,91000,91000,87600,88400,4579508,-0.027502750275027465
2018-06-11,88800,90200,88100,89200,2535933,0.009049773755656076
2018-06-12,89900,90100,88200,88400,1876012,-0.008968609865470878
2018-06-14,88300,88300,86300,86300,4646948,-0.02375565610859731
2018-06-15,87400,87800,86100,87000,2945006,0.008111239860950192
2018-06-18,86800,86900,82300,84000,4723914,-0.03448275862068961
2018-06-19,84100,86100,83700,84100,3824878,0.0011904761904761862
2018-06-20,85800,88100,85000,87800,4183210,0.04399524375743158
2018-06-21,88900,89300,87500,88500,3274612,0.007972665148063829
2018-06-22,87300,89500,86700,89500,2569978,0.011299435028248483
2018-06-25,88800,88800,84600,84800,4420542,-0.05251396648044693
2018-06-26,82500,84800,82400,84300,5518522,-0.005896226415094352
2018-06-27,85700,86400,85200,85200,3798356,0.01067615658362997
2018-06-28,83000,84000,82500,83500,3838303,-0.0199530516431925
2018-06-29,83500,85700,83400,85700,3003603,0.026347305389221587
2018-07-02,85000,86000,83400,83700,2033542,-0.023337222870478458
2018-07-03,85000,86500,84500,86100,2817592,0.028673835125448077
2018-07-04,87800,87800,84400,85000,2744382,-0.012775842044134733
2018-07-05,85000,87300,85000,86200,2059342,0.014117647058823568
2018-07-06,86200,86200,83600,85300,3482186,-0.01044083526682138
2018-07-09,85300,87600,85300,87600,2127205,0.02696365767878084
2018-07-10,88400,88600,86700,87300,2002682,-0.003424657534246589
2018-07-11,86500,87600,85900,86800,2037358,-0.00572737686139746
2018-07-12,86800,87000,85400,85600,3032951,-0.01382488479262678
2018-07-13,86500,90100,86500,88800,4535954,0.03738317757009346
2018-07-16,88700,89300,87800,89300,1896459,0.005630630630630629
2018-07-17,90100,90200,88500,88600,1570129,-0.007838745800671898
2018-07-18,89700,91000,89100,89300,1937496,0.007900677200902928
2018-07-19,90400,91200,90300,90300,2383489,0.011198208286674172
2018-07-20,89700,90000,87200,87900,3726334,-0.02657807308970095
2018-07-23,86300,86400,81200,81700,7076375,-0.07053469852104666
2018-07-24,82500,83800,81700,83600,4023740,0.023255813953488413
2018-07-25,83400,84000,80200,80500,4154596,-0.037081339712918715
2018-07-26,81300,83800,78600,83100,6218102,0.032298136645962705
2018-07-27,83700,86400,83100,86100,4943923,0.036101083032491044
2018-07-30,86200,86400,85100,85900,2301941,-0.0023228803716608404
2018-07-31,85200,86300,84500,86300,2804543,0.00465657741559955
2018-08-01,85900,86400,85100,85600,2265008,-0.008111239860950192
2018-08-02,85000,85600,82900,83200,3373964,-0.028037383177570097
2018-08-03,84000,84100,83100,83300,1928574,0.0012019230769231282
2018-08-06,82200,82300,79300,79400,5910100,-0.04681872749099636
2018-08-07,80100,80800,79700,80700,3288142,0.016372795969773257
2018-08-08,81500,81600,79400,79800,2804784,-0.01115241635687736
2018-08-09,80100,80300,77500,78000,5587662,-0.022556390977443663
2018-08-10,77200,77600,74600,75100,6785694,-0.03717948717948716
2018-08-13,74300,75700,74100,75400,3734794,0.003994673768308976
2018-08-14,75900,76600,75500,75900,3206407,0.006631299734747964
2018-08-16,73500,75400,72500,74700,5550888,-0.015810276679841917
2018-08-17,74400,75500,74100,74500,2647963,-0.0026773761713521083
2018-08-20,74700,75400,74400,74700,2048829,0.0026845637583892135
2018-08-21,74800,78700,74400,78400,5663191,0.04953145917001334
2018-08-22,79300,80900,78200,79800,5295710,0.017857142857142794
2018-08-23,80300,81300,79300,81100,3272130,0.01629072681704269
2018-08-24,80400,82200,79600,81800,3612709,0.008631319358816336
2018-08-27,82100,83800,81600,83500,3070598,0.020782396088019572
2018-08-28,84100,84300,81900,82400,4466308,-0.013173652694610793
2018-08-29,82500,83300,81600,82800,2330703,0.004854368932038833
2018-08-30,82200,83500,81500,82700,2337573,-0.0012077294685990392
2018-08-31,81800,83000,81800,83000,2303812,0.0036275695284160303
2018-09-03,82200,82800,80500,80600,2618619,-0.028915662650602414
2018-09-04,80600,81600,80200,81200,1903734,0.007444168734491274
2018-09-05,80600,81000,79900,80000,2627619,-0.014778325123152691
2018-09-06,78300,78900,77400,78800,4516654,-0.015000000000000013
2018-09-07,74500,76200,74100,75900,8388278,-0.03680203045685282
2018-09-10,75900,77100,75500,76500,4167711,0.007905138339920903
2018-09-11,76400,77800,76300,76600,3197796,0.0013071895424836555
2018-09-12,76200,76200,74700,75100,4330147,-0.019582245430809442
2018-09-13,74300,75200,73900,74500,5257563,-0.007989347536617841
2018-09-14,76100,77800,76000,77700,4124842,0.04295302013422808
2018-09-17,78000,78200,76700,77200,2252063,-0.006435006435006385
2018-09-18,76600,78300,76100,78000,2450163,0.010362694300518172
2018-09-19,79400,79700,78400,78800,2912259,0.01025641025641022
2018-09-20,78600,79900,78000,79100,3392490,0.0038071065989848663
2018-09-21,77100,77500,76300,76700,5678068,-0.030341340075853318
2018-09-27,75900,75900,74700,75000,5841083,-0.022164276401564487
2018-09-28,75300,75900,73100,73100,5824873,-0.02533333333333332
2018-10-01,74300,74600,73200,73700,2970456,0.008207934336525335
2018-10-02,73600,74000,71600,71700,4089558,-0.027137042062415184
2018-10-04,71700,72200,69800,70000,5778810,-0.023709902370990243
2018-10-05,69700,71100,69400,70300,5508014,0.004285714285714226
2018-10-08,69500,71800,69400,71200,2856291,0.012802275960170695
2018-10-10,70300,71100,69800,70300,4161114,-0.012640449438202195
2018-10-11,67600,70200,67500,69000,4936490,-0.01849217638691325
2018-10-12,69200,73200,69200,72400,4882184,0.049275362318840665
2018-10-15,71600,71700,69900,70300,3727297,-0.029005524861878462
2018-10-16,70300,71000,69600,69700,2211661,-0.008534850640113834
2018-10-17,71400,71700,70300,70400,2653053,0.010043041606886627
2018-10-18,69600,69900,68700,68700,2849229,-0.024147727272727293
2018-10-19,68100,70900,67800,70800,2688930,0.03056768558951961
2018-10-22,69600,70900,69600,70000,2377240,-0.011299435028248594
2018-10-23,69600,70000,68600,69100,3175869,-0.0128571428571429
2018-10-24,69400,69600,65800,66700,5703361,-0.0347322720694645
2018-10-25,64700,66000,63200,64700,5859332,-0.02998500749625188
2018-10-26,65100,67100,62900,67000,6211406,0.03554868624420404
2018-10-29,66600,67800,64800,66800,4252977,-0.0029850746268657025
2018-10-30,66000,70900,65900,68200,6101533,0.020958083832335328
2018-10-31,69300,70400,67600,68200,5038931,0.0
2018-11-01,68900,69600,67800,68300,3218076,0.0014662756598240456
2018-11-02,70600,72800,69100,72600,5334082,0.06295754026354317
2018-11-05,72000,72100,70100,70500,3389386,-0.02892561983471076
2018-11-06,70500,70600,69100,70100,2624868,-0.005673758865248235
2018-11-07,70400,72300,70100,70800,3770119,0.009985734664764712
2018-11-08,72900,73300,72600,72900,3930969,0.029661016949152463
2018-11-09,72400,73600,71900,72900,3414946,0.0
2018-11-12,72200,74500,71800,74500,3328433,0.021947873799725626
2018-11-13,72300,72500,69900,71900,4730929,-0.03489932885906044
2018-11-14,71400,72100,70200,70400,2783377,-0.020862308762169657
2018-11-15,70800,71800,70400,71800,1564647,0.019886363636363535
2018-11-16,72600,72900,70000,70100,2894513,-0.0236768802228412
2018-11-19,69600,70500,68900,69800,2303677,-0.004279600570613384
2018-11-20,67000,68200,67000,67500,3325563,-0.03295128939828085
2018-11-21,66900,68300,66100,68100,3100596,0.008888888888888946
2018-11-22,68100,69700,68000,69300,1966126,0.017621145374449254
2018-11-23,69500,69700,68400,69300,1499166,0.0
2018-11-26,69200,71300,69000,70900,2361766,0.023088023088023046
2018-11-27,71100,71200,69700,70800,2293763,-0.0014104372355430161
2018-11-28,71000,72000,70700,71900,2441991,0.015536723163841915
2018-11-29,73700,73700,71200,71500,3270078,-0.0055632823365785455
2018-11-30,71500,71600,68800,69600,4167055,-0.02657342657342654
2018-12-03,71000,71100,69800,70500,2760290,0.012931034482758674
2018-12-04,69900,70400,68400,69000,3222060,-0.021276595744680882
2018-12-05,67200,68800,67200,68200,3008950,-0.011594202898550732
2018-12-06,67800,68200,65700,66000,3902275,-0.032258064516129004
2018-12-07,66700,67400,66600,66800,2590733,0.0121212121212122
2018-12-10,65900,65900,64700,65500,2206084,-0.019461077844311392
2018-12-11,66000,66600,64800,64900,2457332,-0.009160305343511421
2018-12-12,65000,66200,64900,66200,2901875,0.02003081664098616
2018-12-13,66300,66400,64800,65500,4062323,-0.010574018126888185
2018-12-14,65200,65300,61200,61800,5617675,-0.056488549618320616
2018-12-17,61600,62500,61000,62200,2506287,0.006472491909385036
2018-12-18,61000,61900,60800,61100,3098206,-0.01768488745980712
2018-12-19,60800,61000,59700,60300,3561783,-0.013093289689034338
2018-12-20,59300,59400,58100,58600,4889709,-0.028192371475953548
2018-12-21,58200,60500,58200,60000,3946994,0.023890784982935065
2018-12-24,59600,60700,59200,60400,2101703,0.006666666666666599
2018-12-26,59400,60800,59300,60100,2455060,-0.004966887417218513
2018-12-27,61600,61900,60600,61600,3047798,0.024958402662229595
2018-12-28,61700,62300,60500,60500,1647462,-0.017857142857142905
2019-01-02,61300,61400,60000,60600,1934295,0.0016528925619834212
2019-01-03,60200,60300,57500,57700,3337621,-0.04785478547854782
2019-01-04,57500,58500,56700,58300,3388087,0.010398613518197486
2019-01-07,59000,59700,58400,58700,2273750,0.006861063464836947
2019-01-08,57900,60500,57600,59200,3062192,0.008517887563884052
2019-01-09,59600,63800,59400,63600,4928656,0.07432432432432434
2019-01-10,64100,65600,64000,65300,6034432,0.02672955974842761
2019-01-11,65400,65900,64200,65100,2890639,-0.003062787136294043
2019-01-14,64300,65100,62000,62100,3282892,-0.04608294930875578
2019-01-15,62200,64000,62200,64000,2413868,0.03059581320450877
2019-01-16,63800,64900,62700,64800,2478497,0.012499999999999956
2019-01-17,65500,66200,64600,64900,2830122,0.0015432098765431057
2019-01-18,65000,65700,63900,64600,2263599,-0.0046224961479198745
2019-01-21,65900,67400,65000,67000,3977425,0.037151702786377694
2019-01-22,67900,68000,65700,66600,4047917,-0.005970149253731294
2019-01-23,65500,67200,64800,66800,2825017,0.0030030030030030463
2019-01-24,66900,70500,66900,70500,6914092,0.0553892215568863
2019-01-25,71600,74800,71100,74600,7163871,0.0581560283687943
2019-01-28,74700,74900,71200,71800,4972189,-0.03753351206434319
2019-01-29,71400,73800,71000,73400,3368642,0.022284122562674202
2019-01-30,73500,76300,73000,75900,5304841,0.034059945504087086
2019-01-31,76900,77100,73700,73900,4447535,-0.026350461133069825
2019-02-01,75400,76400,74700,75900,3349965,0.02706359945872805
2019-02-07,77500,78200,76600,76700,4249110,0.010540184453228019
2019-02-08,75200,75500,73000,73500,4012485,-0.041720990873533204
2019-02-11,73000,74100,72200,74100,3374192,0.008163265306122547
2019-02-12,74100,76400,73900,75900,3526701,0.02429149797570851
2019-02-13,77300,77600,76100,76200,2378193,0.0039525691699604515
2019-02-14,75800,77400,75100,77400,2313376,0.015748031496062964
2019-02-15,76800,76900,73800,73800,4154616,-0.046511627906976716
2019-02-18,74300,75300,74000,74700,1772434,0.012195121951219523
2019-02-19,74500,74800,73000,73700,1462071,-0.01338688085676043
2019-02-20,73700,76000,73600,75700,3134257,0.027137042062415295
2019-02-21,75300,77200,74600,76700,2874589,0.013210039630118908
2019-02-22,75600,76700,75300,76700,1882653,0.0
2019-02-25,77300,77600,74800,75400,2865712,-0.016949152542372836
2019-02-26,75000,75900,74100,75200,2483512,-0.0026525198938992522
2019-02-27,75300,75700,73700,73700,2864044,-0.019946808510638347
2019-02-28,72500,72600,69900,70000,7869451,-0.05020352781546811
2019-03-04,70300,71400,69900,70100,4931703,0.0014285714285713347
2019-03-05,68300,70000,68300,69700,3465521,-0.005706134094151216
2019-03-06,68500,69600,67400,68100,4958303,-0.022955523672883782
2019-03-07,67200,68900,67100,68100,3402570,0.0
2019-03-08,67900,68200,66200,66700,3571792,-0.02055800293685761
2019-03-11,67000,67800,66200,66600,2869008,-0.0014992503748125774
2019-03-12,67700,68600,67500,67700,2753535,0.016516516516516422
2019-03-13,67700,67800,65900,66800,2851596,-0.013293943870014813
2019-03-14,67400,67400,66400,67300,3107100,0.007485029940119681
2019-03-15,67400,68700,66700,68100,3645592,0.011887072808320909
2019-03-18,69200,69300,67300,67800,2158588,-0.004405286343612369
2019-03-19,67300,68000,66600,68000,2285169,0.002949852507374562
2019-03-20,68400,70600,67600,70500,3642962,0.03676470588235303
2019-03-21,73500,76000,72600,75900,10030131,0.07659574468085117
2019-03-22,78900,78900,75900,76100,5286455,0.0026350461133068936
2019-03-25,73700,74200,72600,72900,3752230,-0.042049934296977676
2019-03-26,72900,73300,71500,72700,2987678,-0.002743484224965731
2019-03-27,71800,74100,71200,73400,2744175,0.009628610729023324
2019-03-28,72300,73600,71700,72300,2774932,-0.01498637602179842
2019-03-29,72900,74900,72700,74200,3214170,0.026279391424619547
2019-04-01,75600,77100,75500,76600,3579070,0.032345013477088846
2019-04-02,77900,78000,76100,76400,2719440,-0.0026109660574412663
2019-04-03,76800,79900,76500,79900,4674142,0.04581151832460728
2019-04-04,80400,81400,77800,78400,5436236,-0.018773466833541974
2019-04-05,78200,79300,77900,79000,2191720,0.007653061224489832
2019-04-08,78900,79200,77600,77900,2663493,-0.013924050632911356
2019-04-09,77700,78700,77400,77800,2322860,-0.0012836970474967568
2019-04-10,76700,78800,76200,78600,2689591,0.010282776349614497
2019-04-11,79200,79500,78000,78400,2614388,-0.0025445292620864812
2019-04-12,77400,78800,77400,78100,2317264,-0.003826530612244916
2019-04-15,79000,79900,78600,79700,2019931,0.020486555697823317
2019-04-16,79900,80800,79100,80400,2206997,0.008782936010037545
2019-04-17,81000,82300,80000,80200,2886956,-0.0024875621890547706
2019-04-18,80800,81200,78500,79200,3295697,-0.012468827930174564
2019-04-19,80500,82400,80100,81800,3040186,0.03282828282828287
2019-04-22,81500,81800,79900,80500,1887109,-0.0158924205378973
2019-04-23,81000,81800,80400,81000,1779318,0.006211180124223503
2019-04-24,81500,81500,77500,78500,5318487,-0.030864197530864224
2019-04-25,78400,81500,78100,80200,5586360,0.021656050955414008
2019-04-26,78500,79900,77600,78600,5183181,-0.01995012468827928
2019-04-29,78700,80100,78200,80000,2987384,0.01781170483460559
2019-04-30,79400,80700,78100,79000,2960242,-0.012499999999999956
2019-05-02,79700,81200,79100,80700,3092434,0.021518987341772045
2019-05-03,81100,81300,80300,80400,2481811,-0.0037174721189591198
2019-05-07,79200,80400,78700,79900,2700371,-0.006218905472636815
2019-05-08,78700,80500,78000,80300,2731620,0.005006257822277815
2019-05-09,79600,79700,75200,76000,5939278,-0.0535491905354919
2019-05-10,76100,76700,73400,74400,5702537,-0.021052631578947323
2019-05-13,73900,75000,72800,73500,3062929,-0.012096774193548376
2019-05-14,72200,75100,71600,74600,3712697,0.014965986394557929
2019-05-15,74800,75100,73900,74500,2056131,-0.0013404825737265424
2019-05-16,74400,75100,71600,71900,3467027,-0.03489932885906044
2019-05-17,72500,73300,71400,71600,2412668,-0.004172461752433909
2019-05-20,71800,72800,70700,70900,1970694,-0.009776536312849138
2019-05-21,70500,72200,69700,70300,3893536,-0.008462623413258097
2019-05-22,71300,71300,68500,68900,3128787,-0.019914651493598834
2019-05-23,68400,69100,67300,68000,3108370,-0.013062409288824406
2019-05-24,67300,68600,67000,67600,3339145,-0.00588235294117645
2019-05-27,67900,68200,66400,66900,2214176,-0.010355029585798814
2019-05-28,67200,68300,65900,65900,12052399,-0.014947683109118093
2019-05-29,65600,66700,64900,66100,6056903,0.003034901365705611
2019-05-30,66300,66900,65800,65900,3023108,-0.00302571860816947
2019-05-31,65900,66900,64700,65300,3191350,-0.009104704097116834
2019-06-03,65200,67200,64200,66600,4020572,0.019908116385911168
2019-06-04,66500,66700,65100,65100,2892681,-0.022522522522522515
2019-06-05,66900,67600,64900,65100,4832796,0.0
2019-06-07,65200,66000,64600,65400,2355869,0.004608294930875667
2019-06-10,66100,67000,65800,66800,3091757,0.021406727828746197
2019-06-11,66900,67800,66700,67200,2429182,0.0059880239520957446
2019-06-12,66800,67100,65700,65700,2437640,-0.022321428571428603
2019-06-13,64900,65100,63300,63500,5947811,-0.0334855403348554
2019-06-14,63200,64000,62600,63100,3686472,-0.006299212598425252
2019-06-17,62800,63800,62400,63700,2435039,0.009508716323296307
2019-06-18,63800,64200,63300,63400,1549497,-0.004709576138147598
2019-06-19,65800,67300,65200,67200,6230370,0.05993690851735023
2019-06-20,67200,67400,66200,67300,2773637,0.0014880952380953438
2019-06-21,67100,67300,65900,65900,2403002,-0.0208023774145617
2019-06-24,65900,67400,65600,66900,2164462,0.015174506828528056
2019-06-25,66700,67400,66300,66700,1873766,-0.002989536621823663
2019-06-26,68300,69600,67900,68900,5024201,0.03298350824587715
2019-06-27,70100,71600,69700,70200,5361201,0.018867924528301883
2019-06-28,70900,70900,68400,69500,3117569,-0.009971509971509973
2019-07-01,71000,71000,69700,70000,3538183,0.007194244604316502
2019-07-02,69700,71700,69100,71400,2495399,0.020000000000000018
2019-07-03,71100,71700,69000,69100,2790684,-0.03221288515406162
2019-07-04,69600,70700,69300,70200,1503707,0.01591895803183796
2019-07-05,70300,71000,68400,68400,2043271,-0.02564102564102566
2019-07-08,66400,68000,66200,67400,2202260,-0.014619883040935644
2019-07-09,68400,70500,67900,69800,2912514,0.035608308605341144
2019-07-10,71500,73400,71000,72900,4346179,0.044412607449856756
2019-07-11,74000,75500,74000,75500,5111929,0.03566529492455417
2019-07-12,75600,75800,74400,74700,2638271,-0.01059602649006619
2019-07-15,74500,76500,74400,76200,2122090,0.02008032128514059
2019-07-16,74800,76500,74800,76100,2450278,-0.001312335958005284
2019-07-17,74600,75200,74000,74600,2805672,-0.019710906701708275
2019-07-18,74300,75200,73900,74700,1902110,0.0013404825737264314
2019-07-19,75900,77000,75600,76800,2635348,0.028112449799196693
2019-07-22,77800,79200,77000,78400,3213786,0.02083333333333326
2019-07-23,79700,80700,78200,78800,4814941,0.005102040816326481
2019-07-24,78800,80200,77100,77600,3562342,-0.015228426395939132
2019-07-25,79700,80400,77700,79200,3963383,0.020618556701030855
2019-07-26,78100,80300,78000,79800,3095260,0.007575757575757569
2019-07-29,79000,79400,76500,77000,2616782,-0.03508771929824561
2019-07-30,78200,80000,77700,78900,2371300,0.024675324675324628
2019-07-31,78000,79100,75300,76900,3712241,-0.025348542458808576
2019-08-01,75300,78700,75300,77700,3397831,0.01040312093628093
2019-08-02,75400,76800,74900,76100,4845952,-0.020592020592020588
2019-08-05,75500,76000,74900,75400,2889902,-0.009198423127463884
2019-08-06,73100,73900,71900,72000,5008247,-0.04509283819628651
2019-08-07,72000,74300,72000,73300,2692841,0.01805555555555549
2019-08-08,73600,74500,72000,72300,2943206,-0.013642564802182844
2019-08-09,73200,74100,72300,73300,2100380,0.013831258644536604
2019-08-12,73700,75000,73500,74500,1254926,0.016371077762619368
2019-08-13,74000,75100,73700,74500,1304708,0.0
2019-08-14,77200,77900,76200,76900,2561643,0.03221476510067123
2019-08-16,75800,76400,75100,76400,2015785,-0.006501950585175553
2019-08-19,77300,77500,74800,75100,1591728,-0.017015706806282727
2019-08-20,75500,76600,75100,76400,1694275,0.017310252996005415
2019-08-21,75900,76900,75500,75800,1898789,-0.007853403141361293
2019-08-22,75300,76000,73800,73800,2309550,-0.02638522427440637
2019-08-23,73500,75200,73400,74400,1695532,0.008130081300812941
2019-08-26,72600,73000,71500,71800,2645491,-0.034946236559139754
2019-08-27,72500,73700,72500,73000,2512610,0.01671309192200554
2019-08-28,73500,73700,72500,73300,1380522,0.004109589041095818
2019-08-29,73500,74100,72000,73300,2050860,0.0
2019-08-30,74600,78000,74600,77400,3839246,0.05593451568894947
2019-09-02,77000,78200,76500,77600,1431352,0.0025839793281654533
2019-09-03,77200,77600,76300,77000,1611563,-0.0077319587628865705
2019-09-04,77400,80000,77300,80000,2723541,0.03896103896103886
2019-09-05,81400,83000,81200,83000,4068631,0.03750000000000009
2019-09-06,84000,84000,81500,81900,2418057,-0.013253012048192736
2019-09-09,83100,84600,82500,84300,2642174,0.0293040293040292
2019-09-10,84200,84200,82700,83100,1761883,-0.014234875444839812
2019-09-11,83400,84300,81300,82600,3650902,-0.006016847172081841
2019-09-16,81000,81000,79000,79500,5174391,-0.03753026634382561
2019-09-17,80000,80400,79100,79400,2538780,-0.0012578616352201255
2019-09-18,80100,80600,79500,80200,2706678,0.010075566750629816
2019-09-19,80600,82700,80300,82700,3612220,0.0311720698254363
2019-09-20,82800,83400,82100,82200,2447172,-0.006045949214026569
2019-09-23,81900,83300,81900,82800,1413663,0.007299270072992803
2019-09-24,82500,83500,81400,83400,1662830,0.007246376811594235
2019-09-25,82200,82800,81500,81900,1644881,-0.017985611510791366
2019-09-26,83000,83500,82500,83300,1734941,0.017094017094017033
2019-09-27,80200,81500,80100,81400,2625620,-0.02280912364945975
2019-09-30,80600,82900,80400,82200,2442478,0.00982800982800991
2019-10-01,81800,82500,81700,82000,2370210,-0.0024330900243308973
2019-10-02,81600,81600,79500,79500,2188097,-0.030487804878048808
2019-10-04,78900,81300,78900,80300,2430603,0.010062893081761004
2019-10-07,80700,81700,79800,80300,1229105,0.0
2019-10-08,80400,81100,79400,80900,1816880,0.007471980074719831
2019-10-10,78900,79600,78100,79000,4389324,-0.023485784919653918
2019-10-11,79800,80500,79400,80000,2186536,0.012658227848101333
2019-10-14,82000,82300,80400,80500,1972409,0.006250000000000089
2019-10-15,80700,81700,80500,81200,1518810,0.008695652173912993
2019-10-16,82400,82700,81900,82400,2436269,0.014778325123152802
2019-10-17,82000,82200,80600,81000,1713942,-0.016990291262135915
2019-10-18,81500,81700,77300,77400,13625664,-0.0444444444444444
2019-10-21,77800,78400,77100,77500,2096581,0.0012919896640826156
2019-10-22,78900,79300,78200,79100,3453958,0.020645161290322678
2019-10-23,78500,78600,77700,77700,5373911,-0.017699115044247815
2019-10-24,79900,80100,78700,80000,3076100,0.029601029601029616
2019-10-25,82400,82900,81500,82900,4229200,0.03624999999999989
2019-10-28,83400,84000,82600,82900,1977758,0.0
2019-10-29,84000,84000,82900,83000,1645070,0.0012062726176116367
2019-10-30,83400,83400,81000,81500,1927042,-0.01807228915662651
2019-10-31,81900,83400,81600,82000,1978755,0.006134969325153339
2019-11-01,82300,83200,81600,83100,1848046,0.013414634146341475
2019-11-04,84000,84900,83800,84700,2182879,0.019253910950661757
2019-11-05,85100,85400,84600,85100,1953720,0.0047225501770955525
2019-11-06,84800,85200,83500,83500,2127745,-0.018801410105757976
2019-11-07,83700,84300,82800,83600,1594558,0.0011976047904191933
2019-11-08,84600,84600,82000,82300,2074339,-0.015550239234449759
2019-11-11,82500,82500,80700,81300,2174477,-0.012150668286755817
2019-11-12,81900,83200,81300,83200,1555211,0.02337023370233693
2019-11-13,83300,83600,82300,83400,1370289,0.0024038461538462563
2019-11-14,83200,83800,82900,83400,1517137,0.0
2019-11-15,84200,85200,83400,85200,2394138,0.021582733812949728
2019-11-18,86000,86500,84700,85500,1827506,0.0035211267605634866
2019-11-19,85400,86000,84600,85300,2260299,-0.002339181286549752
2019-11-20,84400,85200,82600,82700,3315169,-0.030480656506447823
2019-11-21,81700,82500,80500,80900,3346746,-0.021765417170495738
2019-11-22,80900,82100,80700,81700,2089767,0.009888751545117369
2019-11-25,82300,83300,81500,81700,2602474,0.0
2019-11-26,82000,84100,82000,82300,4521090,0.007343941248469932
2019-11-27,82400,83200,82000,82700,1326621,0.004860267314702238
2019-11-28,83100,83800,82500,82800,1413983,0.0012091898428052694
2019-11-29,82500,82800,80700,80900,2139440,-0.022946859903381633
2019-12-02,80900,81800,80500,80500,1945991,-0.0049443757725586845
2019-12-03,78100,79300,77300,78700,11657151,-0.022360248447204967
2019-12-04,78000,78100,76800,77700,6164549,-0.01270648030495558
2019-12-05,79800,79900,78000,78800,3667358,0.014157014157014203
2019-12-06,79300,80800,79100,80600,3054204,0.02284263959390853
2019-12-09,81300,81800,80700,80700,2290088,0.001240694789081953
2019-12-10,79800,80900,79400,80700,1831960,0.0
2019-12-11,80700,81000,80100,80600,2009331,-0.0012391573729864103
2019-12-12,82000,83500,82000,83400,5247299,0.03473945409429291
2019-12-13,87200,88200,85800,87900,5831965,0.05395683453237421
2019-12-16,87200,89400,87000,88600,2652685,0.007963594994311762
2019-12-17,91000,93800,90200,92800,5070618,0.04740406320541757
2019-12-18,93400,94500,91800,93000,3434310,0.0021551724137931494
2019-12-19,95400,96400,93400,93600,4938375,0.006451612903225712
2019-12-20,94100,95100,93700,95000,2791176,0.014957264957264904
2019-12-23,95800,96200,94100,94600,1720279,-0.004210526315789442
2019-12-24,95000,95600,93800,93800,1464093,-0.008456659619450302
2019-12-26,94000,95100,93500,94800,1559839,0.010660980810234477
2019-12-27,94800,97000,94200,96000,2229470,0.012658227848101333
2019-12-30,95600,96300,94100,94100,1862634,-0.019791666666666652
2020-01-02,96000,96200,94100,94700,2342070,0.006376195536663021
2020-01-03,96500,97900,94300,94500,3021380,-0.002111932418162654
2020-01-06,93000,95300,92800,94300,2577573,-0.002116402116402072
2020-01-07,94500,95400,94000,94000,2489429,-0.0031813361611876534
2020-01-08,96400,99500,95200,97400,7014748,0.036170212765957555
2020-01-09,98900,99000,97400,99000,3586413,0.01642710472279263
2020-01-10,99100,99700,97900,98900,2867925,-0.0010101010101010166
2020-01-13,99000,101000,98000,100500,2242008,0.016177957532861553
2020-01-14,101500,103500,99900,100500,2913343,0.0
2020-01-15,99900,99900,98000,98200,2745625,-0.022885572139303534
2020-01-16,97400,99400,97400,99200,2824804,0.010183299389002087
2020-01-17,100500,101500,98800,99000,2246394,-0.0020161290322581182
2020-01-20,100000,101000,99600,99900,1781639,0.009090909090909038
2020-01-21,100500,100500,99000,99300,1483291,-0.006006006006005982
2020-01-22,99000,101000,99000,101000,2257478,0.017119838872104776
2020-01-23,101000,101000,98200,98700,2780104,-0.022772277227722793
2020-01-28,95500,96900,95000,96300,3630362,-0.024316109422492405
2020-01-29,96900,99000,96700,97900,2741459,0.01661474558670828
2020-01-30,97800,97800,93800,94000,3223436,-0.03983656792645551
2020-01-31,94500,97500,93500,93500,4597139,-0.005319148936170248
2020-02-03,91800,95600,91500,94700,3725535,0.012834224598930577
2020-02-04,94800,97500,94500,97100,3169743,0.025343189017951406
2020-02-05,99300,99300,96900,97700,2911995,0.006179196704428458
2020-02-06,98900,101000,98300,100500,2861441,0.028659160696008268
2020-02-07,100000,100500,98400,99300,1827393,-0.011940298507462699
2020-02-10,98000,99200,97400,98800,1825648,-0.0050352467270896595
2020-02-11,99900,100500,99000,99800,1820578,0.010121457489878471
2020-02-12,100500,101000,99100,100000,2616573,0.002004008016031955
2020-02-13,101000,103500,100500,102000,3519491,0.020000000000000018
2020-02-14,101500,105000,101000,104500,1893163,0.02450980392156854
2020-02-17,104500,106000,103500,105000,1190162,0.004784688995215225
2020-02-18,104000,104500,101500,102000,2789667,-0.02857142857142858
2020-02-19,102500,103500,101000,103500,2315634,0.014705882352941124
2020-02-20,104500,106000,102500,104000,3093782,0.004830917874396157
2020-02-21,101500,103500,101000,103000,4064719,-0.009615384615384581
2020-02-24,100500,100500,98900,99500,5550758,-0.03398058252427183
2020-02-25,97800,99100,96400,98000,6594059,-0.015075376884422065
2020-02-26,95500,96100,94400,94600,6405409,-0.03469387755102038
2020-02-27,94700,95300,92200,92800,4644449,-0.019027484143763207
2020-02-28,91000,92200,87700,87900,8171939,-0.05280172413793105
2020-03-02,90000,93100,88300,92100,6382279,0.04778156996587035
2020-03-03,95000,95100,92400,92800,5573006,0.007600434310532034
2020-03-04,91300,95000,91300,94300,4984561,0.016163793103448176
2020-03-05,95200,95900,93800,94900,4028776,0.006362672322375307
2020-03-06,93300,94300,92000,92600,3281612,-0.02423603793466811
2020-03-09,89500,89700,86400,86900,6196552,-0.06155507559395246
2020-03-10,86900,89400,86600,89100,6579153,0.025316455696202445
2020-03-11,88200,88500,85100,85500,5226251,-0.04040404040404044
2020-03-12,83800,84600,79600,82800,8191818,-0.03157894736842104
2020-03-13,76900,84700,76000,82500,8160758,-0.0036231884057971175
2020-03-16,83700,84800,80400,80600,5097762,-0.023030303030303068
2020-03-17,77500,83100,77000,80400,7107436,-0.002481389578163795
2020-03-18,81600,82500,73000,73100,7949482,-0.09079601990049746
2020-03-19,75500,75800,65800,69000,11140367,-0.056087551299589644
2020-03-20,71800,76200,70100,74800,8750101,0.08405797101449286
2020-03-23,69700,71600,68000,69400,8192363,-0.07219251336898391
2020-03-24,73000,78800,72100,78700,7247345,0.13400576368876083
2020-03-25,82000,84700,79800,84500,8787217,0.07369758576874208
2020-03-26,85000,87900,80400,80700,7895289,-0.04497041420118342
2020-03-27,85700,85700,80500,83300,8085695,0.03221809169764556
2020-03-30,81000,84900,80000,83700,5270037,0.004801920768307433
2020-03-31,84000,85500,82000,83300,5333479,-0.004778972520907976
2020-04-01,82100,83200,78400,78400,6845675,-0.05882352941176472
2020-04-02,78800,80000,76500,80000,5394371,0.020408163265306145
2020-04-03,80000,80800,78500,79600,3755301,-0.0050000000000000044
2020-04-06,81000,83300,80200,83100,5784159,0.04396984924623126
2020-04-07,86600,86700,83700,85800,6188649,0.032490974729241895
2020-04-08,85800,86500,84500,84500,3749575,-0.015151515151515138
2020-04-09,86200,86500,84500,85000,3555538,0.00591715976331364
2020-04-10,84000,84400,83000,84100,3675338,-0.010588235294117676
2020-04-13,83200,83400,81100,81400,3615318,-0.03210463733650415
2020-04-14,82200,83700,81200,82300,3344109,0.011056511056511065
2020-04-16,80600,82300,80600,81300,4470072,-0.012150668286755817
2020-04-17,83600,85900,83200,84100,6205624,0.03444034440344401
2020-04-20,83900,83900,82000,82000,5027876,-0.024970273483947647
2020-04-21,80600,82200,80200,81300,5090721,-0.008536585365853666
2020-04-22,80600,83900,80000,83900,5335787,0.03198031980319804
2020-04-23,85200,85200,82000,82600,6519481,-0.015494636471990453
2020-04-24,82000,82500,80800,81400,3193144,-0.014527845036319653
2020-04-27,81700,83200,81200,82600,3235430,0.014742014742014753
2020-04-28,82500,83900,82400,83400,3205535,0.009685230024213176
2020-04-29,83500,84800,82900,83700,3750568,0.003597122302158251
2020-05-04,82900,82900,80800,81000,5280026,-0.032258064516129004
2020-05-06,82000,82500,80900,82400,3351424,0.01728395061728394
2020-05-07,82400,83400,81800,82400,2660512,0.0
2020-05-08,83000,85500,83000,85000,5039635,0.031553398058252524
2020-05-11,84500,85200,84100,84500,2800047,-0.00588235294117645
2020-05-12,84500,86500,83200,85700,3574409,0.014201183431952646
2020-05-13,83500,84100,83000,83600,5371416,-0.02450408401400228
2020-05-14,82200,82500,80600,80600,6409652,-0.03588516746411485
2020-05-15,81500,82300,80700,81900,4168866,0.016129032258064502
2020-05-18,80400,81800,79200,81100,5294177,-0.009768009768009733
2020-05-19,82400,83200,81700,82700,4620614,0.019728729963008673
2020-05-20,81900,84200,81800,84100,3924403,0.016928657799274438
2020-05-21,84900,84900,83200,83400,2678953,-0.008323424494649179
2020-05-22,83100,83300,81000,81300,3471700,-0.025179856115107868
2020-05-25,81500,81800,80500,81400,2850294,0.0012300123001229846
2020-05-26,80600,82100,80600,81900,3040122,0.006142506142506221
2020-05-27,81100,82700,81000,81400,2946278,-0.006105006105006083
2020-05-28,84100,85400,82400,83900,9227823,0.03071253071253066
2020-05-29,82600,82700,81300,81500,6815185,-0.028605482717520836
2020-06-01,82100,83700,82100,83600,4205357,0.025766871165644245
2020-06-02,82700,83600,82700,83300,3114162,-0.0035885167464114742
2020-06-03,83400,89200,83400,88700,11642239,0.06482593037214879
2020-06-04,90000,91600,87100,87700,6678244,-0.011273957158962844
2020-06-05,88500,90800,87700,90400,4000557,0.03078677309007971
2020-06-08,93000,93000,90600,91000,3789382,0.006637168141592875
2020-06-09,91000,92000,89100,89800,3410081,-0.01318681318681314
2020-06-10,89800,91100,89400,90800,3045250,0.011135857461024523
2020-06-11,89300,90300,87500,88500,5467344,-0.025330396475770955
2020-06-12,84500,85800,84500,85200,4742329,-0.037288135593220306
2020-06-15,84100,86500,82000,82000,4710114,-0.03755868544600938
2020-06-16,83400,85700,83300,85400,3518785,0.04146341463414638
2020-06-17,84800,87400,83500,86800,4160612,0.016393442622950838
2020-06-18,86100,86800,85400,86200,2484147,-0.00691244239631339
2020-06-19,86500,87000,84500,85400,3216102,-0.009280742459396807
2020-06-22,84400,85900,84300,84900,2167216,-0.005854800936768156
2020-06-23,85600,86200,83900,84100,2955819,-0.009422850412249661
2020-06-24,84200,87400,84000,86000,4079834,0.022592152199762294
2020-06-25,84300,85600,84000,84300,3397112,-0.019767441860465085
2020-06-26,86000,86100,84500,84600,2889494,0.003558718861210064
2020-06-29,84000,85300,83500,83600,2932433,-0.011820330969267157
2020-06-30,86200,87300,85000,85100,4983607,0.017942583732057482
2020-07-01,86800,87300,84900,85300,2382552,0.00235017626321965
2020-07-02,84800,85200,84000,84400,3295340,-0.010550996483001174
2020-07-03,85000,85600,84500,85400,2195897,0.011848341232227444
2020-07-06,86000,87000,85800,86000,2561766,0.007025761124121788
2020-07-07,87300,87300,84600,84800,3196352,-0.013953488372092981
2020-07-08,83800,84900,83600,83700,3523620,-0.01297169811320753
2020-07-09,84200,84600,83000,83000,4002365,-0.008363201911589013
2020-07-10,83300,83500,82400,82800,2201557,-0.002409638554216831
2020-07-13,83100,83500,82500,83000,2080934,0.0024154589371980784
2020-07-14,82600,82900,82000,82900,2048671,-0.001204819277108471
2020-07-15,83100,83900,82900,83000,3024429,0.0012062726176116367
2020-07-16,83000,83100,82300,82700,2312310,-0.0036144578313253017
2020-07-17,82700,83500,82600,82900,1579078,0.002418379685610539
2020-07-20,82800,83000,82100,82200,2008624,-0.008443908323281013
2020-07-21,83400,84700,83000,84100,4181015,0.02311435523114347
2020-07-22,84100,84200,82900,83200,2876295,-0.010701545778834753
2020-07-23,84000,84000,82300,82400,3591647,-0.009615384615384581
2020-07-24,82300,83700,82200,83700,3667416,0.01577669902912615
2020-07-27,83100,84000,82800,82800,2784652,-0.010752688172043001
2020-07-28,83900,83900,82700,83100,4538720,0.0036231884057971175
2020-07-29,82900,83800,82600,83200,3719681,0.001203369434416457
2020-07-30,83300,86400,83000,85300,6870841,0.02524038461538458
2020-07-31,85700,86000,82800,82800,4848989,-0.029308323563892125
2020-08-03,82400,82600,81500,81800,3483106,-0.012077294685990392
2020-08-04,81800,82500,81400,81600,3005937,-0.0024449877750610804
2020-08-05,81200,81300,80500,80700,4537005,-0.011029411764705843
2020-08-06,80700,81900,80700,81100,3391939,0.004956629491945419
2020-08-07,81200,81300,80000,80600,4946631,-0.006165228113440224
2020-08-10,80100,81900,79800,81400,3277238,0.00992555831265518
2020-08-11,81700,82000,81000,81300,3234013,-0.0012285012285012664
2020-08-12,81100,81300,80200,81000,3595828,-0.0036900369003689537
2020-08-13,81900,82000,80300,80700,4049387,-0.0037037037037036535
2020-08-14,80200,81100,80100,80200,2589552,-0.006195786864931829
2020-08-18,80000,80200,78000,78100,4946279,-0.026184538653366562
2020-08-19,77300,78000,75000,75000,8028305,-0.03969270166453265
2020-08-20,74400,74400,71300,71800,7260223,-0.04266666666666663
2020-08-21,72800,77000,72500,74500,7700029,0.03760445682451263
2020-08-24,74600,77200,73700,75500,4298619,0.01342281879194629
2020-08-25,76300,77700,75400,77000,3473488,0.019867549668874274
2020-08-26,78000,79100,77100,78800,4741965,0.023376623376623273
2020-08-27,80200,80200,78800,79100,4223450,0.0038071065989848663
2020-08-28,79500,79600,77700,77800,2511956,-0.01643489254108721
2020-08-31,78200,78800,75100,75100,5113128,-0.03470437017994854
2020-09-01,75200,76500,75200,75200,2538676,0.0013315579227697327
2020-09-02,75900,76400,74900,75500,2369360,0.003989361702127603
2020-09-03,77700,79700,77200,78700,7002529,0.042384105960264984
2020-09-04,76400,79400,76100,78700,4582566,0.0
2020-09-07,78600,79500,77600,78400,2786930,-0.003811944091486663
2020-09-08,78700,80000,78200,79400,3380355,0.012755102040816313
2020-09-09,77900,78400,77200,77300,3918435,-0.026448362720403074
2020-09-10,78000,78200,76600,76600,3541520,-0.009055627425614499
2020-09-11,76700,78500,76300,78400,2831262,0.023498694516971286
2020-09-14,79100,80100,78900,80000,4099644,0.020408163265306145
2020-09-15,81300,82100,80200,81900,5899410,0.023749999999999938
2020-09-16,81700,82400,80500,81500,3119110,-0.004884004884004867
2020-09-17,81900,82900,81200,82200,4055050,0.008588957055214674
2020-09-18,82900,83900,82200,83700,5199334,0.018248175182481674
2020-09-21,83700,85000,83600,84500,4102947,0.009557945041815952
2020-09-22,84400,84800,80200,81300,4139983,-0.037869822485207094
2020-09-23,82300,84800,80500,83600,4439085,0.02829028290282909
2020-09-24,82800,85400,82300,84300,6401560,0.00837320574162681
2020-09-25,85800,85900,82200,82900,3205596,-0.016607354685646447
2020-09-28,83400,83700,81300,82500,3154068,-0.004825090470446325
2020-09-29,83100,84900,82200,84000,4707898,0.018181818181818077
2020-10-05,83000,84100,82300,83200,3396894,-0.00952380952380949
2020-10-06,84000,84200,82600,83000,2750145,-0.0024038461538461453
2020-10-07,82900,83700,82500,83400,2254356,0.004819277108433662
2020-10-08,84300,84500,82900,82900,3330824,-0.005995203836930418
2020-10-12,83900,85500,83500,85500,4464264,0.031363088057901
2020-10-13,85500,89000,84600,88200,6375448,0.03157894736842115
2020-10-14,88000,88900,86100,86500,3223767,-0.019274376417233507
2020-10-15,86100,87300,85900,87100,2802900,0.006936416184971206
2020-10-16,87000,87900,84900,85300,2435541,-0.02066590126291623
2020-10-19,86100,87900,85800,86700,3150011,0.016412661195779554
2020-10-20,85300,90900,83700,85200,6622637,-0.01730103806228378
2020-10-21,85300,86200,82800,83800,4925877,-0.016431924882629123
2020-10-22,84200,84300,82500,83300,2593975,-0.005966587112171795
2020-10-23,82800,84700,82300,83900,2609595,0.007202881152460927
2020-10-26,84300,84700,83000,83200,1662847,-0.008343265792610244
2020-10-27,82300,83400,81800,82600,2265817,-0.007211538461538436
2020-10-28,82100,83600,82000,82900,1773556,0.00363196125907983
2020-10-29,81900,82400,81000,81700,2637314,-0.014475271411338975
2020-10-30,81600,82100,79900,79900,2710477,-0.022031823745410017
2020-11-02,80200,80600,79200,79600,2000394,-0.003754693366708417
2020-11-03,79600,81400,79600,81400,2057723,0.022613065326633208
2020-11-04,82100,84400,81200,83200,3782296,0.02211302211302213
2020-11-05,84100,86200,83300,86100,4082325,0.03485576923076916
2020-11-06,86500,87700,86000,86300,2863808,0.0023228803716608404
2020-11-09,86500,87300,85600,86000,2444330,-0.0034762456546929554
2020-11-10,86900,87200,85900,86500,2849783,0.005813953488372103
2020-11-11,86100,87200,85900,87000,2638617,0.005780346820809301
2020-11-12,87600,88400,87000,88100,4006433,0.012643678160919603
2020-11-13,88100,90000,87500,89700,3774278,0.018161180476730987
2020-11-16,92100,98100,91100,98000,9274278,0.09253065774804914
2020-11-17,97400,99600,96500,98100,5218295,0.0010204081632652073
2020-11-18,99800,100500,96600,98000,3734037,-0.0010193679918450993
2020-11-19,96200,98300,96000,98200,2766688,0.0020408163265306367
2020-11-20,99000,99000,96800,96800,2424003,-0.014256619144602856
2020-11-23,97300,101000,96600,100000,4149013,0.03305785123966931
2020-11-24,101000,102000,98300,98600,3766043,-0.014000000000000012
2020-11-25,100500,100500,96300,97200,4081524,-0.014198782961460488
2020-11-26,96800,99500,96300,99400,2933290,0.02263374485596703
2020-11-27,99600,99900,98200,98800,1976047,-0.006036217303822977
2020-11-30,99700,99800,97300,97500,3877841,-0.013157894736842146
2020-12-01,98600,101500,97800,100500,4455519,0.03076923076923066
2020-12-02,103000,109500,103000,109000,7488361,0.08457711442786064
2020-12-03,110500,114500,109000,111500,6617912,0.022935779816513735
2020-12-04,116000,119500,112500,115000,8258814,0.03139013452914807
2020-12-07,118500,120000,116000,118000,5191354,0.026086956521739202
2020-12-08,118000,118000,114000,115000,4536460,-0.025423728813559365
2020-12-09,116000,121000,115000,120500,5490760,0.047826086956521685
2020-12-10,117000,118500,115500,116500,8205744,-0.03319502074688796
2020-12-11,118000,118000,115000,115500,3944552,-0.008583690987124415
2020-12-14,116000,119000,115500,117000,3066761,0.01298701298701288
2020-12-15,118500,118500,115000,117500,2755902,0.004273504273504258
2020-12-16,119000,119500,117000,117500,2213552,0.0
2020-12-17,118500,119500,117000,119500,3649945,0.017021276595744705
2020-12-18,118500,119000,117500,118500,3010798,-0.008368200836820106
2020-12-21,118000,118000,114500,116000,3585805,-0.021097046413502074
2020-12-22,115000,115500,112500,112500,4270842,-0.030172413793103425
2020-12-23,113000,116000,112500,116000,3173156,0.03111111111111109
2020-12-24,116000,118500,115500,118000,3486636,0.01724137931034475
2020-12-28,119000,119500,115000,115500,4825132,-0.021186440677966156
2020-12-29,118000,118500,114000,116000,4208916,0.0043290043290042934
2020-12-30,116000,118500,114500,118500,4195192,0.02155172413793105
2021-01-04,124500,128000,120500,126000,7995016,0.06329113924050622
2021-01-05,124500,132500,124000,130500,7180224,0.03571428571428581
2021-01-06,132500,137000,130000,131000,8525749,0.003831417624521105
2021-01-07,132500,137500,131500,134500,5981299,0.026717557251908497
2021-01-08,136000,138000,132500,138000,8713010,0.026022304832713727
2021-01-11,138000,140000,131000,133000,11154671,-0.036231884057971064
2021-01-12,132000,133500,125500,129000,8700877,-0.03007518796992481
2021-01-13,129000,133500,128500,133000,6791044,0.03100775193798455
2021-01-14,132500,133000,129000,130500,5380278,-0.018796992481203034
2021-01-15,133000,135000,127000,127500,4838114,-0.02298850574712641
2021-01-18,126000,131000,125000,130000,5927419,0.019607843137254832
2021-01-19,131000,132000,128500,130500,4513315,0.0038461538461538325
2021-01-20,134000,135000,130000,130500,4913282,0.0
2021-01-21,131500,133000,130000,131500,3067677,0.00766283524904221
2021-01-22,131500,132000,128500,128500,3927767,-0.02281368821292773
2021-01-25,130000,135000,129500,135000,5061864,0.05058365758754868
2021-01-26,134000,134000,128500,129000,6270106,-0.0444444444444444
2021-01-27,129500,132000,127500,128500,5068456,-0.003875968992248069
2021-01-28,124000,125500,121500,123000,6270829,-0.04280155642023342
2021-01-29,128500,128500,121500,122500,7391307,-0.004065040650406471
2021-02-01,121000,126000,118000,125000,5620305,0.020408163265306145
2021-02-02,128500,132500,127000,130000,4880067,0.040000000000000036
2021-02-03,131000,131500,128500,130000,3693688,0.0
2021-02-04,127500,128500,124000,125000,4600618,-0.038461538461538436
2021-02-05,126500,128000,124500,127500,3497303,0.020000000000000018
2021-02-08,127500,128000,125000,125000,2876471,-0.019607843137254943
2021-02-09,127500,130000,125000,125500,5177095,0.0040000000000000036
2021-02-10,125500,127000,124500,126000,4262526,0.003984063745019917
2021-02-15,130000,132500,130000,132000,5384526,0.04761904761904767
2021-02-16,132500,134000,130500,132500,3218689,0.0037878787878788955
2021-02-17,131000,131000,128000,130000,3621178,-0.018867924528301883
2021-02-18,128500,130000,125500,126000,3792425,-0.03076923076923077
2021-02-19,129000,133000,128500,133000,6986526,0.05555555555555558
2021-02-22,136000,139500,135000,136500,7961516,0.026315789473684292
2021-02-23,133500,140000,131500,138500,6400037,0.0146520146520146
2021-02-24,137500,143500,134000,136000,9074809,-0.018050541516245522
2021-02-25,141000,149500,140000,148500,9936495,0.09191176470588225
2021-02-26,143500,145000,138000,141500,10843268,-0.047138047138047146
2021-03-02,149000,150500,141000,144500,9376523,0.021201413427561766
2021-03-03,142500,147000,139500,147000,5827221,0.01730103806228378
2021-03-04,143000,145500,139500,142000,6586562,-0.03401360544217691
2021-03-05,138000,141500,136500,140000,6091444,-0.014084507042253502
2021-03-08,143000,143000,135500,135500,5587787,-0.03214285714285714
2021-03-09,134000,137500,130500,136500,7822152,0.007380073800737907
2021-03-10,140500,140500,132500,133000,5614476,-0.02564102564102566
2021-03-11,134500,139000,134000,137000,6707671,0.03007518796992481
2021-03-12,140500,142500,139500,140000,4548695,0.021897810218978186
2021-03-15,141500,142000,136000,136500,4289990,-0.025000000000000022
2021-03-16,138500,140500,138000,140500,3304561,0.0293040293040292
2021-03-17,141000,141000,138500,140000,2588319,-0.003558718861209953
2021-03-18,142500,145000,141000,142000,4426840,0.014285714285714235
2021-03-19,138000,139500,137000,138000,4015627,-0.028169014084507005
2021-03-22,138500,140000,137000,138000,2727719,0.0
2021-03-23,139000,139500,134000,135000,3839090,-0.021739130434782594
2021-03-24,133000,134500,131500,133500,3894080,-0.011111111111111072
2021-03-25,133000,134500,130500,133000,4157799,-0.0037453183520599342
2021-03-26,134000,135000,132000,135000,3835443,0.015037593984962516
2021-03-29,135500,135500,131500,132000,3575226,-0.022222222222222254
2021-03-30,133000,135500,132000,134500,3304184,0.018939393939394034
2021-03-31,134500,135000,132000,132500,3309680,-0.014869888475836479
2021-04-01,138000,140500,136500,140500,5833436,0.060377358490566024
2021-04-02,142000,143000,140000,141000,3432245,0.003558718861210064
2021-04-05,142000,144500,141000,143000,2616440,0.014184397163120588
2021-04-06,147000,147000,141500,143000,3753217,0.0
2021-04-07,146000,146000,142500,143500,2424687,0.0034965034965035446
2021-04-08,143500,146000,142500,144000,3774932,0.0034843205574912606
2021-04-09,144000,145000,139500,140000,3276077,-0.02777777777777779
2021-04-12,140500,140500,136000,137500,3878457,-0.017857142857142905
2021-04-13,136000,140000,135500,139500,2876178,0.014545454545454639
2021-04-14,139000,139000,136500,137000,2777203,-0.017921146953404965
2021-04-15,136000,139000,136000,137500,2291160,0.0036496350364962904
2021-04-16,138500,139000,137500,137500,1982877,0.0
2021-04-19,138000,139000,137000,138000,1906782,0.0036363636363636598
2021-04-20,136500,138500,136500,138500,2167732,0.0036231884057971175
2021-04-21,138000,138000,132000,132500,5120577,-0.04332129963898912
2021-04-22,134500,135500,133000,133000,3007457,0.0037735849056603765
2021-04-23,130500,132500,128500,132500,4854412,-0.003759398496240629
2021-04-26,132500,132500,130500,131500,2904879,-0.007547169811320753
2021-04-27,133000,136000,132500,135000,3394650,0.026615969581748944
2021-04-28,134500,135000,130000,130000,5596760,-0.03703703703703709
2021-04-29,132000,133000,129000,130000,3738266,0.0
2021-04-30,130000,130500,126500,128000,3955947,-0.01538461538461533
2021-05-03,127500,132500,127000,131500,4085398,0.02734375
2021-05-04,130500,132000,129000,132000,2547004,0.0038022813688212143
2021-05-06,130000,130500,128000,129000,4211535,-0.022727272727272707
2021-05-07,128000,131000,127000,129500,3450323,0.003875968992248069
2021-05-10,131000,131000,128500,130000,3067077,0.0038610038610038533
2021-05-11,127000,127500,122000,123000,9882491,-0.05384615384615388
2021-05-12,123000,123500,119000,119500,8272196,-0.028455284552845517
2021-05-13,116000,118500,115500,117500,6042025,-0.01673640167364021
2021-05-14,118500,120000,118000,118500,3227201,0.008510638297872353
2021-05-17,120000,120000,117000,117500,3110127,-0.008438818565400852
2021-05-18,117500,122000,117500,121000,3470048,0.029787234042553123
2021-05-20,121000,124000,119500,122500,4600751,0.012396694214876103
2021-05-21,124500,125500,121000,122500,4062695,0.0
2021-05-24,122000,122500,119000,119500,3188734,-0.024489795918367308
2021-05-25,121500,123000,120500,123000,3258364,0.029288702928870203
2021-05-26,124000,124500,122000,123000,3015522,0.0
2021-05-27,124500,126000,123000,125500,4539067,0.020325203252032464
2021-05-28,126500,126500,124000,125000,2332971,-0.003984063745019917
2021-05-31,126000,127000,124000,127000,2448074,0.016000000000000014
2021-06-01,127000,129000,126000,128500,2819179,0.011811023622047223
2021-06-02,128500,129000,125500,126000,2885654,-0.01945525291828798
2021-06-03,127000,130000,126500,129000,3353993,0.023809523809523725
2021-06-04,127500,129000,126500,128500,2555891,-0.003875968992248069
2021-06-07,129500,130000,128000,128500,2562918,0.0
2021-06-08,127000,127500,125000,127500,4194955,-0.0077821011673151474
2021-06-09,125500,126000,122500,122500,6087592,-0.039215686274509776
2021-06-10,122500,124000,120500,123000,4533076,0.004081632653061273
2021-06-11,124500,128500,124000,128000,4868608,0.04065040650406515
2021-06-14,127000,127500,125500,127000,2022730,-0.0078125
2021-06-15,128500,129500,128000,128500,1975082,0.011811023622047223
2021-06-16,128000,129500,127000,129500,1893752,0.0077821011673151474
2021-06-17,127000,128000,126000,126500,2123793,-0.02316602316602312
2021-06-18,127500,127500,124500,124500,2506112,-0.015810276679841917
2021-06-21,121000,123000,120500,122000,3275288,-0.02008032128514059
2021-06-22,122500,123500,122000,122000,2179712,0.0
2021-06-23,122500,124500,122000,124000,2703658,0.016393442622950838
2021-06-24,124000,126500,123500,126000,2646407,0.016129032258064502
2021-06-25,128000,129000,127500,128500,2531018,0.01984126984126977
2021-06-28,129000,129500,126000,126000,2402730,-0.01945525291828798
2021-06-29,127500,128000,125000,125000,2211572,-0.007936507936507908
2021-06-30,126500,129500,126000,127500,4346027,0.020000000000000018
2021-07-01,127500,128000,124000,124500,3336174,-0.02352941176470591
2021-07-02,122500,123500,121500,122500,3983921,-0.016064257028112428
2021-07-05,123500,124500,122500,123000,1632551,0.004081632653061273
2021-07-06,124000,126000,123500,125000,2067135,0.016260162601626105
2021-07-07,125000,125500,122500,123500,2229140,-0.01200000000000001
2021-07-08,123500,123500,121000,121500,3165552,-0.01619433198380571
2021-07-09,120500,120500,118000,119500,4823577,-0.016460905349794275
2021-07-12,121000,122000,119500,120000,2477201,0.004184100418409997
2021-07-13,121000,123500,121000,123000,2879072,0.02499999999999991
2021-07-14,122500,124000,121500,123500,2443087,0.004065040650406582
2021-07-15,123500,124000,122500,123500,1500981,0.0
2021-07-16,122000,122500,120500,121500,2905546,-0.01619433198380571
2021-07-19,119000,120000,118500,119000,2066638,-0.020576131687242816
2021-07-20,117500,119500,117500,118500,2070074,-0.004201680672268893
2021-07-21,119500,120000,116500,117000,2864601,-0.012658227848101222
2021-07-22,118000,120000,118000,119500,1919233,0.02136752136752129
2021-07-23,118500,119000,117500,118500,1747651,-0.008368200836820106
2021-07-26,119500,120000,117000,117000,1836657,-0.012658227848101222
2021-07-27,118000,119000,116000,116000,2916330,-0.008547008547008517
2021-07-28,115000,115500,112500,114000,6033084,-0.017241379310344862
2021-07-29,115000,115500,113000,114000,3054699,0.0
2021-07-30,114000,114000,112500,112500,2888566,-0.013157894736842146
2021-08-02,113500,117000,113000,116000,4276730,0.03111111111111109
2021-08-03,118000,120500,117000,120000,4375622,0.034482758620689724
