Date,Open,High,Low,Close,Volume,Change
2017-05-16,10015,10025,10000,10000,60160,
2017-05-17,10035,10045,10035,10035,40005,0.0035000000000000586
2017-05-18,9980,10045,9980,10040,46000,0.0004982561036372957
2017-05-19,10045,10055,10045,10055,272,0.0014940239043825798
2017-05-22,10115,10115,10090,10090,20011,0.00348085529587272
2017-05-23,10145,10205,10145,10205,108,0.011397423191278566
2017-05-24,10255,10280,10255,10280,21246,0.007349338559529572
2017-05-25,10235,10235,10175,10190,20060,-0.008754863813229541
2017-05-26,10240,10250,10235,10235,103630,0.004416094210009769
2017-05-29,10220,10250,10220,10240,187196,0.0004885197850512668
2017-05-30,10255,10265,10230,10245,264562,0.00048828125
2017-05-31,10230,10235,10205,10215,405603,-0.002928257686676372
2017-06-01,10295,10300,10260,10270,253065,0.00538423886441497
2017-06-02,10335,10370,10320,10365,190823,0.009250243427458615
2017-06-05,10385,10395,10355,10360,186972,-0.0004823926676315038
2017-06-07,10365,10435,10365,10400,181586,0.0038610038610038533
2017-06-08,10425,10445,10385,10385,192531,-0.0014423076923076872
2017-06-09,10375,10375,10340,10345,216464,-0.003851709195955677
2017-06-12,10370,10410,10370,10385,233120,0.003866602223296267
2017-06-13,10380,10380,10335,10335,211885,-0.004814636494944624
2017-06-14,10390,10400,10345,10345,207865,0.0009675858732463016
2017-06-15,10415,10435,10400,10410,702062,0.006283228612856462
2017-06-16,10420,10495,10395,10465,226316,0.005283381364072914
2017-06-19,10500,10540,10485,10530,125753,0.006211180124223503
2017-06-20,10530,10605,10530,10590,249329,0.005698005698005604
2017-06-21,10485,10520,10485,10515,213042,-0.007082152974504208
2017-06-22,10485,10500,10445,10490,257141,-0.002377555872563053
2017-06-23,10500,10500,10460,10460,226739,-0.0028598665395614953
2017-06-26,10460,10475,10430,10440,234031,-0.0019120458891013214
2017-06-27,10520,10525,10515,10520,206128,0.00766283524904221
2017-06-28,10430,10525,10430,10525,213379,0.00047528517110273505
2017-06-29,10560,10560,10490,10530,259686,0.00047505938242276
2017-06-30,10510,10510,10450,10465,214640,-0.006172839506172867
2017-07-03,10460,10465,10425,10465,218193,0.0
2017-07-04,10505,10505,10455,10490,249085,0.0023889154323937234
2017-07-05,10495,10500,10455,10500,193471,0.0009532888465204614
2017-07-06,10430,10490,10400,10490,231689,-0.0009523809523809268
2017-07-07,10495,10505,10465,10470,194582,-0.0019065776930410339
2017-07-10,10450,10450,10415,10440,208705,-0.002865329512893977
2017-07-11,10440,10465,10410,10465,222371,0.002394636015325746
2017-07-12,10440,10440,10370,10380,179458,-0.008122312470138504
2017-07-13,10465,10465,10375,10405,194911,0.002408477842003931
2017-07-14,10430,10445,10415,10420,264339,0.0014416146083613413
2017-07-17,10500,10500,10425,10455,182261,0.0033589251439538614
2017-07-18,10485,10505,10450,10450,186015,-0.0004782400765184214
2017-07-19,10485,10485,10445,10445,176196,-0.0004784688995215225
2017-07-20,10515,10555,10510,10545,180781,0.00957395883197698
2017-07-21,10630,10630,10570,10575,206552,0.002844950213371167
2017-07-24,10570,10570,10510,10530,176117,-0.004255319148936176
2017-07-25,10495,10510,10460,10495,193421,-0.003323836657169954
2017-07-26,10480,10530,10480,10525,187020,0.002858504049547461
2017-07-27,10560,10560,10460,10485,195463,-0.0038004750593824133
2017-07-28,10495,10575,10495,10575,217691,0.008583690987124415
2017-07-31,10575,10580,10515,10515,203889,-0.005673758865248235
2017-08-01,10570,10580,10525,10580,197237,0.006181645268663827
2017-08-02,10610,10700,10610,10700,184720,0.011342155009451904
2017-08-03,10710,10745,10705,10725,181235,0.002336448598130758
2017-08-04,10760,10765,10720,10720,200525,-0.0004662004662004948
2017-08-07,10740,10740,10700,10725,163791,0.00046641791044765846
2017-08-08,10735,10745,10700,10700,208617,-0.002331002331002363
2017-08-09,10700,10765,10670,10760,194140,0.005607476635514086
2017-08-10,10775,10810,10725,10810,196783,0.004646840148698983
2017-08-11,10800,10810,10740,10775,222731,-0.00323774283071232
2017-08-14,10715,10715,10610,10660,190357,-0.010672853828306295
2017-08-16,10715,10725,10680,10725,204061,0.0060975609756097615
2017-08-17,10755,10755,10700,10735,185520,0.0009324009324009896
2017-08-18,10715,10805,10700,10710,241686,-0.0023288309268747476
2017-08-21,10760,10765,10685,10695,219957,-0.0014005602240896309
2017-08-22,10815,10815,10685,10735,198539,0.003740065451145469
2017-08-23,10765,10770,10685,10710,198792,-0.0023288309268747476
2017-08-24,10760,10760,10670,10680,228553,-0.0028011204481792618
2017-08-25,10775,10790,10715,10715,198393,0.0032771535580524702
2017-08-28,10740,10740,10695,10720,206094,0.00046663555762949116
2017-08-29,10700,10800,10700,10765,220695,0.004197761194029814
2017-08-30,10760,10760,10655,10675,217092,-0.008360427310729168
2017-08-31,10720,10740,10630,10740,272152,0.006088992974238927
2017-09-01,10810,10810,10705,10775,562,0.0032588454376163423
2017-09-04,10785,10855,10785,10855,4025,0.00742459396751749
2017-09-05,10855,10895,10855,10875,1039,0.0018424689083371693
2017-09-06,10850,10910,10810,10910,1487,0.003218390804597737
2017-09-07,10875,10875,10815,10820,1111,-0.008249312557286892
2017-09-08,10890,10890,10845,10845,807,0.002310536044362266
2017-09-11,10885,10970,10865,10970,1035,0.01152604887044717
2017-09-12,11010,11035,10945,10945,9448,-0.002278942570647202
2017-09-13,10895,10930,10895,10900,559,-0.004111466423024179
2017-09-14,10825,10900,10800,10850,215,-0.004587155963302725
2017-09-15,10860,10895,10825,10890,1121,0.0036866359447005337
2017-09-18,10870,10870,10810,10855,829,-0.003213957759412356
2017-09-19,10815,10880,10815,10870,211,0.0013818516812529325
2017-09-20,10855,10865,10765,10810,1509,-0.005519779208831621
2017-09-21,10815,10860,10815,10820,1033,0.0009250693802034249
2017-09-22,10765,10810,10765,10805,1002,-0.0013863216266173373
2017-09-25,10785,10785,10705,10780,2609,-0.0023137436372050457
2017-09-26,10730,10815,10730,10805,792,0.002319109461966562
2017-09-27,10710,10765,10680,10695,417,-0.01018047200370198
2017-09-28,10700,10820,10690,10820,823,0.011687704534829368
2017-09-29,10790,10795,10790,10790,1090,-0.0027726432532347856
2017-10-10,10785,10785,10710,10715,1619,-0.006950880444856367
2017-10-11,10715,10785,10715,10730,6404,0.0013999066728884735
2017-10-12,10790,10790,10790,10790,385,0.005591798695246952
2017-10-13,10810,10810,10720,10770,1754,-0.001853568118628357
2017-10-16,10760,10800,10760,10800,1530,0.0027855153203342198
2017-10-17,10790,10805,10675,10795,9118,-0.0004629629629629983
2017-10-18,10765,10805,10765,10800,4025,0.0004631773969430153
2017-10-19,10755,10850,10725,10835,23091,0.003240740740740655
2017-10-20,10795,10880,10795,10880,1093,0.004153207198892561
2017-10-23,10775,10825,10775,10825,1321,-0.005055147058823484
2017-10-24,10730,10745,10690,10735,1718,-0.008314087759815236
2017-10-25,10760,10760,10690,10735,1177,0.0
2017-10-26,10600,10620,10600,10610,886,-0.011644154634373516
2017-10-27,10610,10685,10580,10680,874,0.006597549481621057
2017-10-30,10635,10640,10615,10625,596,-0.005149812734082437
2017-10-31,10635,10660,10570,10570,3325,-0.005176470588235338
2017-11-01,10625,10635,10600,10600,153,0.002838221381267658
2017-11-02,10560,10590,10525,10535,1033,-0.00613207547169814
2017-11-03,10560,10575,10535,10570,239,0.0033222591362125353
2017-11-06,10550,10615,10550,10605,584,0.0033112582781456013
2017-11-07,10575,10575,10510,10525,3405,-0.007543611504007508
2017-11-08,10580,10625,10580,10625,386,0.009501187648456089
2017-11-09,10640,10660,10640,10645,491,0.0018823529411764461
2017-11-10,10640,10705,10630,10665,226,0.0018788163457021945
2017-11-13,10600,10625,10600,10625,1930,-0.0037505860290670823
2017-11-14,10595,10595,10560,10570,1342,-0.005176470588235338
2017-11-15,10595,10595,10505,10505,337,-0.0061494796594134815
2017-11-16,10480,10480,10390,10400,1460,-0.009995240361732494
2017-11-17,10375,10375,10295,10370,279,-0.0028846153846153744
2017-11-20,10345,10365,10300,10365,218,-0.00048216007714563247
2017-11-21,10340,10900,10335,10335,3025,-0.0028943560057886897
2017-11-22,10340,10340,10270,10325,1409,-0.0009675858732463016
2017-11-23,10330,10340,10310,10340,342,0.0014527845036320652
2017-11-24,10330,10335,10260,10335,1411,-0.0004835589941972751
2017-11-27,10400,10475,10380,10475,214,0.013546202225447557
2017-11-28,10395,10435,10395,10400,1313,-0.007159904534606243
2017-11-29,10390,10410,10325,10375,511,-0.0024038461538461453
2017-11-30,10305,10390,10285,10390,360,0.0014457831325300763
2017-12-01,10455,10505,10455,10490,388,0.009624639076034613
2017-12-04,10445,10515,10415,10510,1112,0.0019065776930409228
2017-12-05,10480,10495,10465,10490,1132,-0.0019029495718363432
2017-12-06,10415,10475,10415,10475,2474,-0.0014299332697806921
2017-12-07,10435,10435,10435,10435,20,-0.003818615751789989
2017-12-08,10490,10530,10490,10525,494,0.008624820316243342
2017-12-11,10475,10505,10455,10505,1578,-0.0019002375296912621
2017-12-12,10490,10515,10490,10515,1950,0.0009519276534983856
2017-12-13,10420,10455,10420,10450,364,-0.006181645268663827
2017-12-14,10420,10420,10355,10380,832,-0.006698564593301426
2017-12-15,10385,10435,10375,10395,310,0.0014450867052022698
2017-12-18,10415,10430,10395,10430,802,0.0033670033670034627
2017-12-19,10440,10440,10440,10440,248,0.0009587727708533222
2017-12-20,10370,10370,10320,10320,183,-0.011494252873563204
2017-12-21,10255,10275,10235,10275,1347,-0.0043604651162790775
2017-12-22,10235,10255,10185,10255,842,-0.00194647201946474
2017-12-26,10195,10240,10190,10220,551,-0.0034129692832765013
2017-12-27,10160,10195,10150,10195,1133,-0.0024461839530333096
2017-12-28,10240,10240,10195,10200,302,0.0004904364884747991
2018-01-02,10170,10185,10060,10115,342,-0.008333333333333304
2018-01-03,10150,10260,10145,10240,2273,0.012357884330202573
2018-01-04,10180,10245,10160,10205,5187,-0.00341796875
2018-01-05,10215,10255,10195,10255,1183,0.00489955903968653
2018-01-08,10285,10350,10230,10335,10467,0.007801072647489082
2018-01-09,10290,10360,10290,10350,2457,0.0014513788098693414
2018-01-10,10330,10335,10260,10335,3675,-0.0014492753623188692
2018-01-11,10210,10235,10160,10235,8068,-0.009675858732462461
2018-01-12,10175,10175,10145,10160,1490,-0.007327796775769446
2018-01-15,10140,10160,10100,10150,5893,-0.0009842519685039353
2018-01-16,10165,10175,10120,10165,1085,0.001477832512315258
2018-01-17,10235,10250,10235,10240,728,0.0073782587309394465
2018-01-18,10300,10340,10280,10340,10206,0.009765625
2018-01-19,10250,10310,10250,10265,3530,-0.007253384912959349
2018-01-22,10245,10325,10230,10325,2811,0.005845104724792938
2018-01-23,10320,10370,10275,10355,6249,0.0029055690072639084
2018-01-24,10380,10425,10345,10400,17078,0.004345726702076336
2018-01-25,10360,10375,10300,10300,1622,-0.009615384615384581
2018-01-26,10305,10415,10305,10365,329,0.006310679611650549
2018-01-29,10380,10400,10350,10395,1600,0.0028943560057888007
2018-01-30,10320,10365,10250,10365,2769,-0.0028860028860029363
2018-01-31,10285,10285,10210,10240,1117,-0.012059816690786263
2018-02-01,10275,10380,10275,10370,6176,0.0126953125
2018-02-02,10290,10370,10235,10370,374,0.0
2018-02-05,10275,10305,10145,10285,7408,-0.008196721311475419
2018-02-06,10150,10160,10055,10105,1943,-0.01750121536217797
2018-02-07,9945,9945,9855,9920,712,-0.01830776843146953
2018-02-08,9915,9965,9915,9965,133,0.004536290322580738
2018-02-09,9745,9860,9745,9800,590,-0.01655795283492223
2018-02-12,9765,9765,9670,9730,1302,-0.0071428571428571175
2018-02-13,9795,9815,9755,9765,802,0.003597122302158251
2018-02-14,9815,9850,9780,9785,1099,0.0020481310803890374
2018-02-19,9995,9995,9805,9915,1477,0.013285641287685168
2018-02-20,9855,9950,9855,9950,50,0.0035300050428643814
2018-02-21,9890,9935,9890,9935,245,-0.0015075376884422509
2018-02-22,9810,9910,9795,9910,390,-0.0025163563160544022
2018-02-23,9810,9810,9790,9805,273,-0.010595358224016138
2018-02-26,9890,9895,9880,9880,121,0.007649158592554883
2018-02-27,9865,9865,9800,9845,3015,-0.003542510121457454
2018-02-28,9700,9805,9700,9805,443,-0.004062976130015272
2018-03-02,9700,9725,9690,9710,315,-0.009688934217236156
2018-03-05,9655,9685,9625,9685,472,-0.002574665293511802
2018-03-06,9715,9715,9670,9705,563,0.0020650490449147796
2018-03-07,9705,9705,9650,9655,135,-0.005151983513652758
2018-03-08,9655,9660,9650,9660,21,0.0005178663904712444
2018-03-09,9650,9700,9650,9700,193,0.0041407867494824835
2018-03-12,9700,9740,9700,9740,148,0.004123711340206171
2018-03-13,9755,9785,9710,9780,641,0.004106776180698102
2018-03-14,9800,9800,9740,9800,64,0.002044989775051187
2018-03-15,9795,9795,9760,9795,59,-0.0005102040816326037
2018-03-16,9745,9745,9700,9735,14,-0.006125574272588086
2018-03-19,9675,9750,9675,9750,480,0.0015408320493066618
2018-03-20,9670,9715,9650,9680,1336,-0.007179487179487132
2018-03-21,9585,9655,9585,9650,362,-0.0030991735537190257
2018-03-22,9670,9680,9585,9680,80,0.0031088082901553626
2018-03-23,9580,9710,9580,9710,265,0.0030991735537189147
2018-03-26,9600,9620,9600,9620,39,-0.009268795056642687
2018-03-27,9605,9605,9560,9560,297,-0.006237006237006182
2018-03-28,9570,9620,9510,9620,46,0.006276150627614996
2018-03-29,9565,9590,9565,9590,109,-0.0031185031185031464
2018-03-30,9590,9610,9590,9590,570,0.0
2018-04-02,9545,9545,9535,9540,50,-0.005213764337851923
2018-04-03,9430,9495,9430,9470,458,-0.007337526205450695
2018-04-04,9415,9490,9395,9490,179,0.002111932418162654
2018-04-05,9470,9515,9470,9515,58,0.0026343519494205214
2018-04-06,9565,9685,9565,9595,2247,0.008407777193904398
2018-04-09,9570,9650,9570,9650,13,0.005732152162584603
2018-04-10,9695,9705,9605,9705,43,0.0056994818652849055
2018-04-11,9705,9755,9705,9755,453,0.005151983513652647
2018-04-12,9720,9720,9685,9685,111,-0.007175807278318791
2018-04-13,9680,9725,9645,9725,21,0.004130098089829559
2018-04-16,9725,9800,9720,9800,216,0.007712082262210762
2018-04-17,9845,9845,9825,9825,237,0.0025510204081633514
2018-04-18,9830,9850,9830,9850,126,0.0025445292620864812
2018-04-19,9805,9805,9805,9805,1,-0.004568527918781706
2018-04-20,9870,9875,9870,9875,1017,0.007139214686384454
2018-04-23,9740,9800,9740,9800,336,-0.0075949367088608
2018-04-24,9735,9735,9720,9720,332,-0.008163265306122436
2018-04-25,9840,9880,9765,9880,60,0.016460905349794164
2018-04-26,9805,9845,9795,9845,53,-0.003542510121457454
2018-04-27,9845,9845,9845,9845,0,0.0
2018-04-30,9845,9845,9845,9845,2,0.0
2018-05-02,9810,9895,9810,9895,31,0.00507872016251909
2018-05-03,9900,9950,9880,9950,456,0.005558362809499728
2018-05-04,9885,9885,9885,9885,50,-0.006532663316582865
2018-05-08,9895,9965,9895,9965,288,0.008093070308548223
2018-05-09,9815,9915,9815,9890,111,-0.007526342197691882
2018-05-10,9880,9880,9820,9820,10,-0.00707785642062686
2018-05-11,9845,9865,9845,9865,353,0.0045824847250508505
2018-05-14,9865,9890,9865,9890,82,0.0025342118601114905
2018-05-15,9925,9965,9865,9965,46,0.007583417593528763
2018-05-16,9840,9935,9820,9915,432,-0.005017561465127995
2018-05-17,9850,9850,9815,9815,349,-0.010085728693898122
2018-05-18,9775,9785,9770,9785,142,-0.0030565461029037344
2018-05-21,9680,9730,9680,9725,423,-0.006131834440470052
2018-05-23,9815,9815,9795,9810,406,0.008740359897172256
2018-05-24,9750,9790,9750,9790,12,-0.0020387359836900876
2018-05-25,9795,9795,9765,9765,41,-0.0025536261491317935
2018-05-28,9680,9685,9680,9685,56,-0.008192524321556593
2018-05-29,9700,9700,9655,9700,8,0.0015487867836860847
2018-05-30,9645,9645,9635,9635,27,-0.006701030927835028
2018-05-31,9705,9705,9705,9705,2,0.007265179034769087
2018-06-01,9640,9715,9640,9715,86,0.0010303967027305294
2018-06-04,9640,9640,9640,9640,2,-0.00772002058672161
2018-06-05,9645,9675,9585,9675,254,0.0036307053941908585
2018-06-07,9570,9570,9570,9570,146,-0.010852713178294615
2018-06-08,9595,9665,9540,9665,28,0.009926854754440884
2018-06-11,9625,9625,9470,9580,1307,-0.008794619762027889
2018-06-12,9590,9670,9590,9670,20961,0.009394572025052117
2018-06-14,9695,9795,9695,9790,34,0.012409513960703222
2018-06-15,9790,9900,9790,9900,285,0.011235955056179803
2018-06-18,9880,9950,9860,9950,655,0.005050505050504972
2018-06-19,9955,9955,9910,9915,340,-0.0035175879396984744
2018-06-20,9940,9940,9895,9940,21158,0.002521432173474558
2018-06-21,9970,10075,9970,10075,4819,0.01358148893360167
2018-06-22,9995,10010,9995,10010,40,-0.006451612903225823
2018-06-25,10105,10175,10070,10175,2452,0.016483516483516425
2018-06-26,10105,10145,10085,10145,138,-0.0029484029484029284
2018-06-27,10100,10100,10100,10100,21,-0.004435682602267121
2018-06-28,10140,10155,10130,10135,2574,0.0034653465346534684
2018-06-29,10170,10175,10070,10070,11,-0.006413418845584662
2018-07-02,10200,10205,10185,10185,1974,0.011420059582919473
2018-07-03,10170,10225,10170,10225,6630,0.003927344133529687
2018-07-04,10250,10275,10205,10205,5916,-0.0019559902200488866
2018-07-05,10285,10285,10285,10285,10,0.007839294463498181
2018-07-06,10325,10395,10295,10320,3257,0.003403014098201318
2018-07-09,10360,10400,10345,10345,3877,0.002422480620154932
2018-07-10,10325,10325,10230,10270,19,-0.007249879168680473
2018-07-11,10395,10395,10375,10375,1847,0.010223953261927932
2018-07-12,10425,10425,10350,10350,1164,-0.002409638554216831
2018-07-13,10380,10380,10365,10380,7949,0.0028985507246377384
2018-07-16,10430,10510,10410,10510,1337,0.012524084778420042
2018-07-17,10475,10475,10445,10445,491,-0.006184586108468171
2018-07-18,10470,10500,10370,10500,3890,0.005265677357587428
2018-07-19,10395,10395,10350,10375,2370,-0.011904761904761862
2018-07-20,10475,10500,10440,10500,4434,0.012048192771084265
2018-07-23,10450,10450,10405,10415,410,-0.008095238095238044
2018-07-24,10420,10420,10420,10420,1000,0.00048007681228989796
2018-07-25,10490,10490,10455,10465,2109,0.004318618042226552
2018-07-26,10395,10395,10290,10380,3609,-0.008122312470138504
2018-07-27,10425,10425,10425,10425,457,0.004335260115607031
2018-07-30,10355,10430,10355,10430,99,0.0004796163069544779
2018-07-31,10415,10415,10410,10410,9,-0.0019175455417066445
2018-08-01,10410,10470,10410,10470,31,0.0057636887608070175
2018-08-02,10365,10365,10365,10365,1,-0.01002865329512892
2018-08-03,10395,10415,10370,10415,437,0.004823926676314594
2018-08-06,10425,10425,10425,10425,47,0.000960153624580018
2018-08-07,10440,10440,10375,10375,1622,-0.004796163069544335
2018-08-08,10360,10360,10355,10360,26,-0.0014457831325300763
2018-08-09,10390,10390,10390,10390,9,0.0028957528957529455
2018-08-10,10395,10455,10395,10455,95,0.006256015399422443
2018-08-13,10395,10460,10370,10460,181,0.0004782400765184214
2018-08-14,10400,10400,10380,10380,32,-0.007648183556405397
2018-08-16,10205,10285,10200,10285,28,-0.009152215799614671
2018-08-17,10230,10230,10230,10230,0,-0.005347593582887722
2018-08-20,10215,10265,10215,10265,76,0.003421309872922773
2018-08-21,10200,10240,10200,10240,397,-0.002435460301997039
2018-08-22,10255,10260,10255,10260,9,0.001953125
2018-08-23,10245,10295,10245,10295,116,0.003411306042885087
2018-08-24,10255,10255,10255,10255,964,-0.0038853812530355025
2018-08-27,10205,10205,10205,10205,76,-0.004875670404680621
2018-08-28,10175,10175,10170,10175,104,-0.0029397354238118734
2018-08-29,10180,10195,10175,10195,186,0.0019656019656020263
2018-08-30,10190,10190,10190,10190,10,-0.0004904364884746881
2018-08-31,10150,10150,10150,10150,38,-0.003925417075564264
2018-09-03,10060,10100,10060,10100,66,-0.0049261083743842304
2018-09-04,10100,10100,10100,10100,7,0.0
2018-09-05,10065,10080,10040,10080,461,-0.001980198019801982
2018-09-06,10120,10120,10095,10095,509,0.0014880952380953438
2018-09-07,10095,10110,10095,10110,67,0.0014858841010401136
2018-09-10,10165,10165,10165,10165,60,0.005440158259149452
2018-09-11,10155,10155,10155,10155,147,-0.000983767830791904
2018-09-12,10135,10190,10135,10190,10,0.003446578040374293
2018-09-13,10120,10175,10120,10175,18,-0.0014720314033366266
2018-09-14,10165,10165,10165,10165,0,-0.0009828009828010131
2018-09-17,10135,10135,10135,10135,9,-0.002951303492375823
2018-09-18,10255,10255,10240,10240,73,0.010360138135175223
2018-09-19,10205,10205,10170,10170,496,-0.0068359375
2018-09-20,10125,10150,10025,10150,24,-0.001966568338249708
2018-09-21,10100,10110,10100,10110,421,-0.003940886699507429
2018-09-27,9995,10000,9910,9965,416,-0.014342235410484627
2018-09-28,9940,9970,9930,9930,242,-0.00351229302558953
2018-10-01,9910,9960,9905,9960,1842,0.0030211480362538623
2018-10-02,9975,10000,9950,9970,801,0.0010040160642570406
2018-10-04,10010,10145,10010,10145,80,0.017552657973921804
2018-10-05,9990,10080,9975,10075,46,-0.006899950714637781
2018-10-08,10085,10085,10085,10085,37,0.0009925558312655625
2018-10-10,10050,10095,10050,10095,799,0.0009915716410511255
2018-10-11,10085,10140,10085,10140,350,0.004457652303120341
2018-10-12,9850,9875,9780,9835,1190,-0.030078895463510835
2018-10-15,9810,9810,9770,9770,231,-0.0066090493136756745
2018-10-16,9770,9825,9770,9800,216,0.003070624360286489
2018-10-17,9835,9960,9835,9960,51,0.01632653061224487
2018-10-18,9890,9975,9890,9975,72,0.001506024096385561
2018-10-19,9885,9960,9835,9835,1190,-0.01403508771929829
2018-10-22,9985,9985,9985,9985,12,0.015251652262328497
2018-10-23,9945,9945,9870,9880,603,-0.010515773660490724
2018-10-24,9870,9870,9865,9870,10,-0.0010121457489878916
2018-10-25,9925,9925,9925,9925,91,0.005572441742654588
2018-10-26,9835,9835,9835,9835,30,-0.00906801007556679
2018-10-29,9800,9800,9710,9715,1062,-0.012201321809862775
2018-10-30,9745,9745,9745,9745,0,0.0030880082346886883
2018-10-31,9745,9745,9745,9745,0,0.0
2018-11-01,9795,9795,9795,9795,42,0.005130836326321164
2018-11-02,9770,9810,9725,9765,103,-0.003062787136294043
2018-11-05,9665,9665,9665,9665,2,-0.010240655401945742
2018-11-06,9790,9790,9790,9790,41,0.012933264355923457
2018-11-07,9800,9800,9795,9795,51,0.0005107252298264253
2018-11-08,9890,9890,9890,9890,186,0.009698825931597765
2018-11-09,9925,9925,9925,9925,15,0.003538928210313541
2018-11-12,9955,9955,9910,9910,4,-0.0015113350125944836
2018-11-13,9895,9895,9775,9860,84,-0.005045408678102881
2018-11-14,9840,9880,9785,9880,15,0.0020283975659229903
2018-11-15,9790,9790,9790,9790,32,-0.009109311740890691
2018-11-16,9760,9785,9760,9775,21,-0.001532175689479054
2018-11-19,9780,9865,9780,9865,73,0.009207161125319718
2018-11-20,9845,9860,9845,9855,42,-0.0010136847440446184
2018-11-21,9795,9795,9730,9730,413,-0.01268391679350589
2018-11-22,9750,9750,9750,9750,10,0.0020554984583760483
2018-11-23,9705,9800,9705,9800,11,0.00512820512820511
2018-11-26,9735,9770,9735,9770,467,-0.003061224489795955
2018-11-27,9810,9825,9745,9745,232,-0.0025588536335721113
2018-11-28,9780,9780,9780,9780,0,0.0035915854284247484
2018-11-29,9800,9800,9795,9795,10,0.0015337423312884457
2018-11-30,9820,9820,9820,9820,2,0.002552322613578406
2018-12-03,9840,9840,9840,9840,30,0.0020366598778003286
2018-12-04,9815,9815,9815,9815,30,-0.002540650406504086
2018-12-05,9755,9755,9755,9755,969,-0.006113092205807469
2018-12-06,9775,9775,9775,9775,0,0.002050230650948226
2018-12-07,9750,9780,9750,9780,45,0.000511508951406725
2018-12-10,9790,9890,9790,9890,49,0.011247443762781195
2018-12-11,9775,9775,9775,9775,51,-0.011627906976744207
2018-12-12,9760,9760,9760,9760,10,-0.001534526854219953
2018-12-13,9920,9920,9890,9890,13,0.013319672131147486
2018-12-14,9890,9890,9890,9890,2,0.0
2018-12-17,9920,9920,9920,9920,10,0.0030333670374114163
2018-12-18,9775,9795,9775,9795,173,-0.012600806451612878
2018-12-19,9600,9600,9600,9600,2,-0.019908116385911168
2018-12-20,9735,9735,9735,9735,10,0.014062500000000089
2018-12-21,9595,9620,9595,9620,910,-0.011813045711350778
2018-12-24,9585,9585,9585,9585,10,-0.0036382536382536523
2018-12-26,9525,9605,9525,9605,270,0.0020865936358893666
2018-12-27,9420,9450,9400,9445,525,-0.01665799062988027
2018-12-28,9405,9405,9405,9405,1,-0.004235044997353055
2019-01-02,9420,9485,9420,9485,32,0.008506113769271684
2019-01-03,9515,9515,9455,9480,162,-0.0005271481286240887
2019-01-04,9495,9550,9495,9550,2,0.007383966244725704
2019-01-07,9575,9640,9575,9640,3,0.009424083769633551
2019-01-08,9695,9760,9695,9760,32,0.012448132780082943
2019-01-09,9775,9775,9775,9775,0,0.0015368852459016757
2019-01-10,9775,9775,9775,9775,0,0.0
2019-01-11,9975,9975,9875,9875,9,0.010230179028132946
2019-01-14,9880,9940,9880,9940,14,0.00658227848101256
2019-01-15,9875,9875,9850,9860,44,-0.008048289738430636
2019-01-16,9880,9880,9880,9880,0,0.0020283975659229903
2019-01-17,9945,9945,9945,9945,10,0.006578947368421018
2019-01-18,9990,9990,9945,9990,290,0.004524886877828038
2019-01-21,10065,10080,10065,10080,29,0.009009009009008917
2019-01-22,10080,10080,10080,10080,0,0.0
2019-01-23,10090,10090,10085,10085,407,0.0004960317460318553
2019-01-24,10085,10085,10085,10085,0,0.0
2019-01-25,10175,10175,10125,10125,123,0.00396628656420428
2019-01-28,10125,10130,10115,10115,3,-0.0009876543209876854
2019-01-29,10095,10095,10035,10035,12,-0.007909045971329687
2019-01-30,10075,10075,10075,10075,1,0.003986048829098143
2019-01-31,10125,10125,10115,10120,29,0.004466501240694809
2019-02-01,10165,10305,10160,10305,150,0.018280632411067144
2019-02-07,10305,10330,10250,10330,120,0.002426006792819013
2019-02-08,10345,10345,10330,10330,38,0.0
2019-02-11,10300,10300,10250,10285,19,-0.004356243949661165
2019-02-12,10360,10360,10300,10305,47,0.001944579484686404
2019-02-13,10365,10365,10320,10320,29,0.0014556040756914523
2019-02-14,10405,10405,10285,10385,1513,0.006298449612403001
2019-02-15,10350,10375,10350,10375,12,-0.000962927298988947
2019-02-18,10355,10395,10335,10390,79,0.0014457831325300763
2019-02-19,10390,10390,10390,10390,5,0.0
2019-02-20,10510,10510,10470,10490,54,0.009624639076034613
2019-02-21,10510,10545,10510,10525,708,0.003336510962821837
2019-02-22,10575,10580,10505,10580,34,0.005225653206650804
2019-02-25,10500,10600,10500,10600,681,0.001890359168241984
2019-02-26,10595,10595,10470,10555,1093,-0.004245283018867951
2019-02-27,10590,10590,10465,10540,1331,-0.00142112742775935
2019-02-28,10665,10665,10465,10475,2041,-0.006166982922201192
2019-03-04,10540,10665,10540,10665,146922,0.018138424821002364
2019-03-05,10665,10665,10520,10530,28726,-0.012658227848101222
2019-03-06,10565,10585,10555,10585,57,0.005223171889838563
2019-03-07,10590,10625,10530,10625,1728,0.0037789324515824507
2019-03-08,10620,10655,10580,10655,102,0.002823529411764669
2019-03-11,10665,10665,10600,10640,35,-0.001407789770060952
2019-03-12,10750,10750,10600,10665,975,0.0023496240601503793
2019-03-13,10755,10770,10650,10760,18459,0.00890764181903414
2019-03-14,10765,10800,10680,10715,4736,-0.004182156133828996
2019-03-15,10860,10860,10730,10760,1048,0.0041997200186654204
2019-03-18,10825,10830,10805,10830,256,0.006505576208178487
2019-03-19,10815,10910,10800,10820,6490,-0.0009233610341643494
2019-03-20,10835,10860,10810,10860,1041,0.003696857670979714
2019-03-21,10785,10825,10785,10825,377,-0.0032228360957642366
2019-03-22,10855,10915,10855,10910,2601,0.007852193995381063
2019-03-25,10875,10875,10795,10850,2673,-0.005499541704857891
2019-03-26,10850,10850,10770,10785,1899,-0.005990783410138256
2019-03-27,10935,10935,10865,10895,1225,0.010199350950394148
2019-03-28,10895,10895,10895,10895,0,0.0
2019-03-29,10965,10965,10805,10880,2271,-0.0013767783386874344
2019-04-01,10880,10920,10875,10920,217,0.003676470588235281
2019-04-02,10925,10965,10900,10965,2337,0.004120879120879106
2019-04-03,10965,10965,10865,10900,9828,-0.005927952576379347
2019-04-04,10900,11025,10900,10920,5961,0.0018348623853210455
2019-04-05,10925,10970,10925,10960,162,0.00366300366300365
2019-04-08,10970,11035,10970,11030,323,0.006386861313868675
2019-04-09,11060,11075,11060,11070,9115,0.0036264732547597323
2019-04-10,11030,11035,10950,10970,1168,-0.009033423667569984
2019-04-11,10965,11050,10965,11035,2116,0.005925250683682881
2019-04-12,11050,11065,11050,11060,1777,0.002265518803806099
2019-04-15,11040,11040,10985,11015,5268,-0.004068716094032587
2019-04-16,11020,11045,10940,11045,123,0.002723558783477076
2019-04-17,10980,10980,10950,10965,64,-0.007243096423721118
2019-04-18,10935,10965,10900,10960,693,-0.00045599635202919764
2019-04-19,10965,10965,10965,10965,397,0.00045620437956195303
2019-04-22,10960,11000,10960,11000,788,0.0031919744642043835
2019-04-23,10985,10985,10985,10985,369,-0.0013636363636363447
2019-04-24,10960,11015,10960,11015,959,0.00273099681383715
2019-04-25,11195,11240,11130,11240,5156,0.02042669087607818
2019-04-26,11240,11255,11155,11255,1061,0.0013345195729537185
2019-04-29,11150,11255,11150,11255,604,0.0
2019-04-30,11230,11295,11230,11295,105,0.0035539760106619855
2019-05-02,11310,11310,11175,11305,172343,0.0008853474988932408
2019-05-03,11225,11305,11180,11290,1794,-0.0013268465280849018
2019-05-07,11260,11290,11160,11245,2150,-0.003985828166519045
2019-05-08,11240,11255,11165,11255,58,0.0008892841262784223
2019-05-09,11255,11255,11100,11150,94,-0.009329187027987573
2019-05-10,11130,11225,11130,11210,436,0.0053811659192826156
2019-05-13,11300,11360,11235,11285,175,0.006690454950936564
2019-05-14,11435,11435,11325,11365,843,0.007089056269384164
2019-05-15,11420,11465,11420,11450,627,0.007479102507699009
2019-05-16,11435,11460,11320,11460,1025,0.0008733624454149158
2019-05-17,11475,11540,11475,11540,3834,0.00698080279232105
2019-05-20,11445,11545,11445,11530,10898,-0.0008665511265164572
2019-05-21,11435,11515,11435,11515,1366,-0.001300954032957491
2019-05-22,11525,11590,11495,11585,261,0.006079027355623046
2019-05-23,11450,11570,11450,11530,457,-0.004747518342684498
2019-05-24,11490,11505,11445,11450,73,-0.006938421509106729
2019-05-27,11515,11520,11510,11515,653,0.005676855895196509
2019-05-28,11360,11555,11360,11555,1233,0.0034737299174989467
2019-05-29,11525,11625,11450,11625,11441,0.0060579835569016804
2019-05-30,11505,11505,11275,11380,6074,-0.02107526881720434
2019-05-31,11240,11400,11240,11390,874,0.0008787346221441616
2019-06-03,11410,11410,11275,11310,755,-0.0070237050043898686
2019-06-04,11340,11400,11310,11395,270,0.0075154730327144925
2019-06-05,11370,11370,11325,11325,925,-0.006143045195261099
2019-06-07,11585,11600,11510,11525,449,0.017660044150110465
2019-06-10,11540,11765,11540,11765,7525,0.020824295010845928
2019-06-11,11720,11720,11640,11680,25452,-0.007224819379515468
2019-06-12,11665,11715,11665,11715,282,0.0029965753424656683
2019-06-13,11760,11780,11640,11740,1533,0.0021340162185232714
2019-06-14,11735,11735,11705,11725,1061,-0.0012776831345826523
2019-06-17,11745,11780,11715,11775,4356,0.004264392324093924
2019-06-18,11735,11740,11675,11740,1172,-0.002972399150743099
2019-06-19,11680,11760,11680,11750,592,0.0008517887563883608
2019-06-20,11765,11765,11685,11685,159,-0.00553191489361704
2019-06-21,11735,11815,11735,11800,416,0.009841677364142098
2019-06-24,11715,11755,11715,11735,123,-0.005508474576271238
2019-06-25,11770,11785,11760,11785,1100,0.004260758414997845
2019-06-26,11690,11750,11690,11720,1007,-0.005515485787017438
2019-06-27,11600,11630,11535,11630,819,-0.007679180887371961
2019-06-28,11590,11605,11475,11570,4793,-0.005159071367153878
2019-07-01,11680,11695,11565,11695,3037,0.010803802938634366
2019-07-02,11680,11690,11615,11680,211,-0.001282599401453588
2019-07-03,11715,11850,11715,11800,278,0.010273972602739656
2019-07-04,11895,11960,11840,11865,2307,0.005508474576271238
2019-07-05,11870,11985,11870,11985,117,0.010113780025284402
2019-07-08,11925,12025,11905,12025,14211,0.003337505214851877
2019-07-09,11965,11970,11875,11955,498,-0.0058212058212058215
2019-07-10,12015,12015,11900,11985,979,0.0025094102885820924
2019-07-11,12035,12035,11950,11960,1254,-0.0020859407592824786
2019-07-12,12055,12055,11935,11945,5512,-0.0012541806020066604
2019-07-15,11970,12035,11945,12035,229,0.007534533277522071
2019-07-16,12025,12050,11905,11970,3778,-0.00540091400083087
2019-07-17,11970,11975,11920,11955,18382,-0.0012531328320801727
2019-07-18,12000,12010,11945,11960,1614,0.0004182350480970154
2019-07-19,11950,11950,11865,11910,969,-0.004180602006689016
2019-07-22,11755,11925,11755,11925,379,0.0012594458438286438
2019-07-23,11930,11930,11790,11910,1749,-0.0012578616352201255
2019-07-24,11865,11865,11800,11850,3012,-0.005037783375314908
2019-07-25,11820,11885,11750,11885,3053,0.002953586497890237
2019-07-26,11815,11855,11740,11760,806,-0.010517458981909922
2019-07-29,11855,11855,11700,11750,1564,-0.0008503401360544505
2019-07-30,11785,11825,11785,11810,24376,0.005106382978723456
2019-07-31,11705,11705,11675,11685,301,-0.010584250635055081
2019-08-01,11715,11740,11685,11730,351,0.0038510911424902705
2019-08-02,11765,11885,11750,11875,5998,0.012361466325660597
2019-08-05,11770,12015,11770,12015,1906,0.011789473684210572
2019-08-06,11830,11830,11650,11730,6857,-0.02372034956304614
2019-08-07,11800,11815,11720,11800,4799,0.0059676044330776445
2019-08-08,11800,11815,11800,11800,119,0.0
2019-08-09,11945,11945,11840,11840,10902,0.003389830508474523
2019-08-12,11880,11950,11880,11950,2140,0.00929054054054057
2019-08-13,11900,11980,11875,11980,336,0.002510460251045954
2019-08-14,11895,11930,11895,11930,29,-0.004173622704507496
2019-08-16,11765,11765,11655,11655,48,-0.023051131601005914
2019-08-19,11745,11830,11745,11830,234,0.01501501501501501
2019-08-20,11900,11915,11900,11900,315,0.00591715976331364
2019-08-21,11825,11825,11755,11795,953,-0.008823529411764675
2019-08-22,11880,11900,11875,11900,56,0.008902077151335286
2019-08-23,11770,11875,11770,11840,5225,-0.005042016806722671
2019-08-26,11840,11840,11670,11740,217,-0.008445945945945943
2019-08-27,11835,11835,11750,11750,1705,0.0008517887563883608
2019-08-28,11815,11910,11810,11820,1246,0.005957446808510625
2019-08-29,11820,11910,11820,11830,402,0.0008460236886633776
2019-08-30,11915,11980,11885,11885,1079,0.004649196956889368
2019-09-02,11910,11990,11885,11970,353,0.007151872107698853
2019-09-03,11990,12040,11955,12040,219,0.005847953216374213
2019-09-04,11995,12030,11985,12005,1251,-0.0029069767441860517
2019-09-05,12100,12100,12025,12045,77,0.0033319450229070124
2019-09-06,12040,12040,11940,12025,66,-0.0016604400166043698
2019-09-09,11975,12005,11970,11970,31,-0.0045738045738045185
2019-09-10,11970,11970,11835,11845,2708,-0.010442773600668365
2019-09-11,11865,11925,11855,11890,730,0.003799071338117299
2019-09-16,11800,11850,11735,11835,1720,-0.00462573591253157
2019-09-17,11655,11800,11655,11795,14726,-0.003379805661174462
2019-09-18,11760,11900,11760,11900,403,0.008902077151335286
2019-09-19,11985,11995,11945,11995,82,0.007983193277310896
2019-09-20,11965,12005,11910,11965,253,-0.002501042100875317
2019-09-23,11910,12035,11910,12030,489,0.0054325114918512
2019-09-24,11960,12015,11925,12015,51,-0.0012468827930174342
2019-09-25,12055,12085,12000,12005,1803,-0.0008322929671243928
2019-09-26,12015,12015,12015,12015,506,0.0008329862557268086
2019-09-27,12030,12075,12025,12075,503,0.004993757802746579
2019-09-30,12075,12080,12070,12070,235,-0.00041407867494824835
2019-10-01,12125,12125,12085,12110,389,0.003314001657000798
2019-10-02,12125,12125,12030,12100,658,-0.0008257638315442017
2019-10-04,11950,11950,11885,11900,145,-0.016528925619834656
2019-10-07,11930,11985,11930,11985,632,0.0071428571428571175
2019-10-08,11935,11975,11935,11935,459,-0.004171881518564846
2019-10-10,11970,11990,11940,11985,342,0.004189359028068607
2019-10-11,11850,11960,11850,11955,641,-0.0025031289111389077
2019-10-14,11840,11985,11840,11985,26,0.0025094102885820924
2019-10-15,11895,11950,11895,11940,308,-0.003754693366708417
2019-10-16,11940,12010,11940,12010,65,0.005862646566164198
2019-10-17,11970,11970,11900,11955,101,-0.004579517069109085
2019-10-18,11960,12000,11960,12000,75,0.0037641154328733606
2019-10-21,11965,11965,11855,11855,455,-0.012083333333333335
2019-10-22,11930,11945,11930,11935,739,0.00674820750738081
2019-10-23,11890,11995,11890,11975,1111,0.0033514872224549297
2019-10-24,11865,11990,11865,11990,2135,0.0012526096033402823
2019-10-25,12010,12035,12010,12025,169,0.0029190992493743906
2019-10-28,11915,11940,11855,11940,594,-0.0070686070686070135
2019-10-29,11870,11870,11850,11855,56,-0.0071189279731993516
2019-10-30,11860,11930,11860,11930,147,0.00632644453816944
2019-10-31,11825,11840,11790,11840,201,-0.007544006705783701
2019-11-01,11990,11990,11850,11850,310,0.0008445945945945166
2019-11-04,11975,11995,11885,11985,1589,0.0113924050632912
2019-11-05,11925,11970,11875,11965,1443,-0.0016687526074259385
2019-11-06,11820,11855,11790,11855,269,-0.009193480986209757
2019-11-07,11810,11840,11760,11840,74,-0.001265288907633888
2019-11-08,11695,11740,11695,11740,541,-0.008445945945945943
2019-11-11,11700,11740,11670,11730,115,-0.0008517887563883608
2019-11-12,11730,11760,11730,11755,665,0.002131287297527651
2019-11-13,11755,11850,11755,11850,67,0.0080816673755848
2019-11-14,11850,11880,11785,11785,333,-0.005485232067510504
2019-11-15,11860,11860,11790,11790,41,0.00042426813746287984
2019-11-18,11875,11910,11875,11895,104,0.008905852417302906
2019-11-19,11965,11975,11865,11865,124,-0.0025220680958385477
2019-11-20,11950,11950,11880,11885,232,0.001685630004214067
2019-11-21,11975,12010,11975,12010,500,0.010517458981909922
2019-11-22,11955,12000,11900,12000,4877,-0.0008326394671107629
2019-11-25,11885,11925,11885,11925,164,-0.006249999999999978
2019-11-26,11910,11975,11885,11970,2267,0.0037735849056603765
2019-11-27,11965,12010,11955,12010,65,0.003341687552213868
2019-11-28,11960,11960,11960,11960,40,-0.004163197335553703
2019-11-29,11960,12085,11960,11985,458,0.002090301003344397
2019-12-02,11940,11945,11825,11915,193,-0.005840634125990785
2019-12-03,11905,11905,11865,11870,377,-0.003776751993285754
2019-12-04,11940,12035,11940,12035,468,0.013900589721988155
2019-12-05,11935,12060,11935,12040,3069,0.0004154549231407678
2019-12-06,12045,12045,11950,11965,1074,-0.006229235880398698
2019-12-09,12070,12105,12000,12105,3041,0.01170079398244872
2019-12-10,12105,12105,12100,12100,9,-0.00041305245766209975
2019-12-11,12110,12180,12110,12180,1095,0.006611570247933907
2019-12-12,12160,12225,12115,12115,3003,-0.0053366174055828886
2019-12-13,12065,12070,12005,12005,2621,-0.009079653322327741
2019-12-16,12180,12180,12100,12135,10840,0.010828821324448068
2019-12-17,12225,12235,12140,12145,220,0.0008240626287598918
2019-12-18,12220,12245,12150,12245,4552,0.008233841086866978
2019-12-19,12235,12255,12135,12140,1112,-0.008574928542262161
2019-12-20,12195,12245,12155,12235,238,0.00782537067545297
2019-12-23,12270,12280,12230,12265,1334,0.002451982018798482
2019-12-24,12260,12260,12190,12260,80,-0.00040766408479409044
2019-12-26,12250,12265,12220,12265,5047,0.0004078303425774088
2019-12-27,12290,12290,12175,12290,2523,0.0020383204239706743
2019-12-30,12320,12320,12230,12280,7058,-0.0008136696501220841
2020-01-02,12195,12230,12145,12230,35935,-0.004071661237785018
2020-01-03,12180,12280,12115,12265,29854,0.002861815208503593
2020-01-06,12175,12330,12175,12325,200,0.004891969017529529
2020-01-07,12310,12310,12215,12260,624,-0.005273833671399553
2020-01-08,12370,12370,12145,12145,86,-0.009380097879282179
2020-01-09,12145,12215,12075,12075,121,-0.0057636887608069065
2020-01-10,12145,12270,12145,12250,138,0.01449275362318847
2020-01-13,12230,12260,12175,12255,16269,0.00040816326530612734
2020-01-14,12255,12300,12155,12300,635,0.003671970624234966
2020-01-15,12370,12405,12340,12375,469,0.0060975609756097615
2020-01-16,12375,12450,12365,12375,502,0.0
2020-01-17,12460,12505,12405,12480,780,0.00848484848484854
2020-01-20,12410,12565,12410,12540,1819,0.004807692307692291
2020-01-21,12540,12625,12520,12520,7864,-0.0015948963317384823
2020-01-22,12540,12550,12455,12455,889,-0.005191693290734878
2020-01-23,12500,12615,12500,12505,3388,0.004014452027298221
2020-01-28,12495,12600,12485,12595,1348,0.007197121151539365
2020-01-29,12690,12690,12655,12665,332,0.0055577610162762525
2020-01-30,12665,12785,12665,12675,2760,0.0007895775759967361
2020-01-31,12795,12840,12700,12840,8443,0.013017751479289963
2020-02-03,12800,12845,12725,12815,403,-0.0019470404984424095
2020-02-04,12690,12810,12655,12765,2557,-0.003901677721420249
2020-02-05,12735,12785,12675,12785,2010,0.0015667841754798406
2020-02-06,12810,12855,12770,12770,572,-0.001173249902229223
2020-02-07,12885,12905,12785,12900,6632,0.010180109631949819
2020-02-10,12860,12875,12775,12830,668,-0.005426356589147252
2020-02-11,12780,12820,12745,12755,522,-0.005845674201091167
2020-02-12,12760,12825,12760,12790,2169,0.0027440219521757125
2020-02-13,12755,12845,12740,12825,17986,0.002736512900703758
2020-02-14,12900,12900,12790,12850,16113,0.0019493177387914784
2020-02-17,12850,12905,12845,12905,847,0.004280155642023331
2020-02-18,12920,13000,12910,12910,4153,0.00038744672607515795
2020-02-19,12930,13025,12930,13025,4321,0.008907823392718894
2020-02-20,13030,13145,13030,13035,4378,0.0007677543186179747
2020-02-21,13035,13185,13035,13105,2992,0.00537015726889134
2020-02-24,13105,13205,13105,13205,1066,0.007630675314765467
2020-02-25,12845,12955,12845,12920,7178,-0.021582733812949617
2020-02-26,12695,12695,12565,12675,3219,-0.01896284829721362
2020-02-27,12540,12580,12435,12570,147,-0.008284023668639007
2020-02-28,12180,12195,12050,12070,21579,-0.03977724741447897
2020-03-02,11670,11675,11565,11575,1928,-0.04101077050538526
2020-03-03,11860,11930,11815,11815,1538,0.020734341252699684
2020-03-04,11855,11865,11845,11865,982,0.004231908590774491
2020-03-05,12155,12190,12140,12140,5123,0.02317741255794359
2020-03-06,12040,12080,11960,12080,1101,-0.0049423393739703725
2020-03-09,11545,11690,11545,11620,709,-0.038079470198675525
2020-03-10,10865,11225,10820,11225,2815,-0.033993115318416534
2020-03-11,11145,11145,10390,10520,6228,-0.06280623608017821
2020-03-12,10370,10370,9900,10065,3599,-0.04325095057034223
2020-03-13,9165,9300,8955,9290,561,-0.07699950322901139
2020-03-16,8885,9135,8880,8970,1119,-0.034445640473627526
2020-03-17,8545,9055,8545,9000,1256,0.0033444816053511683
2020-03-18,8615,8855,8490,8490,718,-0.05666666666666664
2020-03-19,8780,8780,8190,8520,1048,0.0035335689045936647
2020-03-20,8425,8460,8270,8460,580,-0.007042253521126751
2020-03-23,8460,8460,8140,8140,604,-0.0378250591016549
2020-03-24,8140,8175,7925,8140,240,0.0
2020-03-25,8605,8605,8495,8565,930,0.05221130221130221
2020-03-26,8870,8900,8745,8870,606,0.03561004086398123
2020-03-27,9450,9450,9115,9300,23736,0.04847801578354005
2020-03-30,9000,9295,8990,9170,560,-0.013978494623655968
2020-03-31,9170,9280,9040,9095,2694,-0.008178844056706658
2020-04-01,8820,9050,8800,8925,565,-0.01869158878504673
2020-04-02,9025,9025,8980,8995,235,0.007843137254901933
2020-04-03,8945,8950,8805,8805,1908,-0.021122846025569797
2020-04-06,8935,9135,8765,8975,838,0.01930721181147077
2020-04-07,9190,9190,9055,9125,3156,0.01671309192200554
2020-04-08,9240,9240,9065,9180,581,0.0060273972602740145
2020-04-09,9400,9400,9300,9395,1579,0.02342047930283231
2020-04-10,9825,9845,9700,9795,1093,0.042575838211814876
2020-04-13,9700,9770,9620,9625,2056,-0.017355793772332873
2020-04-14,9630,9850,9615,9845,2363,0.02285714285714291
2020-04-16,9690,9745,9595,9740,2603,-0.010665312341289979
2020-04-17,9940,9940,9530,9805,3070,0.006673511293634471
2020-04-20,9755,9920,9755,9850,2446,0.004589495155532974
2020-04-21,9695,9925,9695,9800,2086,-0.005076142131979711
2020-04-22,9520,9600,9520,9575,153,-0.022959183673469385
2020-04-23,9705,9730,9690,9710,136,0.014099216710182771
2020-04-24,9690,9690,9610,9625,1217,-0.00875386199794026
2020-04-27,9675,9740,9630,9730,379,0.01090909090909098
2020-04-28,9890,9890,9715,9720,534,-0.0010277492291880241
2020-04-29,9875,10025,9875,10025,758,0.03137860082304522
2020-05-04,9645,9735,9600,9735,1246,-0.028927680798005007
2020-05-06,9790,9865,9760,9855,4707,0.012326656394453073
2020-05-07,9680,9680,9620,9675,633,-0.0182648401826484
2020-05-08,9665,9675,9570,9645,1111,-0.0031007751937984773
2020-05-11,9730,9820,9730,9790,795,0.015033696215655867
2020-05-12,9805,9805,9695,9700,693,-0.009193054136874323
2020-05-13,9700,9700,9610,9685,459,-0.001546391752577314
2020-05-14,9595,9600,9515,9520,370,-0.017036654620547265
2020-05-15,9510,9550,9500,9500,58,-0.0021008403361344463
2020-05-18,9530,9690,9530,9685,379,0.01947368421052631
2020-05-19,9920,9920,9775,9885,200,0.02065049044914824
2020-05-20,9885,9945,9800,9945,468,0.006069802731411222
2020-05-21,10000,10000,9865,9945,3873,0.0
2020-05-22,9870,10000,9835,9930,512,-0.0015082956259426794
2020-05-25,9995,10075,9980,10075,1251,0.01460221550855989
2020-05-26,10185,10185,10115,10115,6565,0.003970223325062028
2020-05-27,10500,10540,10310,10475,1319,0.03559070687098376
2020-05-28,10560,10560,10445,10470,2144,-0.0004773269689737347
2020-05-29,10635,10635,10480,10480,7,0.0009551098376312517
2020-06-01,10535,10560,10480,10550,2619,0.006679389312977069
2020-06-02,10675,10690,10570,10690,403,0.013270142180094702
2020-06-03,10735,10900,10735,10900,1364,0.019644527595884087
2020-06-04,11175,11175,10985,11095,1891,0.017889908256880638
2020-06-05,11060,11060,10935,11015,6047,-0.007210455159981977
2020-06-08,11025,11160,11025,11125,2157,0.009986382206082611
2020-06-09,11125,11215,11120,11210,4503,0.007640449438202301
2020-06-10,11105,11115,10965,11035,2402,-0.015611061552185501
2020-06-11,10655,10795,10655,10745,2619,-0.026280018124150484
2020-06-12,10310,10535,10305,10520,3446,-0.020939972080037172
2020-06-15,10290,10290,10185,10210,1122,-0.02946768060836502
2020-06-16,10590,10600,10410,10560,762,0.03428011753183147
2020-06-17,10705,10705,10590,10650,3235,0.008522727272727293
2020-06-18,10665,10665,10545,10565,248,-0.007981220657277022
2020-06-19,10575,10620,10520,10620,775,0.005205868433506788
2020-06-22,10520,10535,10470,10530,389,-0.008474576271186418
2020-06-23,10550,10550,10365,10395,597,-0.012820512820512775
2020-06-24,10480,10480,10375,10440,734,0.0043290043290042934
2020-06-25,10220,10250,10135,10135,1305,-0.02921455938697315
2020-06-26,10220,10220,10045,10115,1635,-0.0019733596447952806
2020-06-29,9910,10000,9910,10000,219,-0.011369253583786487
2020-06-30,10000,10050,10000,10035,1758,0.0035000000000000586
2020-07-01,10125,10180,10125,10180,693,0.014449427005480908
2020-07-02,10180,10300,10180,10300,25,0.011787819253438192
2020-07-03,10300,10370,10300,10300,717,0.0
2020-07-06,10330,10450,10330,10450,906,0.014563106796116498
2020-07-07,10370,10370,10275,10340,15733,-0.010526315789473717
2020-07-08,10220,10300,10175,10245,1523,-0.00918762088974856
2020-07-09,10215,10215,10170,10170,471,-0.007320644216691097
2020-07-10,10045,10105,10045,10045,865,-0.012291052114061007
2020-07-13,10260,10260,10110,10240,3743,0.019412643106022864
2020-07-14,10255,10255,10120,10160,892,-0.0078125
2020-07-15,10325,10325,10165,10165,6684,0.0004921259842520787
2020-07-16,10315,10395,10310,10320,8025,0.0152484013772749
2020-07-17,10530,10530,10370,10460,606,0.013565891472868241
2020-07-20,10565,10565,10460,10460,226,0.0
2020-07-21,10450,10450,10335,10450,605,-0.0009560229445506607
2020-07-22,10600,10600,10485,10540,708,0.008612440191387627
2020-07-23,10630,10630,10570,10570,245,0.002846299810246755
2020-07-24,10460,10560,10460,10555,610,-0.001419110690633829
2020-07-27,10385,10470,10380,10460,93,-0.009000473709142587
2020-07-28,10475,10475,10320,10360,3204,-0.009560229445506718
2020-07-29,10475,10475,10385,10465,191,0.010135135135135087
2020-07-30,10410,10500,10410,10500,875,0.0033444816053511683
2020-07-31,10405,10500,10405,10465,60,-0.0033333333333332993
2020-08-03,10305,10440,10305,10405,313,-0.005733397037744892
2020-08-04,10465,10465,10360,10410,433,0.00048053820278703974
2020-08-05,10420,10575,10420,10570,790,0.015369836695485084
2020-08-06,10600,10600,10425,10490,666,-0.007568590350047311
2020-08-07,10490,10510,10415,10510,677,0.0019065776930409228
2020-08-10,10545,10545,10500,10520,276,0.0009514747859182826
2020-08-11,10685,10685,10590,10660,7594,0.013307984790874583
2020-08-12,10750,10750,10640,10695,594,0.0032833020637899057
2020-08-13,10695,10695,10660,10670,252,-0.002337540906965918
2020-08-14,10750,10750,10670,10705,438,0.0032802249297094743
2020-08-18,10660,10660,10515,10605,836,-0.009341429238673538
2020-08-19,10625,10625,10485,10580,366,-0.0023573785950024018
2020-08-20,10555,10555,10445,10545,3122,-0.0033081285444234165
2020-08-21,10420,10495,10395,10490,500,-0.005215742057847361
2020-08-24,10490,10560,10455,10560,972,0.006673021925643452
2020-08-25,10560,10655,10560,10655,238,0.008996212121212155
2020-08-26,10640,10640,10495,10495,794,-0.015016424213984081
2020-08-27,10495,10495,10420,10435,490,-0.005717008099094811
2020-08-28,10435,10435,10410,10410,488,-0.002395783421178743
2020-08-31,10465,10620,10465,10615,14698,0.019692603266090236
2020-09-01,10585,10585,10430,10505,382,-0.010362694300518172
2020-09-02,10400,10520,10400,10520,2643,0.0014278914802474674
2020-09-03,10600,10675,10570,10660,436,0.013307984790874583
2020-09-04,10430,10615,10430,10590,4847,-0.0065666041275797005
2020-09-07,10520,10520,10355,10400,316,-0.017941454202077378
2020-09-08,10390,10535,10390,10535,37603,0.012980769230769296
2020-09-09,10530,10530,10395,10490,958,-0.0042714760322734024
2020-09-10,10410,10500,10405,10500,52,0.0009532888465204614
2020-09-11,10365,10490,10365,10485,859,-0.0014285714285714457
2020-09-14,10490,10490,10325,10465,2081,-0.0019074868860277094
2020-09-15,10490,10490,10360,10370,156,-0.00907787864309606
2020-09-16,10460,10460,10400,10440,564,0.0067502410800386325
2020-09-17,10415,10415,10245,10285,659,-0.014846743295019116
2020-09-18,10400,10400,10165,10285,847,0.0
2020-09-21,10205,10205,10040,10050,852,-0.02284880894506558
2020-09-22,10000,10000,9830,9865,821,-0.018407960199004925
2020-09-23,9865,9865,9840,9840,535,-0.0025342118601114905
2020-09-24,9960,9960,9850,9850,64,0.00101626016260159
2020-09-25,9850,9970,9850,9965,333,0.011675126903553323
2020-09-28,9965,10070,9930,10070,528,0.01053687907676859
2020-09-29,10010,10100,9990,10085,561,0.001489572989076482
2020-10-05,10155,10155,10120,10130,54,0.004462072384729732
2020-10-06,10195,10205,10090,10185,412,0.005429417571569672
2020-10-07,10195,10250,10195,10250,8,0.006381934216985741
2020-10-08,10240,10255,10225,10225,83,-0.0024390243902439046
2020-10-12,10225,10345,10225,10345,35,0.01173594132029332
2020-10-13,10380,10380,10335,10355,367,0.0009666505558241223
2020-10-14,10195,10275,10195,10275,168,-0.007725736359246782
2020-10-15,10275,10275,10175,10250,110,-0.0024330900243308973
2020-10-16,10200,10200,10105,10195,65,-0.00536585365853659
2020-10-19,10110,10185,10060,10185,326,-0.0009808729769494873
2020-10-20,10185,10225,10125,10225,577,0.003927344133529687
2020-10-21,10225,10280,10215,10215,453,-0.0009779951100244988
2020-10-22,10110,10110,10015,10050,62,-0.016152716593245242
2020-10-23,10140,10260,10140,10225,65,0.017412935323383172
2020-10-26,10190,10190,10110,10130,146,-0.009290953545232239
2020-10-27,10060,10120,10030,10105,141,-0.0024679170779862147
2020-10-28,9965,9965,9870,9930,99,-0.01731815932706582
2020-10-29,9800,9855,9710,9835,1137,-0.009566968781470342
2020-10-30,9615,9615,9370,9370,454,-0.04728012201321807
2020-11-02,9605,9670,9605,9665,483,0.031483457844183604
2020-11-03,9720,9820,9720,9820,391,0.016037247801345078
2020-11-04,10030,10205,9995,10015,311,0.01985743380855398
2020-11-05,9880,10075,9880,10075,3045,0.0059910134797802606
2020-11-06,10075,10095,10005,10010,483,-0.006451612903225823
2020-11-09,10035,10140,10020,10110,1765,0.009990009990010096
2020-11-10,10500,10500,10375,10405,2042,0.029179030662710215
2020-11-11,10645,10750,10645,10730,2452,0.031234983181162912
2020-11-12,10665,10730,10610,10720,810,-0.0009319664492077884
2020-11-13,10500,10605,10480,10605,175,-0.010727611940298476
2020-11-16,10660,10690,10600,10685,932,0.007543611504007508
2020-11-17,10695,10720,10575,10575,3445,-0.010294805802526952
2020-11-18,10605,10710,10605,10680,977,0.0099290780141843
2020-11-19,10680,10690,10640,10690,144,0.000936329588014928
2020-11-20,10620,10685,10520,10685,3556,-0.000467726847521055
2020-11-23,10695,10695,10685,10685,1802,0.0
2020-11-24,10685,10685,10675,10675,61,-0.0009358914365933391
2020-11-25,10815,10850,10760,10770,3096,0.008899297423887509
2020-11-26,10795,10815,10710,10810,2853,0.003714020427112441
2020-11-27,10810,10810,10710,10800,393,-0.0009250693802035359
2020-11-30,10780,10780,10620,10690,2314,-0.010185185185185186
2020-12-01,10585,10615,10495,10600,3387,-0.008419083255378879
2020-12-02,10620,10685,10620,10670,355,0.006603773584905603
2020-12-03,10670,10715,10670,10700,22415,0.00281162136832247
2020-12-04,10745,10745,10590,10590,758,-0.010280373831775713
2020-12-07,10595,10610,10495,10605,1379,0.0014164305949009304
2020-12-08,10585,10600,10490,10600,217,-0.00047147571900052476
2020-12-09,10570,10570,10480,10485,660,-0.010849056603773555
2020-12-10,10480,10595,10480,10595,2136,0.010491177873152013
2020-12-11,10595,10650,10565,10650,306,0.0051911278905143465
2020-12-14,10560,10600,10535,10600,730,-0.0046948356807511304
2020-12-15,10585,10585,10455,10540,312,-0.005660377358490565
2020-12-16,10615,10700,10615,10700,283,0.015180265654648917
2020-12-17,10700,10700,10640,10640,145,-0.005607476635513975
2020-12-18,10680,10885,10680,10870,1672,0.021616541353383534
2020-12-21,10840,10840,10650,10770,5137,-0.009199632014719406
2020-12-22,10550,10655,10550,10620,24205,-0.013927576601671321
2020-12-23,10560,10670,10560,10640,16856,0.0018832391713747842
2020-12-24,10780,10780,10595,10655,7576,0.0014097744360901387
2020-12-28,10700,10710,10630,10685,7636,0.002815579540121904
2020-12-29,10635,10720,10565,10685,6401,0.0
2020-12-30,10630,10690,10630,10690,1856,0.00046794571829678056
2021-01-04,10775,10775,10535,10645,6395,-0.004209541627689384
2021-01-05,10645,10645,10530,10645,5695,0.0
2021-01-06,10690,10690,10555,10675,13899,0.0028182245185532917
2021-01-07,10745,10865,10745,10860,4620,0.0173302107728337
2021-01-08,10870,10915,10815,10895,4766,0.0032228360957642366
2021-01-11,10900,11040,10900,11030,7851,0.012391005048187242
2021-01-12,10810,10925,10800,10925,4184,-0.00951949229374438
2021-01-13,10810,10875,10785,10875,3022,-0.004576659038901587
2021-01-14,10875,11005,10875,10975,5946,0.009195402298850519
2021-01-15,10975,11035,10970,11030,2978,0.005011389521640153
2021-01-18,10965,11010,10900,11005,2763,-0.002266545784224805
2021-01-19,11005,11005,10895,10925,2348,-0.007269422989550245
2021-01-20,10870,10870,10805,10860,1785,-0.00594965675057213
2021-01-21,10915,11005,10915,10985,4745,0.011510128913443829
2021-01-22,10895,10960,10825,10915,11158,-0.006372325898953091
2021-01-25,10920,10920,10770,10850,4746,-0.005955107650022939
2021-01-26,10760,10845,10610,10825,6191,-0.0023041474654378336
2021-01-27,10825,10845,10735,10845,4084,0.0018475750577366945
2021-01-28,10540,10740,10480,10735,1873,-0.01014292300599351
2021-01-29,10700,10830,10700,10830,2649,0.008849557522123908
2021-02-01,10720,10765,10660,10760,8275,-0.006463527239150557
2021-02-02,10760,10880,10755,10820,2057,0.005576208178438735
2021-02-03,10880,10965,10830,10960,4573,0.012939001848428777
2021-02-04,10965,11055,10900,11055,1840,0.008667883211678884
2021-02-05,11045,11095,10945,11005,2931,-0.0045228403437358455
2021-02-08,11045,11145,11045,11100,4429,0.008632439800090763
2021-02-09,11050,11145,11050,11145,2098,0.004054054054054124
2021-02-10,11045,11045,10960,10980,2067,-0.014804845222072704
2021-02-15,10930,10930,10800,10865,3801,-0.010473588342440832
2021-02-16,10875,10880,10770,10850,3586,-0.0013805798435342354
2021-02-17,10825,10980,10825,10965,3304,0.010599078341013923
2021-02-18,10885,10900,10820,10900,2275,-0.005927952576379347
2021-02-19,10805,10805,10730,10790,3441,-0.010091743119266083
2021-02-22,10785,10815,10735,10805,3032,0.0013901760889711845
2021-02-23,10805,10900,10800,10870,1958,0.006015733456733008
2021-02-24,10895,11065,10895,11065,2497,0.017939282428702796
2021-02-25,11020,11035,10905,11035,3920,-0.002711251694532346
2021-02-26,10945,11125,10945,11115,4023,0.0072496601721794285
2021-03-02,10995,11065,10940,11045,6821,-0.00629779577147993
2021-03-03,11045,11045,10920,10975,3305,-0.006337709370755951
2021-03-04,10950,10985,10900,10900,2698,-0.006833712984054663
2021-03-05,10920,11035,10860,10990,5629,0.008256880733944927
2021-03-08,10985,11000,10880,10910,5025,-0.007279344858962644
2021-03-09,11150,11185,11100,11115,5556,0.018790100824931155
2021-03-10,11200,11280,11110,11280,6271,0.014844804318488558
2021-03-11,11305,11365,11260,11345,8476,0.005762411347517649
2021-03-12,11350,11380,11300,11370,3275,0.002203613926839987
2021-03-15,11385,11510,11385,11510,6877,0.012313104661389573
2021-03-16,11530,11545,11475,11505,9679,-0.0004344048653345256
2021-03-17,11445,11520,11415,11495,22624,-0.0008691873098652936
2021-03-18,11340,11360,11250,11355,9197,-0.012179208351457138
2021-03-19,11240,11355,11240,11345,2025,-0.0008806693086745865
2021-03-22,11145,11330,11145,11275,68021,-0.006170118995152074
2021-03-23,11275,11275,11185,11275,8315,0.0
2021-03-24,11295,11295,11140,11270,12098,-0.00044345898004438666
2021-03-25,11315,11315,11145,11145,5459,-0.011091393078970668
2021-03-26,11330,11330,11230,11245,5657,0.008972633467922764
2021-03-29,11290,11355,11275,11325,9017,0.007114273010226713
2021-03-30,11420,11420,11285,11410,5413,0.007505518763796903
2021-03-31,11350,11350,11255,11315,13184,-0.008326029798422452
2021-04-01,11315,11435,11315,11370,8529,0.004860804242156513
2021-04-02,11405,11435,11400,11435,17848,0.005716798592787953
2021-04-05,11485,11485,11435,11440,14761,0.00043725404459982187
2021-04-06,11465,11465,11350,11365,23037,-0.006555944055944063
2021-04-07,11450,11450,11380,11415,4611,0.00439947206335245
2021-04-08,11515,11515,11415,11495,3117,0.007008322382829668
2021-04-09,11490,11530,11410,11525,16358,0.002609830361026466
2021-04-12,11475,11550,11405,11485,36176,-0.003470715835141025
2021-04-13,11485,11505,11445,11490,8305,0.0004353504571179556
2021-04-14,11490,11515,11425,11465,3606,-0.0021758050478677404
2021-04-15,11425,11565,11425,11555,4397,0.007849978194504947
2021-04-16,11580,11590,11500,11540,30482,-0.0012981393336217728
2021-04-19,11595,11615,11485,11590,4543,0.004332755632582286
2021-04-20,11640,11645,11570,11600,7667,0.0008628127696290733
2021-04-21,11600,11600,11505,11520,3510,-0.006896551724137945
2021-04-22,11570,11570,11460,11555,8099,0.0030381944444444198
2021-04-23,11625,11625,11530,11590,4897,0.0030289917784509512
2021-04-26,11555,11555,11510,11520,4746,-0.006039689387402958
2021-04-27,11565,11575,11490,11555,11329,0.0030381944444444198
2021-04-28,11545,11545,11435,11500,17201,-0.004759844223280019
2021-04-29,11500,11550,11450,11545,4665,0.003913043478260825
2021-04-30,11540,11545,11450,11535,3139,-0.0008661758336941938
2021-05-03,11710,11710,11575,11675,7853,0.012136974425660974
2021-05-04,11770,11770,11660,11755,11942,0.006852248394004334
2021-05-06,11795,11795,11720,11790,7408,0.002977456401531242
2021-05-07,11795,11825,11715,11795,18153,0.00042408821034767286
2021-05-10,11795,11840,11730,11815,7593,0.0016956337431115465
2021-05-11,11835,11835,11785,11830,6463,0.0012695725772322586
2021-05-12,11830,11830,11705,11820,13403,-0.0008453085376162184
2021-05-13,11775,11775,11675,11675,14642,-0.012267343485617643
2021-05-14,11675,11750,11675,11680,7242,0.0004282655246252709
2021-05-17,11840,11900,11785,11840,54383,0.013698630136986356
2021-05-18,11910,11975,11850,11925,25640,0.007179054054053946
2021-05-20,11745,11790,11635,11785,10825,-0.011740041928721134
2021-05-21,11900,11900,11790,11870,4124,0.007212558336868957
2021-05-24,11895,11895,11770,11890,4826,0.0016849199663016012
2021-05-25,11885,11885,11775,11865,14747,-0.002102607232968845
2021-05-26,11805,11805,11655,11655,4679,-0.017699115044247815
2021-05-27,11715,11715,11620,11685,7775,0.002574002574002643
2021-05-28,11710,11710,11620,11635,3333,-0.004278990158322671
2021-05-31,11720,11720,11600,11620,5645,-0.0012892135797163418
2021-06-01,11620,11620,11525,11590,5646,-0.002581755593803803
2021-06-02,11675,11715,11605,11715,39011,0.010785159620362306
2021-06-03,11760,11765,11705,11765,8020,0.004268032437046543
2021-06-04,11765,11765,11665,11720,3489,-0.003824904377390581
2021-06-07,11635,11725,11635,11720,8710,0.0
2021-06-08,11840,11855,11750,11855,4615,0.011518771331058053
2021-06-09,11870,11870,11785,11805,3050,-0.004217629692113034
2021-06-10,11870,11915,11840,11915,13274,0.009318085556967448
2021-06-11,11915,11915,11810,11820,9898,-0.007973143096936641
2021-06-14,11965,11965,11870,11920,4696,0.008460236886632888
2021-06-15,12010,12010,11920,11975,19492,0.004614093959731447
2021-06-16,12035,12035,11910,11915,6296,-0.005010438413361129
2021-06-17,11950,12095,11950,12075,19346,0.013428451531682706
2021-06-18,12085,12085,11975,12010,12580,-0.0053830227743271175
2021-06-21,11860,11860,11725,11780,16891,-0.01915070774354699
2021-06-22,11825,11925,11825,11920,11045,0.011884550084889645
2021-06-23,11880,11920,11785,11920,5531,0.0
2021-06-24,11875,11875,11765,11835,19662,-0.007130872483221529
2021-06-25,11855,11855,11775,11780,5080,-0.004647232784114941
2021-06-28,11780,11890,11780,11885,10069,0.008913412563667178
2021-06-29,11775,11775,11700,11725,19353,-0.013462347496844718
2021-06-30,11725,11725,11565,11595,11797,-0.011087420042643958
2021-07-01,11595,11655,11540,11645,11845,0.004312203536006809
2021-07-02,11645,11710,11605,11685,12344,0.003434950622584809
2021-07-05,11745,11745,11650,11700,3401,0.0012836970474967568
2021-07-06,11680,11745,11680,11720,2330,0.0017094017094017033
2021-07-07,11800,12020,11800,11995,14122,0.023464163822525697
2021-07-08,12005,12005,11880,11965,5563,-0.002501042100875317
2021-07-09,11940,11940,11860,11860,6590,-0.008775595486836596
2021-07-12,12035,12035,11905,11980,5016,0.010118043844856706
2021-07-13,11980,12025,11955,11995,8113,0.0012520868113523598
2021-07-14,11995,11995,11895,11940,13434,-0.004585243851604859
2021-07-15,11940,11940,11825,11845,3790,-0.007956448911222824
2021-07-16,11855,11855,11725,11790,4985,-0.004643309413254526
2021-07-19,11790,11885,11750,11885,4712,0.008057675996607339
2021-07-20,11725,11725,11665,11715,3038,-0.014303744215397596
2021-07-21,11715,11715,11600,11715,4211,0.0
2021-07-22,11745,11750,11660,11680,7150,-0.0029876227059325577
2021-07-23,11815,11825,11730,11825,2677,0.012414383561643927
2021-07-26,11885,11885,11785,11840,4364,0.0012684989429174731
2021-07-27,11965,11965,11840,11890,3801,0.004222972972973027
2021-07-28,11950,11980,11880,11970,4545,0.006728343145500526
2021-07-29,11970,11970,11785,11865,2870,-0.00877192982456143
2021-07-30,11915,11920,11800,11915,12199,0.004214075010535279
2021-08-02,11915,11985,11845,11960,29625,0.003776751993285865
2021-08-03,11995,11995,11865,11865,16427,-0.007943143812708997
